nohup: ignoring input
/root/miniconda3/lib/python3.10/site-packages/wandb/apis/public.py:3111: UserWarning: pkg_resources is deprecated as an API. See https://setuptools.pypa.io/en/latest/pkg_resources.html. The pkg_resources package is slated for removal as early as 2025-11-30. Refrain from using this package or pin to Setuptools<81.
  from pkg_resources import parse_version

libgomp: Invalid value for environment variable OMP_NUM_THREADS
u are choosing to use ua_rep_mappo, we set use_recurrent_policy to be True
choose to use gpu...
obs_space:  [Box(18,), Box(18,), Box(18,)]
share_obs_space:  [Box(54,), Box(54,), Box(54,)]
act_space:  [Discrete(5), Discrete(5), Discrete(5)]

 Scenario simple_spread Algo ua_rep_mappo Exp b2_ua_rep_mappo updates 0/6250 episodes, total num timesteps 3200/20000000, FPS 2712.

average episode rewards is -224.03669357299805

 Scenario simple_spread Algo ua_rep_mappo Exp b2_ua_rep_mappo updates 5/6250 episodes, total num timesteps 19200/20000000, FPS 3534.

average episode rewards is -187.7971649169922

 Scenario simple_spread Algo ua_rep_mappo Exp b2_ua_rep_mappo updates 10/6250 episodes, total num timesteps 35200/20000000, FPS 3543.

average episode rewards is -186.13433837890625

 Scenario simple_spread Algo ua_rep_mappo Exp b2_ua_rep_mappo updates 15/6250 episodes, total num timesteps 51200/20000000, FPS 3550.

average episode rewards is -178.82295846939087

 Scenario simple_spread Algo ua_rep_mappo Exp b2_ua_rep_mappo updates 20/6250 episodes, total num timesteps 67200/20000000, FPS 3526.

average episode rewards is -181.57806396484375

 Scenario simple_spread Algo ua_rep_mappo Exp b2_ua_rep_mappo updates 25/6250 episodes, total num timesteps 83200/20000000, FPS 3547.

average episode rewards is -178.55273485183716

 Scenario simple_spread Algo ua_rep_mappo Exp b2_ua_rep_mappo updates 30/6250 episodes, total num timesteps 99200/20000000, FPS 3527.

average episode rewards is -176.24632120132446

 Scenario simple_spread Algo ua_rep_mappo Exp b2_ua_rep_mappo updates 35/6250 episodes, total num timesteps 115200/20000000, FPS 3502.

average episode rewards is -175.05338191986084

 Scenario simple_spread Algo ua_rep_mappo Exp b2_ua_rep_mappo updates 40/6250 episodes, total num timesteps 131200/20000000, FPS 3523.

average episode rewards is -171.30277156829834

 Scenario simple_spread Algo ua_rep_mappo Exp b2_ua_rep_mappo updates 45/6250 episodes, total num timesteps 147200/20000000, FPS 3521.

average episode rewards is -170.50039768218994

 Scenario simple_spread Algo ua_rep_mappo Exp b2_ua_rep_mappo updates 50/6250 episodes, total num timesteps 163200/20000000, FPS 3521.

average episode rewards is -163.48485946655273

 Scenario simple_spread Algo ua_rep_mappo Exp b2_ua_rep_mappo updates 55/6250 episodes, total num timesteps 179200/20000000, FPS 3526.

average episode rewards is -163.67626190185547

 Scenario simple_spread Algo ua_rep_mappo Exp b2_ua_rep_mappo updates 60/6250 episodes, total num timesteps 195200/20000000, FPS 3526.

average episode rewards is -161.949622631073

 Scenario simple_spread Algo ua_rep_mappo Exp b2_ua_rep_mappo updates 65/6250 episodes, total num timesteps 211200/20000000, FPS 3520.

average episode rewards is -161.4865779876709

 Scenario simple_spread Algo ua_rep_mappo Exp b2_ua_rep_mappo updates 70/6250 episodes, total num timesteps 227200/20000000, FPS 3520.

average episode rewards is -159.77081060409546

 Scenario simple_spread Algo ua_rep_mappo Exp b2_ua_rep_mappo updates 75/6250 episodes, total num timesteps 243200/20000000, FPS 3536.

average episode rewards is -156.03383779525757

 Scenario simple_spread Algo ua_rep_mappo Exp b2_ua_rep_mappo updates 80/6250 episodes, total num timesteps 259200/20000000, FPS 3530.

average episode rewards is -157.24090337753296

 Scenario simple_spread Algo ua_rep_mappo Exp b2_ua_rep_mappo updates 85/6250 episodes, total num timesteps 275200/20000000, FPS 3539.

average episode rewards is -155.1328182220459

 Scenario simple_spread Algo ua_rep_mappo Exp b2_ua_rep_mappo updates 90/6250 episodes, total num timesteps 291200/20000000, FPS 3537.

average episode rewards is -155.56186437606812

 Scenario simple_spread Algo ua_rep_mappo Exp b2_ua_rep_mappo updates 95/6250 episodes, total num timesteps 307200/20000000, FPS 3528.

average episode rewards is -154.57674264907837

 Scenario simple_spread Algo ua_rep_mappo Exp b2_ua_rep_mappo updates 100/6250 episodes, total num timesteps 323200/20000000, FPS 3522.

average episode rewards is -150.60819387435913

 Scenario simple_spread Algo ua_rep_mappo Exp b2_ua_rep_mappo updates 105/6250 episodes, total num timesteps 339200/20000000, FPS 3522.

average episode rewards is -150.3225564956665

 Scenario simple_spread Algo ua_rep_mappo Exp b2_ua_rep_mappo updates 110/6250 episodes, total num timesteps 355200/20000000, FPS 3529.

average episode rewards is -150.3842830657959

 Scenario simple_spread Algo ua_rep_mappo Exp b2_ua_rep_mappo updates 115/6250 episodes, total num timesteps 371200/20000000, FPS 3529.

average episode rewards is -151.7858386039734

 Scenario simple_spread Algo ua_rep_mappo Exp b2_ua_rep_mappo updates 120/6250 episodes, total num timesteps 387200/20000000, FPS 3532.

average episode rewards is -152.74595022201538

 Scenario simple_spread Algo ua_rep_mappo Exp b2_ua_rep_mappo updates 125/6250 episodes, total num timesteps 403200/20000000, FPS 3536.

average episode rewards is -150.32331943511963

 Scenario simple_spread Algo ua_rep_mappo Exp b2_ua_rep_mappo updates 130/6250 episodes, total num timesteps 419200/20000000, FPS 3534.

average episode rewards is -147.63964414596558

 Scenario simple_spread Algo ua_rep_mappo Exp b2_ua_rep_mappo updates 135/6250 episodes, total num timesteps 435200/20000000, FPS 3535.

average episode rewards is -148.0608344078064

 Scenario simple_spread Algo ua_rep_mappo Exp b2_ua_rep_mappo updates 140/6250 episodes, total num timesteps 451200/20000000, FPS 3535.

average episode rewards is -146.96658849716187

 Scenario simple_spread Algo ua_rep_mappo Exp b2_ua_rep_mappo updates 145/6250 episodes, total num timesteps 467200/20000000, FPS 3534.

average episode rewards is -147.8912115097046

 Scenario simple_spread Algo ua_rep_mappo Exp b2_ua_rep_mappo updates 150/6250 episodes, total num timesteps 483200/20000000, FPS 3537.

average episode rewards is -147.56938219070435

 Scenario simple_spread Algo ua_rep_mappo Exp b2_ua_rep_mappo updates 155/6250 episodes, total num timesteps 499200/20000000, FPS 3537.

average episode rewards is -148.31355810165405

 Scenario simple_spread Algo ua_rep_mappo Exp b2_ua_rep_mappo updates 160/6250 episodes, total num timesteps 515200/20000000, FPS 3540.

average episode rewards is -146.31733894348145

 Scenario simple_spread Algo ua_rep_mappo Exp b2_ua_rep_mappo updates 165/6250 episodes, total num timesteps 531200/20000000, FPS 3543.

average episode rewards is -149.09878969192505

 Scenario simple_spread Algo ua_rep_mappo Exp b2_ua_rep_mappo updates 170/6250 episodes, total num timesteps 547200/20000000, FPS 3541.

average episode rewards is -144.35241222381592

 Scenario simple_spread Algo ua_rep_mappo Exp b2_ua_rep_mappo updates 175/6250 episodes, total num timesteps 563200/20000000, FPS 3538.

average episode rewards is -144.73876953125

 Scenario simple_spread Algo ua_rep_mappo Exp b2_ua_rep_mappo updates 180/6250 episodes, total num timesteps 579200/20000000, FPS 3534.

average episode rewards is -143.20203065872192

 Scenario simple_spread Algo ua_rep_mappo Exp b2_ua_rep_mappo updates 185/6250 episodes, total num timesteps 595200/20000000, FPS 3534.

average episode rewards is -146.01811170578003

 Scenario simple_spread Algo ua_rep_mappo Exp b2_ua_rep_mappo updates 190/6250 episodes, total num timesteps 611200/20000000, FPS 3537.

average episode rewards is -145.39077281951904

 Scenario simple_spread Algo ua_rep_mappo Exp b2_ua_rep_mappo updates 195/6250 episodes, total num timesteps 627200/20000000, FPS 3542.

average episode rewards is -142.291259765625

 Scenario simple_spread Algo ua_rep_mappo Exp b2_ua_rep_mappo updates 200/6250 episodes, total num timesteps 643200/20000000, FPS 3542.

average episode rewards is -143.35646629333496

 Scenario simple_spread Algo ua_rep_mappo Exp b2_ua_rep_mappo updates 205/6250 episodes, total num timesteps 659200/20000000, FPS 3537.

average episode rewards is -144.85504627227783

 Scenario simple_spread Algo ua_rep_mappo Exp b2_ua_rep_mappo updates 210/6250 episodes, total num timesteps 675200/20000000, FPS 3538.

average episode rewards is -142.31494665145874

 Scenario simple_spread Algo ua_rep_mappo Exp b2_ua_rep_mappo updates 215/6250 episodes, total num timesteps 691200/20000000, FPS 3536.

average episode rewards is -140.30497074127197

 Scenario simple_spread Algo ua_rep_mappo Exp b2_ua_rep_mappo updates 220/6250 episodes, total num timesteps 707200/20000000, FPS 3531.

average episode rewards is -145.05553245544434

 Scenario simple_spread Algo ua_rep_mappo Exp b2_ua_rep_mappo updates 225/6250 episodes, total num timesteps 723200/20000000, FPS 3530.

average episode rewards is -142.1873927116394

 Scenario simple_spread Algo ua_rep_mappo Exp b2_ua_rep_mappo updates 230/6250 episodes, total num timesteps 739200/20000000, FPS 3529.

average episode rewards is -143.4849977493286

 Scenario simple_spread Algo ua_rep_mappo Exp b2_ua_rep_mappo updates 235/6250 episodes, total num timesteps 755200/20000000, FPS 3530.

average episode rewards is -142.62887239456177

 Scenario simple_spread Algo ua_rep_mappo Exp b2_ua_rep_mappo updates 240/6250 episodes, total num timesteps 771200/20000000, FPS 3534.

average episode rewards is -142.22640991210938

 Scenario simple_spread Algo ua_rep_mappo Exp b2_ua_rep_mappo updates 245/6250 episodes, total num timesteps 787200/20000000, FPS 3536.

average episode rewards is -143.27750205993652

 Scenario simple_spread Algo ua_rep_mappo Exp b2_ua_rep_mappo updates 250/6250 episodes, total num timesteps 803200/20000000, FPS 3536.

average episode rewards is -139.36597108840942

 Scenario simple_spread Algo ua_rep_mappo Exp b2_ua_rep_mappo updates 255/6250 episodes, total num timesteps 819200/20000000, FPS 3536.

average episode rewards is -144.0138816833496

 Scenario simple_spread Algo ua_rep_mappo Exp b2_ua_rep_mappo updates 260/6250 episodes, total num timesteps 835200/20000000, FPS 3538.

average episode rewards is -142.45047569274902

 Scenario simple_spread Algo ua_rep_mappo Exp b2_ua_rep_mappo updates 265/6250 episodes, total num timesteps 851200/20000000, FPS 3538.

average episode rewards is -139.70929384231567

 Scenario simple_spread Algo ua_rep_mappo Exp b2_ua_rep_mappo updates 270/6250 episodes, total num timesteps 867200/20000000, FPS 3536.

average episode rewards is -140.32293558120728

 Scenario simple_spread Algo ua_rep_mappo Exp b2_ua_rep_mappo updates 275/6250 episodes, total num timesteps 883200/20000000, FPS 3534.

average episode rewards is -139.55206871032715

 Scenario simple_spread Algo ua_rep_mappo Exp b2_ua_rep_mappo updates 280/6250 episodes, total num timesteps 899200/20000000, FPS 3536.

average episode rewards is -138.86946439743042

 Scenario simple_spread Algo ua_rep_mappo Exp b2_ua_rep_mappo updates 285/6250 episodes, total num timesteps 915200/20000000, FPS 3533.

average episode rewards is -137.61171102523804

 Scenario simple_spread Algo ua_rep_mappo Exp b2_ua_rep_mappo updates 290/6250 episodes, total num timesteps 931200/20000000, FPS 3533.

average episode rewards is -140.90925455093384

 Scenario simple_spread Algo ua_rep_mappo Exp b2_ua_rep_mappo updates 295/6250 episodes, total num timesteps 947200/20000000, FPS 3532.

average episode rewards is -137.71649599075317

 Scenario simple_spread Algo ua_rep_mappo Exp b2_ua_rep_mappo updates 300/6250 episodes, total num timesteps 963200/20000000, FPS 3532.

average episode rewards is -139.67703580856323

 Scenario simple_spread Algo ua_rep_mappo Exp b2_ua_rep_mappo updates 305/6250 episodes, total num timesteps 979200/20000000, FPS 3530.

average episode rewards is -139.17362689971924

 Scenario simple_spread Algo ua_rep_mappo Exp b2_ua_rep_mappo updates 310/6250 episodes, total num timesteps 995200/20000000, FPS 3530.

average episode rewards is -134.52526330947876

 Scenario simple_spread Algo ua_rep_mappo Exp b2_ua_rep_mappo updates 315/6250 episodes, total num timesteps 1011200/20000000, FPS 3527.

average episode rewards is -138.3471965789795

 Scenario simple_spread Algo ua_rep_mappo Exp b2_ua_rep_mappo updates 320/6250 episodes, total num timesteps 1027200/20000000, FPS 3526.

average episode rewards is -137.86077499389648

 Scenario simple_spread Algo ua_rep_mappo Exp b2_ua_rep_mappo updates 325/6250 episodes, total num timesteps 1043200/20000000, FPS 3524.

average episode rewards is -138.9212965965271

 Scenario simple_spread Algo ua_rep_mappo Exp b2_ua_rep_mappo updates 330/6250 episodes, total num timesteps 1059200/20000000, FPS 3524.

average episode rewards is -134.42754745483398

 Scenario simple_spread Algo ua_rep_mappo Exp b2_ua_rep_mappo updates 335/6250 episodes, total num timesteps 1075200/20000000, FPS 3522.

average episode rewards is -136.71780824661255

 Scenario simple_spread Algo ua_rep_mappo Exp b2_ua_rep_mappo updates 340/6250 episodes, total num timesteps 1091200/20000000, FPS 3521.

average episode rewards is -136.01287603378296

 Scenario simple_spread Algo ua_rep_mappo Exp b2_ua_rep_mappo updates 345/6250 episodes, total num timesteps 1107200/20000000, FPS 3520.

average episode rewards is -134.8230481147766

 Scenario simple_spread Algo ua_rep_mappo Exp b2_ua_rep_mappo updates 350/6250 episodes, total num timesteps 1123200/20000000, FPS 3518.

average episode rewards is -135.6084704399109

 Scenario simple_spread Algo ua_rep_mappo Exp b2_ua_rep_mappo updates 355/6250 episodes, total num timesteps 1139200/20000000, FPS 3517.

average episode rewards is -135.65224409103394

 Scenario simple_spread Algo ua_rep_mappo Exp b2_ua_rep_mappo updates 360/6250 episodes, total num timesteps 1155200/20000000, FPS 3517.

average episode rewards is -134.1761827468872

 Scenario simple_spread Algo ua_rep_mappo Exp b2_ua_rep_mappo updates 365/6250 episodes, total num timesteps 1171200/20000000, FPS 3519.

average episode rewards is -134.71533060073853

 Scenario simple_spread Algo ua_rep_mappo Exp b2_ua_rep_mappo updates 370/6250 episodes, total num timesteps 1187200/20000000, FPS 3514.

average episode rewards is -133.31836462020874

 Scenario simple_spread Algo ua_rep_mappo Exp b2_ua_rep_mappo updates 375/6250 episodes, total num timesteps 1203200/20000000, FPS 3516.

average episode rewards is -133.2542061805725

 Scenario simple_spread Algo ua_rep_mappo Exp b2_ua_rep_mappo updates 380/6250 episodes, total num timesteps 1219200/20000000, FPS 3514.

average episode rewards is -136.75367832183838

 Scenario simple_spread Algo ua_rep_mappo Exp b2_ua_rep_mappo updates 385/6250 episodes, total num timesteps 1235200/20000000, FPS 3514.

average episode rewards is -133.3174705505371

 Scenario simple_spread Algo ua_rep_mappo Exp b2_ua_rep_mappo updates 390/6250 episodes, total num timesteps 1251200/20000000, FPS 3516.

average episode rewards is -132.9495668411255

 Scenario simple_spread Algo ua_rep_mappo Exp b2_ua_rep_mappo updates 395/6250 episodes, total num timesteps 1267200/20000000, FPS 3517.

average episode rewards is -135.7763409614563

 Scenario simple_spread Algo ua_rep_mappo Exp b2_ua_rep_mappo updates 400/6250 episodes, total num timesteps 1283200/20000000, FPS 3520.

average episode rewards is -134.37711000442505

 Scenario simple_spread Algo ua_rep_mappo Exp b2_ua_rep_mappo updates 405/6250 episodes, total num timesteps 1299200/20000000, FPS 3520.

average episode rewards is -134.28491353988647

 Scenario simple_spread Algo ua_rep_mappo Exp b2_ua_rep_mappo updates 410/6250 episodes, total num timesteps 1315200/20000000, FPS 3520.

average episode rewards is -135.05545854568481

 Scenario simple_spread Algo ua_rep_mappo Exp b2_ua_rep_mappo updates 415/6250 episodes, total num timesteps 1331200/20000000, FPS 3521.

average episode rewards is -131.96918964385986

 Scenario simple_spread Algo ua_rep_mappo Exp b2_ua_rep_mappo updates 420/6250 episodes, total num timesteps 1347200/20000000, FPS 3522.

average episode rewards is -131.44140243530273

 Scenario simple_spread Algo ua_rep_mappo Exp b2_ua_rep_mappo updates 425/6250 episodes, total num timesteps 1363200/20000000, FPS 3520.

average episode rewards is -135.5587601661682

 Scenario simple_spread Algo ua_rep_mappo Exp b2_ua_rep_mappo updates 430/6250 episodes, total num timesteps 1379200/20000000, FPS 3520.

average episode rewards is -131.86097145080566

 Scenario simple_spread Algo ua_rep_mappo Exp b2_ua_rep_mappo updates 435/6250 episodes, total num timesteps 1395200/20000000, FPS 3520.

average episode rewards is -134.1381072998047

 Scenario simple_spread Algo ua_rep_mappo Exp b2_ua_rep_mappo updates 440/6250 episodes, total num timesteps 1411200/20000000, FPS 3520.

average episode rewards is -132.74906873703003

 Scenario simple_spread Algo ua_rep_mappo Exp b2_ua_rep_mappo updates 445/6250 episodes, total num timesteps 1427200/20000000, FPS 3521.

average episode rewards is -133.16004276275635

 Scenario simple_spread Algo ua_rep_mappo Exp b2_ua_rep_mappo updates 450/6250 episodes, total num timesteps 1443200/20000000, FPS 3519.

average episode rewards is -132.62732028961182

 Scenario simple_spread Algo ua_rep_mappo Exp b2_ua_rep_mappo updates 455/6250 episodes, total num timesteps 1459200/20000000, FPS 3519.

average episode rewards is -131.33562803268433

 Scenario simple_spread Algo ua_rep_mappo Exp b2_ua_rep_mappo updates 460/6250 episodes, total num timesteps 1475200/20000000, FPS 3520.

average episode rewards is -131.62726163864136

 Scenario simple_spread Algo ua_rep_mappo Exp b2_ua_rep_mappo updates 465/6250 episodes, total num timesteps 1491200/20000000, FPS 3520.

average episode rewards is -130.98914623260498

 Scenario simple_spread Algo ua_rep_mappo Exp b2_ua_rep_mappo updates 470/6250 episodes, total num timesteps 1507200/20000000, FPS 3520.

average episode rewards is -133.64328145980835

 Scenario simple_spread Algo ua_rep_mappo Exp b2_ua_rep_mappo updates 475/6250 episodes, total num timesteps 1523200/20000000, FPS 3519.

average episode rewards is -133.0296516418457

 Scenario simple_spread Algo ua_rep_mappo Exp b2_ua_rep_mappo updates 480/6250 episodes, total num timesteps 1539200/20000000, FPS 3518.

average episode rewards is -130.82141876220703

 Scenario simple_spread Algo ua_rep_mappo Exp b2_ua_rep_mappo updates 485/6250 episodes, total num timesteps 1555200/20000000, FPS 3517.

average episode rewards is -130.9233546257019

 Scenario simple_spread Algo ua_rep_mappo Exp b2_ua_rep_mappo updates 490/6250 episodes, total num timesteps 1571200/20000000, FPS 3517.

average episode rewards is -129.62392568588257

 Scenario simple_spread Algo ua_rep_mappo Exp b2_ua_rep_mappo updates 495/6250 episodes, total num timesteps 1587200/20000000, FPS 3517.

average episode rewards is -130.51780462265015

 Scenario simple_spread Algo ua_rep_mappo Exp b2_ua_rep_mappo updates 500/6250 episodes, total num timesteps 1603200/20000000, FPS 3516.

average episode rewards is -131.06461763381958

 Scenario simple_spread Algo ua_rep_mappo Exp b2_ua_rep_mappo updates 505/6250 episodes, total num timesteps 1619200/20000000, FPS 3516.

average episode rewards is -131.74127340316772

 Scenario simple_spread Algo ua_rep_mappo Exp b2_ua_rep_mappo updates 510/6250 episodes, total num timesteps 1635200/20000000, FPS 3515.

average episode rewards is -132.6155185699463

 Scenario simple_spread Algo ua_rep_mappo Exp b2_ua_rep_mappo updates 515/6250 episodes, total num timesteps 1651200/20000000, FPS 3515.

average episode rewards is -127.27901935577393

 Scenario simple_spread Algo ua_rep_mappo Exp b2_ua_rep_mappo updates 520/6250 episodes, total num timesteps 1667200/20000000, FPS 3514.

average episode rewards is -130.07516860961914

 Scenario simple_spread Algo ua_rep_mappo Exp b2_ua_rep_mappo updates 525/6250 episodes, total num timesteps 1683200/20000000, FPS 3513.

average episode rewards is -131.33721351623535

 Scenario simple_spread Algo ua_rep_mappo Exp b2_ua_rep_mappo updates 530/6250 episodes, total num timesteps 1699200/20000000, FPS 3511.

average episode rewards is -129.37021255493164

 Scenario simple_spread Algo ua_rep_mappo Exp b2_ua_rep_mappo updates 535/6250 episodes, total num timesteps 1715200/20000000, FPS 3512.

average episode rewards is -128.1139850616455

 Scenario simple_spread Algo ua_rep_mappo Exp b2_ua_rep_mappo updates 540/6250 episodes, total num timesteps 1731200/20000000, FPS 3513.

average episode rewards is -128.5091519355774

 Scenario simple_spread Algo ua_rep_mappo Exp b2_ua_rep_mappo updates 545/6250 episodes, total num timesteps 1747200/20000000, FPS 3513.

average episode rewards is -128.36203575134277

 Scenario simple_spread Algo ua_rep_mappo Exp b2_ua_rep_mappo updates 550/6250 episodes, total num timesteps 1763200/20000000, FPS 3513.

average episode rewards is -130.80590963363647

 Scenario simple_spread Algo ua_rep_mappo Exp b2_ua_rep_mappo updates 555/6250 episodes, total num timesteps 1779200/20000000, FPS 3514.

average episode rewards is -130.1385998725891

 Scenario simple_spread Algo ua_rep_mappo Exp b2_ua_rep_mappo updates 560/6250 episodes, total num timesteps 1795200/20000000, FPS 3513.

average episode rewards is -130.72952032089233

 Scenario simple_spread Algo ua_rep_mappo Exp b2_ua_rep_mappo updates 565/6250 episodes, total num timesteps 1811200/20000000, FPS 3513.

average episode rewards is -129.9769401550293

 Scenario simple_spread Algo ua_rep_mappo Exp b2_ua_rep_mappo updates 570/6250 episodes, total num timesteps 1827200/20000000, FPS 3513.

average episode rewards is -128.6117672920227

 Scenario simple_spread Algo ua_rep_mappo Exp b2_ua_rep_mappo updates 575/6250 episodes, total num timesteps 1843200/20000000, FPS 3515.

average episode rewards is -130.19412755966187

 Scenario simple_spread Algo ua_rep_mappo Exp b2_ua_rep_mappo updates 580/6250 episodes, total num timesteps 1859200/20000000, FPS 3515.

average episode rewards is -130.58006763458252

 Scenario simple_spread Algo ua_rep_mappo Exp b2_ua_rep_mappo updates 585/6250 episodes, total num timesteps 1875200/20000000, FPS 3514.

average episode rewards is -130.67296743392944

 Scenario simple_spread Algo ua_rep_mappo Exp b2_ua_rep_mappo updates 590/6250 episodes, total num timesteps 1891200/20000000, FPS 3514.

average episode rewards is -129.59654331207275

 Scenario simple_spread Algo ua_rep_mappo Exp b2_ua_rep_mappo updates 595/6250 episodes, total num timesteps 1907200/20000000, FPS 3514.

average episode rewards is -128.56745719909668

 Scenario simple_spread Algo ua_rep_mappo Exp b2_ua_rep_mappo updates 600/6250 episodes, total num timesteps 1923200/20000000, FPS 3513.

average episode rewards is -127.76179313659668

 Scenario simple_spread Algo ua_rep_mappo Exp b2_ua_rep_mappo updates 605/6250 episodes, total num timesteps 1939200/20000000, FPS 3511.

average episode rewards is -128.67811918258667

 Scenario simple_spread Algo ua_rep_mappo Exp b2_ua_rep_mappo updates 610/6250 episodes, total num timesteps 1955200/20000000, FPS 3511.

average episode rewards is -129.3010711669922

 Scenario simple_spread Algo ua_rep_mappo Exp b2_ua_rep_mappo updates 615/6250 episodes, total num timesteps 1971200/20000000, FPS 3511.

average episode rewards is -128.2781958580017

 Scenario simple_spread Algo ua_rep_mappo Exp b2_ua_rep_mappo updates 620/6250 episodes, total num timesteps 1987200/20000000, FPS 3511.

average episode rewards is -129.19436693191528

 Scenario simple_spread Algo ua_rep_mappo Exp b2_ua_rep_mappo updates 625/6250 episodes, total num timesteps 2003200/20000000, FPS 3511.

average episode rewards is -128.80568504333496

 Scenario simple_spread Algo ua_rep_mappo Exp b2_ua_rep_mappo updates 630/6250 episodes, total num timesteps 2019200/20000000, FPS 3511.

average episode rewards is -129.26480770111084

 Scenario simple_spread Algo ua_rep_mappo Exp b2_ua_rep_mappo updates 635/6250 episodes, total num timesteps 2035200/20000000, FPS 3511.

average episode rewards is -129.33367490768433

 Scenario simple_spread Algo ua_rep_mappo Exp b2_ua_rep_mappo updates 640/6250 episodes, total num timesteps 2051200/20000000, FPS 3510.

average episode rewards is -129.50105667114258

 Scenario simple_spread Algo ua_rep_mappo Exp b2_ua_rep_mappo updates 645/6250 episodes, total num timesteps 2067200/20000000, FPS 3511.

average episode rewards is -127.71600484848022

 Scenario simple_spread Algo ua_rep_mappo Exp b2_ua_rep_mappo updates 650/6250 episodes, total num timesteps 2083200/20000000, FPS 3510.

average episode rewards is -127.11901664733887

 Scenario simple_spread Algo ua_rep_mappo Exp b2_ua_rep_mappo updates 655/6250 episodes, total num timesteps 2099200/20000000, FPS 3511.

average episode rewards is -129.2067289352417

 Scenario simple_spread Algo ua_rep_mappo Exp b2_ua_rep_mappo updates 660/6250 episodes, total num timesteps 2115200/20000000, FPS 3511.

average episode rewards is -130.2573800086975

 Scenario simple_spread Algo ua_rep_mappo Exp b2_ua_rep_mappo updates 665/6250 episodes, total num timesteps 2131200/20000000, FPS 3512.

average episode rewards is -130.93185424804688

 Scenario simple_spread Algo ua_rep_mappo Exp b2_ua_rep_mappo updates 670/6250 episodes, total num timesteps 2147200/20000000, FPS 3513.

average episode rewards is -128.3522129058838

 Scenario simple_spread Algo ua_rep_mappo Exp b2_ua_rep_mappo updates 675/6250 episodes, total num timesteps 2163200/20000000, FPS 3513.

average episode rewards is -132.11826086044312

 Scenario simple_spread Algo ua_rep_mappo Exp b2_ua_rep_mappo updates 680/6250 episodes, total num timesteps 2179200/20000000, FPS 3512.

average episode rewards is -127.97095775604248

 Scenario simple_spread Algo ua_rep_mappo Exp b2_ua_rep_mappo updates 685/6250 episodes, total num timesteps 2195200/20000000, FPS 3511.

average episode rewards is -128.15732955932617

 Scenario simple_spread Algo ua_rep_mappo Exp b2_ua_rep_mappo updates 690/6250 episodes, total num timesteps 2211200/20000000, FPS 3511.

average episode rewards is -128.45090627670288

 Scenario simple_spread Algo ua_rep_mappo Exp b2_ua_rep_mappo updates 695/6250 episodes, total num timesteps 2227200/20000000, FPS 3512.

average episode rewards is -125.7196307182312

 Scenario simple_spread Algo ua_rep_mappo Exp b2_ua_rep_mappo updates 700/6250 episodes, total num timesteps 2243200/20000000, FPS 3512.

average episode rewards is -126.0992169380188

 Scenario simple_spread Algo ua_rep_mappo Exp b2_ua_rep_mappo updates 705/6250 episodes, total num timesteps 2259200/20000000, FPS 3512.

average episode rewards is -129.04136180877686

 Scenario simple_spread Algo ua_rep_mappo Exp b2_ua_rep_mappo updates 710/6250 episodes, total num timesteps 2275200/20000000, FPS 3512.

average episode rewards is -128.27688455581665

 Scenario simple_spread Algo ua_rep_mappo Exp b2_ua_rep_mappo updates 715/6250 episodes, total num timesteps 2291200/20000000, FPS 3512.

average episode rewards is -126.59517526626587

 Scenario simple_spread Algo ua_rep_mappo Exp b2_ua_rep_mappo updates 720/6250 episodes, total num timesteps 2307200/20000000, FPS 3512.

average episode rewards is -128.74300479888916

 Scenario simple_spread Algo ua_rep_mappo Exp b2_ua_rep_mappo updates 725/6250 episodes, total num timesteps 2323200/20000000, FPS 3512.

average episode rewards is -127.46909856796265

 Scenario simple_spread Algo ua_rep_mappo Exp b2_ua_rep_mappo updates 730/6250 episodes, total num timesteps 2339200/20000000, FPS 3511.

average episode rewards is -129.52911853790283

 Scenario simple_spread Algo ua_rep_mappo Exp b2_ua_rep_mappo updates 735/6250 episodes, total num timesteps 2355200/20000000, FPS 3512.

average episode rewards is -127.84115076065063

 Scenario simple_spread Algo ua_rep_mappo Exp b2_ua_rep_mappo updates 740/6250 episodes, total num timesteps 2371200/20000000, FPS 3512.

average episode rewards is -129.2901873588562

 Scenario simple_spread Algo ua_rep_mappo Exp b2_ua_rep_mappo updates 745/6250 episodes, total num timesteps 2387200/20000000, FPS 3512.

average episode rewards is -126.31797790527344

 Scenario simple_spread Algo ua_rep_mappo Exp b2_ua_rep_mappo updates 750/6250 episodes, total num timesteps 2403200/20000000, FPS 3513.

average episode rewards is -128.95148992538452

 Scenario simple_spread Algo ua_rep_mappo Exp b2_ua_rep_mappo updates 755/6250 episodes, total num timesteps 2419200/20000000, FPS 3513.

average episode rewards is -126.81419849395752

 Scenario simple_spread Algo ua_rep_mappo Exp b2_ua_rep_mappo updates 760/6250 episodes, total num timesteps 2435200/20000000, FPS 3514.

average episode rewards is -126.7134428024292

 Scenario simple_spread Algo ua_rep_mappo Exp b2_ua_rep_mappo updates 765/6250 episodes, total num timesteps 2451200/20000000, FPS 3515.

average episode rewards is -124.94264841079712

 Scenario simple_spread Algo ua_rep_mappo Exp b2_ua_rep_mappo updates 770/6250 episodes, total num timesteps 2467200/20000000, FPS 3517.

average episode rewards is -126.93930864334106

 Scenario simple_spread Algo ua_rep_mappo Exp b2_ua_rep_mappo updates 775/6250 episodes, total num timesteps 2483200/20000000, FPS 3518.

average episode rewards is -126.79909467697144

 Scenario simple_spread Algo ua_rep_mappo Exp b2_ua_rep_mappo updates 780/6250 episodes, total num timesteps 2499200/20000000, FPS 3517.

average episode rewards is -127.38595008850098

 Scenario simple_spread Algo ua_rep_mappo Exp b2_ua_rep_mappo updates 785/6250 episodes, total num timesteps 2515200/20000000, FPS 3517.

average episode rewards is -127.37311124801636

 Scenario simple_spread Algo ua_rep_mappo Exp b2_ua_rep_mappo updates 790/6250 episodes, total num timesteps 2531200/20000000, FPS 3517.

average episode rewards is -126.36476755142212

 Scenario simple_spread Algo ua_rep_mappo Exp b2_ua_rep_mappo updates 795/6250 episodes, total num timesteps 2547200/20000000, FPS 3517.

average episode rewards is -125.02436637878418

 Scenario simple_spread Algo ua_rep_mappo Exp b2_ua_rep_mappo updates 800/6250 episodes, total num timesteps 2563200/20000000, FPS 3517.

average episode rewards is -125.03093481063843

 Scenario simple_spread Algo ua_rep_mappo Exp b2_ua_rep_mappo updates 805/6250 episodes, total num timesteps 2579200/20000000, FPS 3517.

average episode rewards is -128.75875234603882

 Scenario simple_spread Algo ua_rep_mappo Exp b2_ua_rep_mappo updates 810/6250 episodes, total num timesteps 2595200/20000000, FPS 3519.

average episode rewards is -126.9806981086731

 Scenario simple_spread Algo ua_rep_mappo Exp b2_ua_rep_mappo updates 815/6250 episodes, total num timesteps 2611200/20000000, FPS 3519.

average episode rewards is -126.78570747375488

 Scenario simple_spread Algo ua_rep_mappo Exp b2_ua_rep_mappo updates 820/6250 episodes, total num timesteps 2627200/20000000, FPS 3518.

average episode rewards is -126.74564123153687

 Scenario simple_spread Algo ua_rep_mappo Exp b2_ua_rep_mappo updates 825/6250 episodes, total num timesteps 2643200/20000000, FPS 3518.

average episode rewards is -127.65427827835083

 Scenario simple_spread Algo ua_rep_mappo Exp b2_ua_rep_mappo updates 830/6250 episodes, total num timesteps 2659200/20000000, FPS 3518.

average episode rewards is -124.70344305038452

 Scenario simple_spread Algo ua_rep_mappo Exp b2_ua_rep_mappo updates 835/6250 episodes, total num timesteps 2675200/20000000, FPS 3518.

average episode rewards is -124.77004528045654

 Scenario simple_spread Algo ua_rep_mappo Exp b2_ua_rep_mappo updates 840/6250 episodes, total num timesteps 2691200/20000000, FPS 3519.

average episode rewards is -124.68574047088623

 Scenario simple_spread Algo ua_rep_mappo Exp b2_ua_rep_mappo updates 845/6250 episodes, total num timesteps 2707200/20000000, FPS 3519.

average episode rewards is -125.30428171157837

 Scenario simple_spread Algo ua_rep_mappo Exp b2_ua_rep_mappo updates 850/6250 episodes, total num timesteps 2723200/20000000, FPS 3520.

average episode rewards is -124.82248544692993

 Scenario simple_spread Algo ua_rep_mappo Exp b2_ua_rep_mappo updates 855/6250 episodes, total num timesteps 2739200/20000000, FPS 3519.

average episode rewards is -124.21858310699463

 Scenario simple_spread Algo ua_rep_mappo Exp b2_ua_rep_mappo updates 860/6250 episodes, total num timesteps 2755200/20000000, FPS 3519.

average episode rewards is -123.97918701171875

 Scenario simple_spread Algo ua_rep_mappo Exp b2_ua_rep_mappo updates 865/6250 episodes, total num timesteps 2771200/20000000, FPS 3518.

average episode rewards is -124.69661235809326

 Scenario simple_spread Algo ua_rep_mappo Exp b2_ua_rep_mappo updates 870/6250 episodes, total num timesteps 2787200/20000000, FPS 3518.

average episode rewards is -125.46966075897217

 Scenario simple_spread Algo ua_rep_mappo Exp b2_ua_rep_mappo updates 875/6250 episodes, total num timesteps 2803200/20000000, FPS 3517.

average episode rewards is -125.36090612411499

 Scenario simple_spread Algo ua_rep_mappo Exp b2_ua_rep_mappo updates 880/6250 episodes, total num timesteps 2819200/20000000, FPS 3517.

average episode rewards is -126.68155431747437

 Scenario simple_spread Algo ua_rep_mappo Exp b2_ua_rep_mappo updates 885/6250 episodes, total num timesteps 2835200/20000000, FPS 3518.

average episode rewards is -125.15976428985596

 Scenario simple_spread Algo ua_rep_mappo Exp b2_ua_rep_mappo updates 890/6250 episodes, total num timesteps 2851200/20000000, FPS 3519.

average episode rewards is -124.02416467666626

 Scenario simple_spread Algo ua_rep_mappo Exp b2_ua_rep_mappo updates 895/6250 episodes, total num timesteps 2867200/20000000, FPS 3519.

average episode rewards is -126.57920122146606

 Scenario simple_spread Algo ua_rep_mappo Exp b2_ua_rep_mappo updates 900/6250 episodes, total num timesteps 2883200/20000000, FPS 3519.

average episode rewards is -123.550546169281

 Scenario simple_spread Algo ua_rep_mappo Exp b2_ua_rep_mappo updates 905/6250 episodes, total num timesteps 2899200/20000000, FPS 3518.

average episode rewards is -125.68720579147339

 Scenario simple_spread Algo ua_rep_mappo Exp b2_ua_rep_mappo updates 910/6250 episodes, total num timesteps 2915200/20000000, FPS 3518.

average episode rewards is -124.88752603530884

 Scenario simple_spread Algo ua_rep_mappo Exp b2_ua_rep_mappo updates 915/6250 episodes, total num timesteps 2931200/20000000, FPS 3517.

average episode rewards is -123.28488826751709

 Scenario simple_spread Algo ua_rep_mappo Exp b2_ua_rep_mappo updates 920/6250 episodes, total num timesteps 2947200/20000000, FPS 3517.

average episode rewards is -126.33246183395386

 Scenario simple_spread Algo ua_rep_mappo Exp b2_ua_rep_mappo updates 925/6250 episodes, total num timesteps 2963200/20000000, FPS 3517.

average episode rewards is -123.80541563034058

 Scenario simple_spread Algo ua_rep_mappo Exp b2_ua_rep_mappo updates 930/6250 episodes, total num timesteps 2979200/20000000, FPS 3516.

average episode rewards is -124.91055727005005

 Scenario simple_spread Algo ua_rep_mappo Exp b2_ua_rep_mappo updates 935/6250 episodes, total num timesteps 2995200/20000000, FPS 3516.

average episode rewards is -122.98341989517212

 Scenario simple_spread Algo ua_rep_mappo Exp b2_ua_rep_mappo updates 940/6250 episodes, total num timesteps 3011200/20000000, FPS 3516.

average episode rewards is -124.52222108840942

 Scenario simple_spread Algo ua_rep_mappo Exp b2_ua_rep_mappo updates 945/6250 episodes, total num timesteps 3027200/20000000, FPS 3517.

average episode rewards is -122.9694128036499

 Scenario simple_spread Algo ua_rep_mappo Exp b2_ua_rep_mappo updates 950/6250 episodes, total num timesteps 3043200/20000000, FPS 3516.

average episode rewards is -123.70926141738892

 Scenario simple_spread Algo ua_rep_mappo Exp b2_ua_rep_mappo updates 955/6250 episodes, total num timesteps 3059200/20000000, FPS 3517.

average episode rewards is -124.8528242111206

 Scenario simple_spread Algo ua_rep_mappo Exp b2_ua_rep_mappo updates 960/6250 episodes, total num timesteps 3075200/20000000, FPS 3517.

average episode rewards is -125.75857639312744

 Scenario simple_spread Algo ua_rep_mappo Exp b2_ua_rep_mappo updates 965/6250 episodes, total num timesteps 3091200/20000000, FPS 3518.

average episode rewards is -124.30405616760254

 Scenario simple_spread Algo ua_rep_mappo Exp b2_ua_rep_mappo updates 970/6250 episodes, total num timesteps 3107200/20000000, FPS 3517.

average episode rewards is -124.34176206588745

 Scenario simple_spread Algo ua_rep_mappo Exp b2_ua_rep_mappo updates 975/6250 episodes, total num timesteps 3123200/20000000, FPS 3517.

average episode rewards is -124.52689409255981

 Scenario simple_spread Algo ua_rep_mappo Exp b2_ua_rep_mappo updates 980/6250 episodes, total num timesteps 3139200/20000000, FPS 3517.

average episode rewards is -121.72036170959473

 Scenario simple_spread Algo ua_rep_mappo Exp b2_ua_rep_mappo updates 985/6250 episodes, total num timesteps 3155200/20000000, FPS 3517.

average episode rewards is -121.20577096939087

 Scenario simple_spread Algo ua_rep_mappo Exp b2_ua_rep_mappo updates 990/6250 episodes, total num timesteps 3171200/20000000, FPS 3518.

average episode rewards is -122.39115238189697

 Scenario simple_spread Algo ua_rep_mappo Exp b2_ua_rep_mappo updates 995/6250 episodes, total num timesteps 3187200/20000000, FPS 3519.

average episode rewards is -122.65099287033081

 Scenario simple_spread Algo ua_rep_mappo Exp b2_ua_rep_mappo updates 1000/6250 episodes, total num timesteps 3203200/20000000, FPS 3518.

average episode rewards is -122.15114831924438

 Scenario simple_spread Algo ua_rep_mappo Exp b2_ua_rep_mappo updates 1005/6250 episodes, total num timesteps 3219200/20000000, FPS 3518.

average episode rewards is -122.46991395950317

 Scenario simple_spread Algo ua_rep_mappo Exp b2_ua_rep_mappo updates 1010/6250 episodes, total num timesteps 3235200/20000000, FPS 3518.

average episode rewards is -120.04997730255127

 Scenario simple_spread Algo ua_rep_mappo Exp b2_ua_rep_mappo updates 1015/6250 episodes, total num timesteps 3251200/20000000, FPS 3518.

average episode rewards is -122.0661997795105

 Scenario simple_spread Algo ua_rep_mappo Exp b2_ua_rep_mappo updates 1020/6250 episodes, total num timesteps 3267200/20000000, FPS 3518.

average episode rewards is -124.36748743057251

 Scenario simple_spread Algo ua_rep_mappo Exp b2_ua_rep_mappo updates 1025/6250 episodes, total num timesteps 3283200/20000000, FPS 3518.

average episode rewards is -121.33302688598633

 Scenario simple_spread Algo ua_rep_mappo Exp b2_ua_rep_mappo updates 1030/6250 episodes, total num timesteps 3299200/20000000, FPS 3518.

average episode rewards is -121.60648107528687

 Scenario simple_spread Algo ua_rep_mappo Exp b2_ua_rep_mappo updates 1035/6250 episodes, total num timesteps 3315200/20000000, FPS 3518.

average episode rewards is -123.5250473022461

 Scenario simple_spread Algo ua_rep_mappo Exp b2_ua_rep_mappo updates 1040/6250 episodes, total num timesteps 3331200/20000000, FPS 3518.

average episode rewards is -120.88955640792847

 Scenario simple_spread Algo ua_rep_mappo Exp b2_ua_rep_mappo updates 1045/6250 episodes, total num timesteps 3347200/20000000, FPS 3518.

average episode rewards is -121.95428609848022

 Scenario simple_spread Algo ua_rep_mappo Exp b2_ua_rep_mappo updates 1050/6250 episodes, total num timesteps 3363200/20000000, FPS 3518.

average episode rewards is -119.56459283828735

 Scenario simple_spread Algo ua_rep_mappo Exp b2_ua_rep_mappo updates 1055/6250 episodes, total num timesteps 3379200/20000000, FPS 3518.

average episode rewards is -120.2899694442749

 Scenario simple_spread Algo ua_rep_mappo Exp b2_ua_rep_mappo updates 1060/6250 episodes, total num timesteps 3395200/20000000, FPS 3518.

average episode rewards is -123.89432191848755

 Scenario simple_spread Algo ua_rep_mappo Exp b2_ua_rep_mappo updates 1065/6250 episodes, total num timesteps 3411200/20000000, FPS 3517.

average episode rewards is -121.750009059906

 Scenario simple_spread Algo ua_rep_mappo Exp b2_ua_rep_mappo updates 1070/6250 episodes, total num timesteps 3427200/20000000, FPS 3518.

average episode rewards is -121.71074151992798

 Scenario simple_spread Algo ua_rep_mappo Exp b2_ua_rep_mappo updates 1075/6250 episodes, total num timesteps 3443200/20000000, FPS 3518.

average episode rewards is -122.30603694915771

 Scenario simple_spread Algo ua_rep_mappo Exp b2_ua_rep_mappo updates 1080/6250 episodes, total num timesteps 3459200/20000000, FPS 3518.

average episode rewards is -122.48759269714355

 Scenario simple_spread Algo ua_rep_mappo Exp b2_ua_rep_mappo updates 1085/6250 episodes, total num timesteps 3475200/20000000, FPS 3519.

average episode rewards is -121.85652256011963

 Scenario simple_spread Algo ua_rep_mappo Exp b2_ua_rep_mappo updates 1090/6250 episodes, total num timesteps 3491200/20000000, FPS 3518.

average episode rewards is -121.57003879547119

 Scenario simple_spread Algo ua_rep_mappo Exp b2_ua_rep_mappo updates 1095/6250 episodes, total num timesteps 3507200/20000000, FPS 3518.

average episode rewards is -123.70568513870239

 Scenario simple_spread Algo ua_rep_mappo Exp b2_ua_rep_mappo updates 1100/6250 episodes, total num timesteps 3523200/20000000, FPS 3518.

average episode rewards is -122.35431671142578

 Scenario simple_spread Algo ua_rep_mappo Exp b2_ua_rep_mappo updates 1105/6250 episodes, total num timesteps 3539200/20000000, FPS 3518.

average episode rewards is -122.88036346435547

 Scenario simple_spread Algo ua_rep_mappo Exp b2_ua_rep_mappo updates 1110/6250 episodes, total num timesteps 3555200/20000000, FPS 3518.

average episode rewards is -120.1380729675293

 Scenario simple_spread Algo ua_rep_mappo Exp b2_ua_rep_mappo updates 1115/6250 episodes, total num timesteps 3571200/20000000, FPS 3518.

average episode rewards is -119.98053789138794

 Scenario simple_spread Algo ua_rep_mappo Exp b2_ua_rep_mappo updates 1120/6250 episodes, total num timesteps 3587200/20000000, FPS 3517.

average episode rewards is -122.46847152709961

 Scenario simple_spread Algo ua_rep_mappo Exp b2_ua_rep_mappo updates 1125/6250 episodes, total num timesteps 3603200/20000000, FPS 3517.

average episode rewards is -122.23199605941772

 Scenario simple_spread Algo ua_rep_mappo Exp b2_ua_rep_mappo updates 1130/6250 episodes, total num timesteps 3619200/20000000, FPS 3516.

average episode rewards is -121.8698263168335

 Scenario simple_spread Algo ua_rep_mappo Exp b2_ua_rep_mappo updates 1135/6250 episodes, total num timesteps 3635200/20000000, FPS 3516.

average episode rewards is -121.42572402954102

 Scenario simple_spread Algo ua_rep_mappo Exp b2_ua_rep_mappo updates 1140/6250 episodes, total num timesteps 3651200/20000000, FPS 3516.

average episode rewards is -121.00861072540283

 Scenario simple_spread Algo ua_rep_mappo Exp b2_ua_rep_mappo updates 1145/6250 episodes, total num timesteps 3667200/20000000, FPS 3516.

average episode rewards is -120.80049514770508

 Scenario simple_spread Algo ua_rep_mappo Exp b2_ua_rep_mappo updates 1150/6250 episodes, total num timesteps 3683200/20000000, FPS 3516.

average episode rewards is -122.3569393157959

 Scenario simple_spread Algo ua_rep_mappo Exp b2_ua_rep_mappo updates 1155/6250 episodes, total num timesteps 3699200/20000000, FPS 3515.

average episode rewards is -124.74944591522217

 Scenario simple_spread Algo ua_rep_mappo Exp b2_ua_rep_mappo updates 1160/6250 episodes, total num timesteps 3715200/20000000, FPS 3515.

average episode rewards is -122.41944074630737

 Scenario simple_spread Algo ua_rep_mappo Exp b2_ua_rep_mappo updates 1165/6250 episodes, total num timesteps 3731200/20000000, FPS 3515.

average episode rewards is -122.21585512161255

 Scenario simple_spread Algo ua_rep_mappo Exp b2_ua_rep_mappo updates 1170/6250 episodes, total num timesteps 3747200/20000000, FPS 3515.

average episode rewards is -124.85953569412231

 Scenario simple_spread Algo ua_rep_mappo Exp b2_ua_rep_mappo updates 1175/6250 episodes, total num timesteps 3763200/20000000, FPS 3515.

average episode rewards is -123.73017072677612

 Scenario simple_spread Algo ua_rep_mappo Exp b2_ua_rep_mappo updates 1180/6250 episodes, total num timesteps 3779200/20000000, FPS 3515.

average episode rewards is -122.06426858901978

 Scenario simple_spread Algo ua_rep_mappo Exp b2_ua_rep_mappo updates 1185/6250 episodes, total num timesteps 3795200/20000000, FPS 3515.

average episode rewards is -124.6091365814209

 Scenario simple_spread Algo ua_rep_mappo Exp b2_ua_rep_mappo updates 1190/6250 episodes, total num timesteps 3811200/20000000, FPS 3514.

average episode rewards is -120.34543752670288

 Scenario simple_spread Algo ua_rep_mappo Exp b2_ua_rep_mappo updates 1195/6250 episodes, total num timesteps 3827200/20000000, FPS 3514.

average episode rewards is -120.88348865509033

 Scenario simple_spread Algo ua_rep_mappo Exp b2_ua_rep_mappo updates 1200/6250 episodes, total num timesteps 3843200/20000000, FPS 3514.

average episode rewards is -119.86206769943237

 Scenario simple_spread Algo ua_rep_mappo Exp b2_ua_rep_mappo updates 1205/6250 episodes, total num timesteps 3859200/20000000, FPS 3513.

average episode rewards is -121.57397270202637

 Scenario simple_spread Algo ua_rep_mappo Exp b2_ua_rep_mappo updates 1210/6250 episodes, total num timesteps 3875200/20000000, FPS 3513.

average episode rewards is -124.10796880722046

 Scenario simple_spread Algo ua_rep_mappo Exp b2_ua_rep_mappo updates 1215/6250 episodes, total num timesteps 3891200/20000000, FPS 3512.

average episode rewards is -119.53308582305908

 Scenario simple_spread Algo ua_rep_mappo Exp b2_ua_rep_mappo updates 1220/6250 episodes, total num timesteps 3907200/20000000, FPS 3512.

average episode rewards is -121.50678634643555

 Scenario simple_spread Algo ua_rep_mappo Exp b2_ua_rep_mappo updates 1225/6250 episodes, total num timesteps 3923200/20000000, FPS 3513.

average episode rewards is -120.3134536743164

 Scenario simple_spread Algo ua_rep_mappo Exp b2_ua_rep_mappo updates 1230/6250 episodes, total num timesteps 3939200/20000000, FPS 3512.

average episode rewards is -120.19606828689575

 Scenario simple_spread Algo ua_rep_mappo Exp b2_ua_rep_mappo updates 1235/6250 episodes, total num timesteps 3955200/20000000, FPS 3512.

average episode rewards is -121.73248529434204

 Scenario simple_spread Algo ua_rep_mappo Exp b2_ua_rep_mappo updates 1240/6250 episodes, total num timesteps 3971200/20000000, FPS 3512.

average episode rewards is -121.54760360717773

 Scenario simple_spread Algo ua_rep_mappo Exp b2_ua_rep_mappo updates 1245/6250 episodes, total num timesteps 3987200/20000000, FPS 3512.

average episode rewards is -122.96130657196045

 Scenario simple_spread Algo ua_rep_mappo Exp b2_ua_rep_mappo updates 1250/6250 episodes, total num timesteps 4003200/20000000, FPS 3511.

average episode rewards is -119.8677659034729

 Scenario simple_spread Algo ua_rep_mappo Exp b2_ua_rep_mappo updates 1255/6250 episodes, total num timesteps 4019200/20000000, FPS 3511.

average episode rewards is -121.1367130279541

 Scenario simple_spread Algo ua_rep_mappo Exp b2_ua_rep_mappo updates 1260/6250 episodes, total num timesteps 4035200/20000000, FPS 3511.

average episode rewards is -120.72756290435791

 Scenario simple_spread Algo ua_rep_mappo Exp b2_ua_rep_mappo updates 1265/6250 episodes, total num timesteps 4051200/20000000, FPS 3511.

average episode rewards is -117.94705390930176

 Scenario simple_spread Algo ua_rep_mappo Exp b2_ua_rep_mappo updates 1270/6250 episodes, total num timesteps 4067200/20000000, FPS 3511.

average episode rewards is -121.71049118041992

 Scenario simple_spread Algo ua_rep_mappo Exp b2_ua_rep_mappo updates 1275/6250 episodes, total num timesteps 4083200/20000000, FPS 3510.

average episode rewards is -121.42956256866455

 Scenario simple_spread Algo ua_rep_mappo Exp b2_ua_rep_mappo updates 1280/6250 episodes, total num timesteps 4099200/20000000, FPS 3511.

average episode rewards is -122.31703996658325

 Scenario simple_spread Algo ua_rep_mappo Exp b2_ua_rep_mappo updates 1285/6250 episodes, total num timesteps 4115200/20000000, FPS 3511.

average episode rewards is -121.11105918884277

 Scenario simple_spread Algo ua_rep_mappo Exp b2_ua_rep_mappo updates 1290/6250 episodes, total num timesteps 4131200/20000000, FPS 3511.

average episode rewards is -119.99436616897583

 Scenario simple_spread Algo ua_rep_mappo Exp b2_ua_rep_mappo updates 1295/6250 episodes, total num timesteps 4147200/20000000, FPS 3511.

average episode rewards is -119.8090672492981

 Scenario simple_spread Algo ua_rep_mappo Exp b2_ua_rep_mappo updates 1300/6250 episodes, total num timesteps 4163200/20000000, FPS 3511.

average episode rewards is -121.08559608459473

 Scenario simple_spread Algo ua_rep_mappo Exp b2_ua_rep_mappo updates 1305/6250 episodes, total num timesteps 4179200/20000000, FPS 3511.

average episode rewards is -121.72788381576538

 Scenario simple_spread Algo ua_rep_mappo Exp b2_ua_rep_mappo updates 1310/6250 episodes, total num timesteps 4195200/20000000, FPS 3511.

average episode rewards is -120.5703854560852

 Scenario simple_spread Algo ua_rep_mappo Exp b2_ua_rep_mappo updates 1315/6250 episodes, total num timesteps 4211200/20000000, FPS 3511.

average episode rewards is -119.18051242828369

 Scenario simple_spread Algo ua_rep_mappo Exp b2_ua_rep_mappo updates 1320/6250 episodes, total num timesteps 4227200/20000000, FPS 3511.

average episode rewards is -118.17607879638672

 Scenario simple_spread Algo ua_rep_mappo Exp b2_ua_rep_mappo updates 1325/6250 episodes, total num timesteps 4243200/20000000, FPS 3511.

average episode rewards is -119.07473802566528

 Scenario simple_spread Algo ua_rep_mappo Exp b2_ua_rep_mappo updates 1330/6250 episodes, total num timesteps 4259200/20000000, FPS 3511.

average episode rewards is -121.58844470977783

 Scenario simple_spread Algo ua_rep_mappo Exp b2_ua_rep_mappo updates 1335/6250 episodes, total num timesteps 4275200/20000000, FPS 3511.

average episode rewards is -122.14584350585938

 Scenario simple_spread Algo ua_rep_mappo Exp b2_ua_rep_mappo updates 1340/6250 episodes, total num timesteps 4291200/20000000, FPS 3511.

average episode rewards is -120.46545743942261

 Scenario simple_spread Algo ua_rep_mappo Exp b2_ua_rep_mappo updates 1345/6250 episodes, total num timesteps 4307200/20000000, FPS 3511.

average episode rewards is -120.70451974868774

 Scenario simple_spread Algo ua_rep_mappo Exp b2_ua_rep_mappo updates 1350/6250 episodes, total num timesteps 4323200/20000000, FPS 3511.

average episode rewards is -120.8124041557312

 Scenario simple_spread Algo ua_rep_mappo Exp b2_ua_rep_mappo updates 1355/6250 episodes, total num timesteps 4339200/20000000, FPS 3511.

average episode rewards is -122.34245538711548

 Scenario simple_spread Algo ua_rep_mappo Exp b2_ua_rep_mappo updates 1360/6250 episodes, total num timesteps 4355200/20000000, FPS 3512.

average episode rewards is -121.56060934066772

 Scenario simple_spread Algo ua_rep_mappo Exp b2_ua_rep_mappo updates 1365/6250 episodes, total num timesteps 4371200/20000000, FPS 3513.

average episode rewards is -121.9078779220581

 Scenario simple_spread Algo ua_rep_mappo Exp b2_ua_rep_mappo updates 1370/6250 episodes, total num timesteps 4387200/20000000, FPS 3513.

average episode rewards is -117.90913343429565

 Scenario simple_spread Algo ua_rep_mappo Exp b2_ua_rep_mappo updates 1375/6250 episodes, total num timesteps 4403200/20000000, FPS 3513.

average episode rewards is -119.00180578231812

 Scenario simple_spread Algo ua_rep_mappo Exp b2_ua_rep_mappo updates 1380/6250 episodes, total num timesteps 4419200/20000000, FPS 3513.

average episode rewards is -117.78279542922974

 Scenario simple_spread Algo ua_rep_mappo Exp b2_ua_rep_mappo updates 1385/6250 episodes, total num timesteps 4435200/20000000, FPS 3513.

average episode rewards is -119.73785161972046

 Scenario simple_spread Algo ua_rep_mappo Exp b2_ua_rep_mappo updates 1390/6250 episodes, total num timesteps 4451200/20000000, FPS 3513.

average episode rewards is -120.44473886489868

 Scenario simple_spread Algo ua_rep_mappo Exp b2_ua_rep_mappo updates 1395/6250 episodes, total num timesteps 4467200/20000000, FPS 3513.

average episode rewards is -119.98714208602905

 Scenario simple_spread Algo ua_rep_mappo Exp b2_ua_rep_mappo updates 1400/6250 episodes, total num timesteps 4483200/20000000, FPS 3513.

average episode rewards is -119.96420621871948

 Scenario simple_spread Algo ua_rep_mappo Exp b2_ua_rep_mappo updates 1405/6250 episodes, total num timesteps 4499200/20000000, FPS 3512.

average episode rewards is -118.9745306968689

 Scenario simple_spread Algo ua_rep_mappo Exp b2_ua_rep_mappo updates 1410/6250 episodes, total num timesteps 4515200/20000000, FPS 3512.

average episode rewards is -119.61431503295898

 Scenario simple_spread Algo ua_rep_mappo Exp b2_ua_rep_mappo updates 1415/6250 episodes, total num timesteps 4531200/20000000, FPS 3512.

average episode rewards is -117.76692867279053

 Scenario simple_spread Algo ua_rep_mappo Exp b2_ua_rep_mappo updates 1420/6250 episodes, total num timesteps 4547200/20000000, FPS 3512.

average episode rewards is -117.11543798446655

 Scenario simple_spread Algo ua_rep_mappo Exp b2_ua_rep_mappo updates 1425/6250 episodes, total num timesteps 4563200/20000000, FPS 3512.

average episode rewards is -122.00738191604614

 Scenario simple_spread Algo ua_rep_mappo Exp b2_ua_rep_mappo updates 1430/6250 episodes, total num timesteps 4579200/20000000, FPS 3512.

average episode rewards is -119.46685314178467

 Scenario simple_spread Algo ua_rep_mappo Exp b2_ua_rep_mappo updates 1435/6250 episodes, total num timesteps 4595200/20000000, FPS 3512.

average episode rewards is -120.09187936782837

 Scenario simple_spread Algo ua_rep_mappo Exp b2_ua_rep_mappo updates 1440/6250 episodes, total num timesteps 4611200/20000000, FPS 3512.

average episode rewards is -120.30220031738281

 Scenario simple_spread Algo ua_rep_mappo Exp b2_ua_rep_mappo updates 1445/6250 episodes, total num timesteps 4627200/20000000, FPS 3512.

average episode rewards is -118.70278120040894

 Scenario simple_spread Algo ua_rep_mappo Exp b2_ua_rep_mappo updates 1450/6250 episodes, total num timesteps 4643200/20000000, FPS 3512.

average episode rewards is -120.17502784729004

 Scenario simple_spread Algo ua_rep_mappo Exp b2_ua_rep_mappo updates 1455/6250 episodes, total num timesteps 4659200/20000000, FPS 3511.

average episode rewards is -119.1342830657959

 Scenario simple_spread Algo ua_rep_mappo Exp b2_ua_rep_mappo updates 1460/6250 episodes, total num timesteps 4675200/20000000, FPS 3511.

average episode rewards is -121.29967212677002

 Scenario simple_spread Algo ua_rep_mappo Exp b2_ua_rep_mappo updates 1465/6250 episodes, total num timesteps 4691200/20000000, FPS 3511.

average episode rewards is -119.51286792755127

 Scenario simple_spread Algo ua_rep_mappo Exp b2_ua_rep_mappo updates 1470/6250 episodes, total num timesteps 4707200/20000000, FPS 3510.

average episode rewards is -118.13101768493652

 Scenario simple_spread Algo ua_rep_mappo Exp b2_ua_rep_mappo updates 1475/6250 episodes, total num timesteps 4723200/20000000, FPS 3510.

average episode rewards is -118.14042329788208

 Scenario simple_spread Algo ua_rep_mappo Exp b2_ua_rep_mappo updates 1480/6250 episodes, total num timesteps 4739200/20000000, FPS 3510.

average episode rewards is -120.58924436569214

 Scenario simple_spread Algo ua_rep_mappo Exp b2_ua_rep_mappo updates 1485/6250 episodes, total num timesteps 4755200/20000000, FPS 3511.

average episode rewards is -117.7441954612732

 Scenario simple_spread Algo ua_rep_mappo Exp b2_ua_rep_mappo updates 1490/6250 episodes, total num timesteps 4771200/20000000, FPS 3511.

average episode rewards is -119.23850774765015

 Scenario simple_spread Algo ua_rep_mappo Exp b2_ua_rep_mappo updates 1495/6250 episodes, total num timesteps 4787200/20000000, FPS 3511.

average episode rewards is -119.35462951660156

 Scenario simple_spread Algo ua_rep_mappo Exp b2_ua_rep_mappo updates 1500/6250 episodes, total num timesteps 4803200/20000000, FPS 3511.

average episode rewards is -120.2111005783081

 Scenario simple_spread Algo ua_rep_mappo Exp b2_ua_rep_mappo updates 1505/6250 episodes, total num timesteps 4819200/20000000, FPS 3511.

average episode rewards is -120.10493278503418

 Scenario simple_spread Algo ua_rep_mappo Exp b2_ua_rep_mappo updates 1510/6250 episodes, total num timesteps 4835200/20000000, FPS 3511.

average episode rewards is -119.32640075683594

 Scenario simple_spread Algo ua_rep_mappo Exp b2_ua_rep_mappo updates 1515/6250 episodes, total num timesteps 4851200/20000000, FPS 3511.

average episode rewards is -121.33915424346924

 Scenario simple_spread Algo ua_rep_mappo Exp b2_ua_rep_mappo updates 1520/6250 episodes, total num timesteps 4867200/20000000, FPS 3511.

average episode rewards is -120.96658945083618

 Scenario simple_spread Algo ua_rep_mappo Exp b2_ua_rep_mappo updates 1525/6250 episodes, total num timesteps 4883200/20000000, FPS 3511.

average episode rewards is -120.71335315704346

 Scenario simple_spread Algo ua_rep_mappo Exp b2_ua_rep_mappo updates 1530/6250 episodes, total num timesteps 4899200/20000000, FPS 3511.

average episode rewards is -118.44913959503174

 Scenario simple_spread Algo ua_rep_mappo Exp b2_ua_rep_mappo updates 1535/6250 episodes, total num timesteps 4915200/20000000, FPS 3510.

average episode rewards is -120.3389048576355

 Scenario simple_spread Algo ua_rep_mappo Exp b2_ua_rep_mappo updates 1540/6250 episodes, total num timesteps 4931200/20000000, FPS 3510.

average episode rewards is -120.17821073532104

 Scenario simple_spread Algo ua_rep_mappo Exp b2_ua_rep_mappo updates 1545/6250 episodes, total num timesteps 4947200/20000000, FPS 3510.

average episode rewards is -122.0489501953125

 Scenario simple_spread Algo ua_rep_mappo Exp b2_ua_rep_mappo updates 1550/6250 episodes, total num timesteps 4963200/20000000, FPS 3509.

average episode rewards is -119.03727054595947

 Scenario simple_spread Algo ua_rep_mappo Exp b2_ua_rep_mappo updates 1555/6250 episodes, total num timesteps 4979200/20000000, FPS 3510.

average episode rewards is -119.47941780090332

 Scenario simple_spread Algo ua_rep_mappo Exp b2_ua_rep_mappo updates 1560/6250 episodes, total num timesteps 4995200/20000000, FPS 3510.

average episode rewards is -119.50182914733887

 Scenario simple_spread Algo ua_rep_mappo Exp b2_ua_rep_mappo updates 1565/6250 episodes, total num timesteps 5011200/20000000, FPS 3509.

average episode rewards is -117.09907054901123

 Scenario simple_spread Algo ua_rep_mappo Exp b2_ua_rep_mappo updates 1570/6250 episodes, total num timesteps 5027200/20000000, FPS 3509.

average episode rewards is -119.48151588439941

 Scenario simple_spread Algo ua_rep_mappo Exp b2_ua_rep_mappo updates 1575/6250 episodes, total num timesteps 5043200/20000000, FPS 3510.

average episode rewards is -120.22655010223389

 Scenario simple_spread Algo ua_rep_mappo Exp b2_ua_rep_mappo updates 1580/6250 episodes, total num timesteps 5059200/20000000, FPS 3510.

average episode rewards is -120.57578563690186

 Scenario simple_spread Algo ua_rep_mappo Exp b2_ua_rep_mappo updates 1585/6250 episodes, total num timesteps 5075200/20000000, FPS 3510.

average episode rewards is -120.00905275344849

 Scenario simple_spread Algo ua_rep_mappo Exp b2_ua_rep_mappo updates 1590/6250 episodes, total num timesteps 5091200/20000000, FPS 3510.

average episode rewards is -120.21842002868652

 Scenario simple_spread Algo ua_rep_mappo Exp b2_ua_rep_mappo updates 1595/6250 episodes, total num timesteps 5107200/20000000, FPS 3510.

average episode rewards is -117.6138162612915

 Scenario simple_spread Algo ua_rep_mappo Exp b2_ua_rep_mappo updates 1600/6250 episodes, total num timesteps 5123200/20000000, FPS 3509.

average episode rewards is -121.91745042800903

 Scenario simple_spread Algo ua_rep_mappo Exp b2_ua_rep_mappo updates 1605/6250 episodes, total num timesteps 5139200/20000000, FPS 3509.

average episode rewards is -119.5241928100586

 Scenario simple_spread Algo ua_rep_mappo Exp b2_ua_rep_mappo updates 1610/6250 episodes, total num timesteps 5155200/20000000, FPS 3510.

average episode rewards is -119.46073770523071

 Scenario simple_spread Algo ua_rep_mappo Exp b2_ua_rep_mappo updates 1615/6250 episodes, total num timesteps 5171200/20000000, FPS 3509.

average episode rewards is -120.09544372558594

 Scenario simple_spread Algo ua_rep_mappo Exp b2_ua_rep_mappo updates 1620/6250 episodes, total num timesteps 5187200/20000000, FPS 3509.

average episode rewards is -121.52730226516724

 Scenario simple_spread Algo ua_rep_mappo Exp b2_ua_rep_mappo updates 1625/6250 episodes, total num timesteps 5203200/20000000, FPS 3508.

average episode rewards is -120.27709484100342

 Scenario simple_spread Algo ua_rep_mappo Exp b2_ua_rep_mappo updates 1630/6250 episodes, total num timesteps 5219200/20000000, FPS 3509.

average episode rewards is -119.7058916091919

 Scenario simple_spread Algo ua_rep_mappo Exp b2_ua_rep_mappo updates 1635/6250 episodes, total num timesteps 5235200/20000000, FPS 3509.

average episode rewards is -119.70890760421753

 Scenario simple_spread Algo ua_rep_mappo Exp b2_ua_rep_mappo updates 1640/6250 episodes, total num timesteps 5251200/20000000, FPS 3509.

average episode rewards is -117.06044673919678

 Scenario simple_spread Algo ua_rep_mappo Exp b2_ua_rep_mappo updates 1645/6250 episodes, total num timesteps 5267200/20000000, FPS 3508.

average episode rewards is -119.1947340965271

 Scenario simple_spread Algo ua_rep_mappo Exp b2_ua_rep_mappo updates 1650/6250 episodes, total num timesteps 5283200/20000000, FPS 3508.

average episode rewards is -119.35551166534424

 Scenario simple_spread Algo ua_rep_mappo Exp b2_ua_rep_mappo updates 1655/6250 episodes, total num timesteps 5299200/20000000, FPS 3509.

average episode rewards is -119.73104476928711

 Scenario simple_spread Algo ua_rep_mappo Exp b2_ua_rep_mappo updates 1660/6250 episodes, total num timesteps 5315200/20000000, FPS 3509.

average episode rewards is -118.99352073669434

 Scenario simple_spread Algo ua_rep_mappo Exp b2_ua_rep_mappo updates 1665/6250 episodes, total num timesteps 5331200/20000000, FPS 3509.

average episode rewards is -118.23331117630005

 Scenario simple_spread Algo ua_rep_mappo Exp b2_ua_rep_mappo updates 1670/6250 episodes, total num timesteps 5347200/20000000, FPS 3509.

average episode rewards is -121.74034118652344

 Scenario simple_spread Algo ua_rep_mappo Exp b2_ua_rep_mappo updates 1675/6250 episodes, total num timesteps 5363200/20000000, FPS 3509.

average episode rewards is -119.13067102432251

 Scenario simple_spread Algo ua_rep_mappo Exp b2_ua_rep_mappo updates 1680/6250 episodes, total num timesteps 5379200/20000000, FPS 3509.

average episode rewards is -117.52135753631592

 Scenario simple_spread Algo ua_rep_mappo Exp b2_ua_rep_mappo updates 1685/6250 episodes, total num timesteps 5395200/20000000, FPS 3510.

average episode rewards is -118.33568811416626

 Scenario simple_spread Algo ua_rep_mappo Exp b2_ua_rep_mappo updates 1690/6250 episodes, total num timesteps 5411200/20000000, FPS 3510.

average episode rewards is -119.12250518798828

 Scenario simple_spread Algo ua_rep_mappo Exp b2_ua_rep_mappo updates 1695/6250 episodes, total num timesteps 5427200/20000000, FPS 3510.

average episode rewards is -119.68296766281128

 Scenario simple_spread Algo ua_rep_mappo Exp b2_ua_rep_mappo updates 1700/6250 episodes, total num timesteps 5443200/20000000, FPS 3510.

average episode rewards is -121.49336338043213

 Scenario simple_spread Algo ua_rep_mappo Exp b2_ua_rep_mappo updates 1705/6250 episodes, total num timesteps 5459200/20000000, FPS 3510.

average episode rewards is -120.80470323562622

 Scenario simple_spread Algo ua_rep_mappo Exp b2_ua_rep_mappo updates 1710/6250 episodes, total num timesteps 5475200/20000000, FPS 3510.

average episode rewards is -118.28997135162354

 Scenario simple_spread Algo ua_rep_mappo Exp b2_ua_rep_mappo updates 1715/6250 episodes, total num timesteps 5491200/20000000, FPS 3510.

average episode rewards is -117.8629994392395

 Scenario simple_spread Algo ua_rep_mappo Exp b2_ua_rep_mappo updates 1720/6250 episodes, total num timesteps 5507200/20000000, FPS 3510.

average episode rewards is -122.05556631088257

 Scenario simple_spread Algo ua_rep_mappo Exp b2_ua_rep_mappo updates 1725/6250 episodes, total num timesteps 5523200/20000000, FPS 3510.

average episode rewards is -117.35527515411377

 Scenario simple_spread Algo ua_rep_mappo Exp b2_ua_rep_mappo updates 1730/6250 episodes, total num timesteps 5539200/20000000, FPS 3510.

average episode rewards is -118.0539608001709

 Scenario simple_spread Algo ua_rep_mappo Exp b2_ua_rep_mappo updates 1735/6250 episodes, total num timesteps 5555200/20000000, FPS 3509.

average episode rewards is -118.56319904327393

 Scenario simple_spread Algo ua_rep_mappo Exp b2_ua_rep_mappo updates 1740/6250 episodes, total num timesteps 5571200/20000000, FPS 3510.

average episode rewards is -116.86015129089355

 Scenario simple_spread Algo ua_rep_mappo Exp b2_ua_rep_mappo updates 1745/6250 episodes, total num timesteps 5587200/20000000, FPS 3510.

average episode rewards is -120.81774473190308

 Scenario simple_spread Algo ua_rep_mappo Exp b2_ua_rep_mappo updates 1750/6250 episodes, total num timesteps 5603200/20000000, FPS 3510.

average episode rewards is -120.7453966140747

 Scenario simple_spread Algo ua_rep_mappo Exp b2_ua_rep_mappo updates 1755/6250 episodes, total num timesteps 5619200/20000000, FPS 3510.

average episode rewards is -119.05428171157837

 Scenario simple_spread Algo ua_rep_mappo Exp b2_ua_rep_mappo updates 1760/6250 episodes, total num timesteps 5635200/20000000, FPS 3510.

average episode rewards is -121.96751832962036

 Scenario simple_spread Algo ua_rep_mappo Exp b2_ua_rep_mappo updates 1765/6250 episodes, total num timesteps 5651200/20000000, FPS 3510.

average episode rewards is -119.26379203796387

 Scenario simple_spread Algo ua_rep_mappo Exp b2_ua_rep_mappo updates 1770/6250 episodes, total num timesteps 5667200/20000000, FPS 3510.

average episode rewards is -122.7880597114563

 Scenario simple_spread Algo ua_rep_mappo Exp b2_ua_rep_mappo updates 1775/6250 episodes, total num timesteps 5683200/20000000, FPS 3510.

average episode rewards is -117.34455823898315

 Scenario simple_spread Algo ua_rep_mappo Exp b2_ua_rep_mappo updates 1780/6250 episodes, total num timesteps 5699200/20000000, FPS 3511.

average episode rewards is -117.88811683654785

 Scenario simple_spread Algo ua_rep_mappo Exp b2_ua_rep_mappo updates 1785/6250 episodes, total num timesteps 5715200/20000000, FPS 3511.

average episode rewards is -120.92658281326294

 Scenario simple_spread Algo ua_rep_mappo Exp b2_ua_rep_mappo updates 1790/6250 episodes, total num timesteps 5731200/20000000, FPS 3510.

average episode rewards is -119.88027095794678

 Scenario simple_spread Algo ua_rep_mappo Exp b2_ua_rep_mappo updates 1795/6250 episodes, total num timesteps 5747200/20000000, FPS 3511.

average episode rewards is -119.55013275146484

 Scenario simple_spread Algo ua_rep_mappo Exp b2_ua_rep_mappo updates 1800/6250 episodes, total num timesteps 5763200/20000000, FPS 3511.

average episode rewards is -116.27001762390137

 Scenario simple_spread Algo ua_rep_mappo Exp b2_ua_rep_mappo updates 1805/6250 episodes, total num timesteps 5779200/20000000, FPS 3511.

average episode rewards is -116.34440422058105

 Scenario simple_spread Algo ua_rep_mappo Exp b2_ua_rep_mappo updates 1810/6250 episodes, total num timesteps 5795200/20000000, FPS 3511.

average episode rewards is -119.91325616836548

 Scenario simple_spread Algo ua_rep_mappo Exp b2_ua_rep_mappo updates 1815/6250 episodes, total num timesteps 5811200/20000000, FPS 3511.

average episode rewards is -117.91766881942749

 Scenario simple_spread Algo ua_rep_mappo Exp b2_ua_rep_mappo updates 1820/6250 episodes, total num timesteps 5827200/20000000, FPS 3511.

average episode rewards is -119.18392181396484

 Scenario simple_spread Algo ua_rep_mappo Exp b2_ua_rep_mappo updates 1825/6250 episodes, total num timesteps 5843200/20000000, FPS 3511.

average episode rewards is -120.27589082717896

 Scenario simple_spread Algo ua_rep_mappo Exp b2_ua_rep_mappo updates 1830/6250 episodes, total num timesteps 5859200/20000000, FPS 3511.

average episode rewards is -119.55405473709106

 Scenario simple_spread Algo ua_rep_mappo Exp b2_ua_rep_mappo updates 1835/6250 episodes, total num timesteps 5875200/20000000, FPS 3511.

average episode rewards is -118.73257160186768

 Scenario simple_spread Algo ua_rep_mappo Exp b2_ua_rep_mappo updates 1840/6250 episodes, total num timesteps 5891200/20000000, FPS 3511.

average episode rewards is -119.25555467605591

 Scenario simple_spread Algo ua_rep_mappo Exp b2_ua_rep_mappo updates 1845/6250 episodes, total num timesteps 5907200/20000000, FPS 3511.

average episode rewards is -120.2263593673706

 Scenario simple_spread Algo ua_rep_mappo Exp b2_ua_rep_mappo updates 1850/6250 episodes, total num timesteps 5923200/20000000, FPS 3511.

average episode rewards is -122.13330268859863

 Scenario simple_spread Algo ua_rep_mappo Exp b2_ua_rep_mappo updates 1855/6250 episodes, total num timesteps 5939200/20000000, FPS 3510.

average episode rewards is -119.38635110855103

 Scenario simple_spread Algo ua_rep_mappo Exp b2_ua_rep_mappo updates 1860/6250 episodes, total num timesteps 5955200/20000000, FPS 3510.

average episode rewards is -117.7332878112793

 Scenario simple_spread Algo ua_rep_mappo Exp b2_ua_rep_mappo updates 1865/6250 episodes, total num timesteps 5971200/20000000, FPS 3510.

average episode rewards is -117.3639178276062

 Scenario simple_spread Algo ua_rep_mappo Exp b2_ua_rep_mappo updates 1870/6250 episodes, total num timesteps 5987200/20000000, FPS 3510.

average episode rewards is -120.45121192932129

 Scenario simple_spread Algo ua_rep_mappo Exp b2_ua_rep_mappo updates 1875/6250 episodes, total num timesteps 6003200/20000000, FPS 3510.

average episode rewards is -117.87296533584595

 Scenario simple_spread Algo ua_rep_mappo Exp b2_ua_rep_mappo updates 1880/6250 episodes, total num timesteps 6019200/20000000, FPS 3510.

average episode rewards is -117.63283014297485

 Scenario simple_spread Algo ua_rep_mappo Exp b2_ua_rep_mappo updates 1885/6250 episodes, total num timesteps 6035200/20000000, FPS 3510.

average episode rewards is -120.22178173065186

 Scenario simple_spread Algo ua_rep_mappo Exp b2_ua_rep_mappo updates 1890/6250 episodes, total num timesteps 6051200/20000000, FPS 3510.

average episode rewards is -117.27077960968018

 Scenario simple_spread Algo ua_rep_mappo Exp b2_ua_rep_mappo updates 1895/6250 episodes, total num timesteps 6067200/20000000, FPS 3510.

average episode rewards is -115.20140171051025

 Scenario simple_spread Algo ua_rep_mappo Exp b2_ua_rep_mappo updates 1900/6250 episodes, total num timesteps 6083200/20000000, FPS 3510.

average episode rewards is -117.88793802261353

 Scenario simple_spread Algo ua_rep_mappo Exp b2_ua_rep_mappo updates 1905/6250 episodes, total num timesteps 6099200/20000000, FPS 3510.

average episode rewards is -119.43221092224121

 Scenario simple_spread Algo ua_rep_mappo Exp b2_ua_rep_mappo updates 1910/6250 episodes, total num timesteps 6115200/20000000, FPS 3510.

average episode rewards is -119.82026100158691

 Scenario simple_spread Algo ua_rep_mappo Exp b2_ua_rep_mappo updates 1915/6250 episodes, total num timesteps 6131200/20000000, FPS 3509.

average episode rewards is -118.01071166992188

 Scenario simple_spread Algo ua_rep_mappo Exp b2_ua_rep_mappo updates 1920/6250 episodes, total num timesteps 6147200/20000000, FPS 3509.

average episode rewards is -117.32417345046997

 Scenario simple_spread Algo ua_rep_mappo Exp b2_ua_rep_mappo updates 1925/6250 episodes, total num timesteps 6163200/20000000, FPS 3509.

average episode rewards is -120.75529098510742

 Scenario simple_spread Algo ua_rep_mappo Exp b2_ua_rep_mappo updates 1930/6250 episodes, total num timesteps 6179200/20000000, FPS 3509.

average episode rewards is -116.65699481964111

 Scenario simple_spread Algo ua_rep_mappo Exp b2_ua_rep_mappo updates 1935/6250 episodes, total num timesteps 6195200/20000000, FPS 3508.

average episode rewards is -120.81526517868042

 Scenario simple_spread Algo ua_rep_mappo Exp b2_ua_rep_mappo updates 1940/6250 episodes, total num timesteps 6211200/20000000, FPS 3508.

average episode rewards is -116.29087924957275

 Scenario simple_spread Algo ua_rep_mappo Exp b2_ua_rep_mappo updates 1945/6250 episodes, total num timesteps 6227200/20000000, FPS 3508.

average episode rewards is -117.04322099685669

 Scenario simple_spread Algo ua_rep_mappo Exp b2_ua_rep_mappo updates 1950/6250 episodes, total num timesteps 6243200/20000000, FPS 3507.

average episode rewards is -116.82597398757935

 Scenario simple_spread Algo ua_rep_mappo Exp b2_ua_rep_mappo updates 1955/6250 episodes, total num timesteps 6259200/20000000, FPS 3507.

average episode rewards is -119.72861289978027

 Scenario simple_spread Algo ua_rep_mappo Exp b2_ua_rep_mappo updates 1960/6250 episodes, total num timesteps 6275200/20000000, FPS 3507.

average episode rewards is -117.93402433395386

 Scenario simple_spread Algo ua_rep_mappo Exp b2_ua_rep_mappo updates 1965/6250 episodes, total num timesteps 6291200/20000000, FPS 3507.

average episode rewards is -117.73722171783447

 Scenario simple_spread Algo ua_rep_mappo Exp b2_ua_rep_mappo updates 1970/6250 episodes, total num timesteps 6307200/20000000, FPS 3507.

average episode rewards is -118.2340145111084

 Scenario simple_spread Algo ua_rep_mappo Exp b2_ua_rep_mappo updates 1975/6250 episodes, total num timesteps 6323200/20000000, FPS 3507.

average episode rewards is -116.39291048049927

 Scenario simple_spread Algo ua_rep_mappo Exp b2_ua_rep_mappo updates 1980/6250 episodes, total num timesteps 6339200/20000000, FPS 3507.

average episode rewards is -117.7272081375122

 Scenario simple_spread Algo ua_rep_mappo Exp b2_ua_rep_mappo updates 1985/6250 episodes, total num timesteps 6355200/20000000, FPS 3507.

average episode rewards is -118.6113715171814

 Scenario simple_spread Algo ua_rep_mappo Exp b2_ua_rep_mappo updates 1990/6250 episodes, total num timesteps 6371200/20000000, FPS 3507.

average episode rewards is -117.90238618850708

 Scenario simple_spread Algo ua_rep_mappo Exp b2_ua_rep_mappo updates 1995/6250 episodes, total num timesteps 6387200/20000000, FPS 3506.

average episode rewards is -121.61911725997925

 Scenario simple_spread Algo ua_rep_mappo Exp b2_ua_rep_mappo updates 2000/6250 episodes, total num timesteps 6403200/20000000, FPS 3506.

average episode rewards is -117.73685216903687

 Scenario simple_spread Algo ua_rep_mappo Exp b2_ua_rep_mappo updates 2005/6250 episodes, total num timesteps 6419200/20000000, FPS 3506.

average episode rewards is -118.78235340118408

 Scenario simple_spread Algo ua_rep_mappo Exp b2_ua_rep_mappo updates 2010/6250 episodes, total num timesteps 6435200/20000000, FPS 3506.

average episode rewards is -116.27683639526367

 Scenario simple_spread Algo ua_rep_mappo Exp b2_ua_rep_mappo updates 2015/6250 episodes, total num timesteps 6451200/20000000, FPS 3506.

average episode rewards is -118.60873699188232

 Scenario simple_spread Algo ua_rep_mappo Exp b2_ua_rep_mappo updates 2020/6250 episodes, total num timesteps 6467200/20000000, FPS 3506.

average episode rewards is -119.40947771072388

 Scenario simple_spread Algo ua_rep_mappo Exp b2_ua_rep_mappo updates 2025/6250 episodes, total num timesteps 6483200/20000000, FPS 3506.

average episode rewards is -119.06589269638062

 Scenario simple_spread Algo ua_rep_mappo Exp b2_ua_rep_mappo updates 2030/6250 episodes, total num timesteps 6499200/20000000, FPS 3505.

average episode rewards is -117.51710176467896

 Scenario simple_spread Algo ua_rep_mappo Exp b2_ua_rep_mappo updates 2035/6250 episodes, total num timesteps 6515200/20000000, FPS 3505.

average episode rewards is -118.78595352172852

 Scenario simple_spread Algo ua_rep_mappo Exp b2_ua_rep_mappo updates 2040/6250 episodes, total num timesteps 6531200/20000000, FPS 3505.

average episode rewards is -118.45159530639648

 Scenario simple_spread Algo ua_rep_mappo Exp b2_ua_rep_mappo updates 2045/6250 episodes, total num timesteps 6547200/20000000, FPS 3505.

average episode rewards is -120.85204124450684

 Scenario simple_spread Algo ua_rep_mappo Exp b2_ua_rep_mappo updates 2050/6250 episodes, total num timesteps 6563200/20000000, FPS 3505.

average episode rewards is -118.36404800415039

 Scenario simple_spread Algo ua_rep_mappo Exp b2_ua_rep_mappo updates 2055/6250 episodes, total num timesteps 6579200/20000000, FPS 3504.

average episode rewards is -119.6854829788208

 Scenario simple_spread Algo ua_rep_mappo Exp b2_ua_rep_mappo updates 2060/6250 episodes, total num timesteps 6595200/20000000, FPS 3504.

average episode rewards is -118.13703775405884

 Scenario simple_spread Algo ua_rep_mappo Exp b2_ua_rep_mappo updates 2065/6250 episodes, total num timesteps 6611200/20000000, FPS 3504.

average episode rewards is -115.65191745758057

 Scenario simple_spread Algo ua_rep_mappo Exp b2_ua_rep_mappo updates 2070/6250 episodes, total num timesteps 6627200/20000000, FPS 3504.

average episode rewards is -117.0997142791748

 Scenario simple_spread Algo ua_rep_mappo Exp b2_ua_rep_mappo updates 2075/6250 episodes, total num timesteps 6643200/20000000, FPS 3503.

average episode rewards is -117.23799705505371

 Scenario simple_spread Algo ua_rep_mappo Exp b2_ua_rep_mappo updates 2080/6250 episodes, total num timesteps 6659200/20000000, FPS 3504.

average episode rewards is -119.91736888885498

 Scenario simple_spread Algo ua_rep_mappo Exp b2_ua_rep_mappo updates 2085/6250 episodes, total num timesteps 6675200/20000000, FPS 3503.

average episode rewards is -119.6444034576416

 Scenario simple_spread Algo ua_rep_mappo Exp b2_ua_rep_mappo updates 2090/6250 episodes, total num timesteps 6691200/20000000, FPS 3503.

average episode rewards is -120.37632465362549

 Scenario simple_spread Algo ua_rep_mappo Exp b2_ua_rep_mappo updates 2095/6250 episodes, total num timesteps 6707200/20000000, FPS 3503.

average episode rewards is -119.28298473358154

 Scenario simple_spread Algo ua_rep_mappo Exp b2_ua_rep_mappo updates 2100/6250 episodes, total num timesteps 6723200/20000000, FPS 3503.

average episode rewards is -117.98431873321533

 Scenario simple_spread Algo ua_rep_mappo Exp b2_ua_rep_mappo updates 2105/6250 episodes, total num timesteps 6739200/20000000, FPS 3504.

average episode rewards is -120.88462114334106

 Scenario simple_spread Algo ua_rep_mappo Exp b2_ua_rep_mappo updates 2110/6250 episodes, total num timesteps 6755200/20000000, FPS 3504.

average episode rewards is -118.66040229797363

 Scenario simple_spread Algo ua_rep_mappo Exp b2_ua_rep_mappo updates 2115/6250 episodes, total num timesteps 6771200/20000000, FPS 3505.

average episode rewards is -119.89083290100098

 Scenario simple_spread Algo ua_rep_mappo Exp b2_ua_rep_mappo updates 2120/6250 episodes, total num timesteps 6787200/20000000, FPS 3504.

average episode rewards is -118.3802843093872

 Scenario simple_spread Algo ua_rep_mappo Exp b2_ua_rep_mappo updates 2125/6250 episodes, total num timesteps 6803200/20000000, FPS 3504.

average episode rewards is -120.22596597671509

 Scenario simple_spread Algo ua_rep_mappo Exp b2_ua_rep_mappo updates 2130/6250 episodes, total num timesteps 6819200/20000000, FPS 3504.

average episode rewards is -119.2807674407959

 Scenario simple_spread Algo ua_rep_mappo Exp b2_ua_rep_mappo updates 2135/6250 episodes, total num timesteps 6835200/20000000, FPS 3504.

average episode rewards is -118.5937762260437

 Scenario simple_spread Algo ua_rep_mappo Exp b2_ua_rep_mappo updates 2140/6250 episodes, total num timesteps 6851200/20000000, FPS 3504.

average episode rewards is -116.12298488616943

 Scenario simple_spread Algo ua_rep_mappo Exp b2_ua_rep_mappo updates 2145/6250 episodes, total num timesteps 6867200/20000000, FPS 3504.

average episode rewards is -118.5856819152832

 Scenario simple_spread Algo ua_rep_mappo Exp b2_ua_rep_mappo updates 2150/6250 episodes, total num timesteps 6883200/20000000, FPS 3504.

average episode rewards is -118.50464344024658

 Scenario simple_spread Algo ua_rep_mappo Exp b2_ua_rep_mappo updates 2155/6250 episodes, total num timesteps 6899200/20000000, FPS 3504.

average episode rewards is -115.90794324874878

 Scenario simple_spread Algo ua_rep_mappo Exp b2_ua_rep_mappo updates 2160/6250 episodes, total num timesteps 6915200/20000000, FPS 3504.

average episode rewards is -116.22542142868042

 Scenario simple_spread Algo ua_rep_mappo Exp b2_ua_rep_mappo updates 2165/6250 episodes, total num timesteps 6931200/20000000, FPS 3504.

average episode rewards is -117.11007356643677

 Scenario simple_spread Algo ua_rep_mappo Exp b2_ua_rep_mappo updates 2170/6250 episodes, total num timesteps 6947200/20000000, FPS 3504.

average episode rewards is -118.89201402664185

 Scenario simple_spread Algo ua_rep_mappo Exp b2_ua_rep_mappo updates 2175/6250 episodes, total num timesteps 6963200/20000000, FPS 3504.

average episode rewards is -117.86928176879883

 Scenario simple_spread Algo ua_rep_mappo Exp b2_ua_rep_mappo updates 2180/6250 episodes, total num timesteps 6979200/20000000, FPS 3504.

average episode rewards is -120.71393728256226

 Scenario simple_spread Algo ua_rep_mappo Exp b2_ua_rep_mappo updates 2185/6250 episodes, total num timesteps 6995200/20000000, FPS 3504.

average episode rewards is -118.84151697158813

 Scenario simple_spread Algo ua_rep_mappo Exp b2_ua_rep_mappo updates 2190/6250 episodes, total num timesteps 7011200/20000000, FPS 3504.

average episode rewards is -118.17489862442017

 Scenario simple_spread Algo ua_rep_mappo Exp b2_ua_rep_mappo updates 2195/6250 episodes, total num timesteps 7027200/20000000, FPS 3504.

average episode rewards is -117.56308078765869

 Scenario simple_spread Algo ua_rep_mappo Exp b2_ua_rep_mappo updates 2200/6250 episodes, total num timesteps 7043200/20000000, FPS 3504.

average episode rewards is -116.68184995651245

 Scenario simple_spread Algo ua_rep_mappo Exp b2_ua_rep_mappo updates 2205/6250 episodes, total num timesteps 7059200/20000000, FPS 3504.

average episode rewards is -117.42383241653442

 Scenario simple_spread Algo ua_rep_mappo Exp b2_ua_rep_mappo updates 2210/6250 episodes, total num timesteps 7075200/20000000, FPS 3504.

average episode rewards is -120.39110660552979

 Scenario simple_spread Algo ua_rep_mappo Exp b2_ua_rep_mappo updates 2215/6250 episodes, total num timesteps 7091200/20000000, FPS 3504.

average episode rewards is -117.46493577957153

 Scenario simple_spread Algo ua_rep_mappo Exp b2_ua_rep_mappo updates 2220/6250 episodes, total num timesteps 7107200/20000000, FPS 3504.

average episode rewards is -115.12188911437988

 Scenario simple_spread Algo ua_rep_mappo Exp b2_ua_rep_mappo updates 2225/6250 episodes, total num timesteps 7123200/20000000, FPS 3505.

average episode rewards is -115.75417518615723

 Scenario simple_spread Algo ua_rep_mappo Exp b2_ua_rep_mappo updates 2230/6250 episodes, total num timesteps 7139200/20000000, FPS 3504.

average episode rewards is -118.79935264587402

 Scenario simple_spread Algo ua_rep_mappo Exp b2_ua_rep_mappo updates 2235/6250 episodes, total num timesteps 7155200/20000000, FPS 3505.

average episode rewards is -120.42149305343628

 Scenario simple_spread Algo ua_rep_mappo Exp b2_ua_rep_mappo updates 2240/6250 episodes, total num timesteps 7171200/20000000, FPS 3504.

average episode rewards is -115.60407876968384

 Scenario simple_spread Algo ua_rep_mappo Exp b2_ua_rep_mappo updates 2245/6250 episodes, total num timesteps 7187200/20000000, FPS 3505.

average episode rewards is -118.96594762802124

 Scenario simple_spread Algo ua_rep_mappo Exp b2_ua_rep_mappo updates 2250/6250 episodes, total num timesteps 7203200/20000000, FPS 3505.

average episode rewards is -118.22402477264404

 Scenario simple_spread Algo ua_rep_mappo Exp b2_ua_rep_mappo updates 2255/6250 episodes, total num timesteps 7219200/20000000, FPS 3505.

average episode rewards is -119.2733645439148

 Scenario simple_spread Algo ua_rep_mappo Exp b2_ua_rep_mappo updates 2260/6250 episodes, total num timesteps 7235200/20000000, FPS 3504.

average episode rewards is -118.76658201217651

 Scenario simple_spread Algo ua_rep_mappo Exp b2_ua_rep_mappo updates 2265/6250 episodes, total num timesteps 7251200/20000000, FPS 3504.

average episode rewards is -115.00619649887085

 Scenario simple_spread Algo ua_rep_mappo Exp b2_ua_rep_mappo updates 2270/6250 episodes, total num timesteps 7267200/20000000, FPS 3504.

average episode rewards is -119.68193054199219

 Scenario simple_spread Algo ua_rep_mappo Exp b2_ua_rep_mappo updates 2275/6250 episodes, total num timesteps 7283200/20000000, FPS 3504.

average episode rewards is -115.07259607315063

 Scenario simple_spread Algo ua_rep_mappo Exp b2_ua_rep_mappo updates 2280/6250 episodes, total num timesteps 7299200/20000000, FPS 3504.

average episode rewards is -118.64050626754761

 Scenario simple_spread Algo ua_rep_mappo Exp b2_ua_rep_mappo updates 2285/6250 episodes, total num timesteps 7315200/20000000, FPS 3504.

average episode rewards is -116.18707180023193

 Scenario simple_spread Algo ua_rep_mappo Exp b2_ua_rep_mappo updates 2290/6250 episodes, total num timesteps 7331200/20000000, FPS 3504.

average episode rewards is -117.46025085449219

 Scenario simple_spread Algo ua_rep_mappo Exp b2_ua_rep_mappo updates 2295/6250 episodes, total num timesteps 7347200/20000000, FPS 3504.

average episode rewards is -116.8599009513855

 Scenario simple_spread Algo ua_rep_mappo Exp b2_ua_rep_mappo updates 2300/6250 episodes, total num timesteps 7363200/20000000, FPS 3505.

average episode rewards is -115.55167436599731

 Scenario simple_spread Algo ua_rep_mappo Exp b2_ua_rep_mappo updates 2305/6250 episodes, total num timesteps 7379200/20000000, FPS 3505.

average episode rewards is -117.4188494682312

 Scenario simple_spread Algo ua_rep_mappo Exp b2_ua_rep_mappo updates 2310/6250 episodes, total num timesteps 7395200/20000000, FPS 3504.

average episode rewards is -118.08427572250366

 Scenario simple_spread Algo ua_rep_mappo Exp b2_ua_rep_mappo updates 2315/6250 episodes, total num timesteps 7411200/20000000, FPS 3504.

average episode rewards is -119.97652053833008

 Scenario simple_spread Algo ua_rep_mappo Exp b2_ua_rep_mappo updates 2320/6250 episodes, total num timesteps 7427200/20000000, FPS 3504.

average episode rewards is -117.35724210739136

 Scenario simple_spread Algo ua_rep_mappo Exp b2_ua_rep_mappo updates 2325/6250 episodes, total num timesteps 7443200/20000000, FPS 3504.

average episode rewards is -116.28918647766113

 Scenario simple_spread Algo ua_rep_mappo Exp b2_ua_rep_mappo updates 2330/6250 episodes, total num timesteps 7459200/20000000, FPS 3504.

average episode rewards is -117.08759069442749

 Scenario simple_spread Algo ua_rep_mappo Exp b2_ua_rep_mappo updates 2335/6250 episodes, total num timesteps 7475200/20000000, FPS 3505.

average episode rewards is -115.72315692901611

 Scenario simple_spread Algo ua_rep_mappo Exp b2_ua_rep_mappo updates 2340/6250 episodes, total num timesteps 7491200/20000000, FPS 3505.

average episode rewards is -117.26803779602051

 Scenario simple_spread Algo ua_rep_mappo Exp b2_ua_rep_mappo updates 2345/6250 episodes, total num timesteps 7507200/20000000, FPS 3505.

average episode rewards is -117.35875606536865

 Scenario simple_spread Algo ua_rep_mappo Exp b2_ua_rep_mappo updates 2350/6250 episodes, total num timesteps 7523200/20000000, FPS 3505.

average episode rewards is -116.7637586593628

 Scenario simple_spread Algo ua_rep_mappo Exp b2_ua_rep_mappo updates 2355/6250 episodes, total num timesteps 7539200/20000000, FPS 3505.

average episode rewards is -117.85304546356201

 Scenario simple_spread Algo ua_rep_mappo Exp b2_ua_rep_mappo updates 2360/6250 episodes, total num timesteps 7555200/20000000, FPS 3505.

average episode rewards is -117.36711263656616

 Scenario simple_spread Algo ua_rep_mappo Exp b2_ua_rep_mappo updates 2365/6250 episodes, total num timesteps 7571200/20000000, FPS 3504.

average episode rewards is -116.86062812805176

 Scenario simple_spread Algo ua_rep_mappo Exp b2_ua_rep_mappo updates 2370/6250 episodes, total num timesteps 7587200/20000000, FPS 3504.

average episode rewards is -119.2585825920105

 Scenario simple_spread Algo ua_rep_mappo Exp b2_ua_rep_mappo updates 2375/6250 episodes, total num timesteps 7603200/20000000, FPS 3504.

average episode rewards is -118.17717552185059

 Scenario simple_spread Algo ua_rep_mappo Exp b2_ua_rep_mappo updates 2380/6250 episodes, total num timesteps 7619200/20000000, FPS 3504.

average episode rewards is -115.39192199707031

 Scenario simple_spread Algo ua_rep_mappo Exp b2_ua_rep_mappo updates 2385/6250 episodes, total num timesteps 7635200/20000000, FPS 3504.

average episode rewards is -116.41485691070557

 Scenario simple_spread Algo ua_rep_mappo Exp b2_ua_rep_mappo updates 2390/6250 episodes, total num timesteps 7651200/20000000, FPS 3504.

average episode rewards is -116.73486232757568

 Scenario simple_spread Algo ua_rep_mappo Exp b2_ua_rep_mappo updates 2395/6250 episodes, total num timesteps 7667200/20000000, FPS 3504.

average episode rewards is -117.68521070480347

 Scenario simple_spread Algo ua_rep_mappo Exp b2_ua_rep_mappo updates 2400/6250 episodes, total num timesteps 7683200/20000000, FPS 3504.

average episode rewards is -117.50575304031372

 Scenario simple_spread Algo ua_rep_mappo Exp b2_ua_rep_mappo updates 2405/6250 episodes, total num timesteps 7699200/20000000, FPS 3504.

average episode rewards is -117.91402101516724

 Scenario simple_spread Algo ua_rep_mappo Exp b2_ua_rep_mappo updates 2410/6250 episodes, total num timesteps 7715200/20000000, FPS 3504.

average episode rewards is -118.46767663955688

 Scenario simple_spread Algo ua_rep_mappo Exp b2_ua_rep_mappo updates 2415/6250 episodes, total num timesteps 7731200/20000000, FPS 3503.

average episode rewards is -118.84042024612427

 Scenario simple_spread Algo ua_rep_mappo Exp b2_ua_rep_mappo updates 2420/6250 episodes, total num timesteps 7747200/20000000, FPS 3503.

average episode rewards is -116.07913970947266

 Scenario simple_spread Algo ua_rep_mappo Exp b2_ua_rep_mappo updates 2425/6250 episodes, total num timesteps 7763200/20000000, FPS 3503.

average episode rewards is -115.85482358932495

 Scenario simple_spread Algo ua_rep_mappo Exp b2_ua_rep_mappo updates 2430/6250 episodes, total num timesteps 7779200/20000000, FPS 3504.

average episode rewards is -117.10668802261353

 Scenario simple_spread Algo ua_rep_mappo Exp b2_ua_rep_mappo updates 2435/6250 episodes, total num timesteps 7795200/20000000, FPS 3504.

average episode rewards is -115.98223447799683

 Scenario simple_spread Algo ua_rep_mappo Exp b2_ua_rep_mappo updates 2440/6250 episodes, total num timesteps 7811200/20000000, FPS 3504.

average episode rewards is -117.71069765090942

 Scenario simple_spread Algo ua_rep_mappo Exp b2_ua_rep_mappo updates 2445/6250 episodes, total num timesteps 7827200/20000000, FPS 3504.

average episode rewards is -117.9114818572998

 Scenario simple_spread Algo ua_rep_mappo Exp b2_ua_rep_mappo updates 2450/6250 episodes, total num timesteps 7843200/20000000, FPS 3504.

average episode rewards is -116.25319719314575

 Scenario simple_spread Algo ua_rep_mappo Exp b2_ua_rep_mappo updates 2455/6250 episodes, total num timesteps 7859200/20000000, FPS 3504.

average episode rewards is -116.06402397155762

 Scenario simple_spread Algo ua_rep_mappo Exp b2_ua_rep_mappo updates 2460/6250 episodes, total num timesteps 7875200/20000000, FPS 3504.

average episode rewards is -115.83220958709717

 Scenario simple_spread Algo ua_rep_mappo Exp b2_ua_rep_mappo updates 2465/6250 episodes, total num timesteps 7891200/20000000, FPS 3504.

average episode rewards is -116.08084440231323

 Scenario simple_spread Algo ua_rep_mappo Exp b2_ua_rep_mappo updates 2470/6250 episodes, total num timesteps 7907200/20000000, FPS 3504.

average episode rewards is -115.40071964263916

 Scenario simple_spread Algo ua_rep_mappo Exp b2_ua_rep_mappo updates 2475/6250 episodes, total num timesteps 7923200/20000000, FPS 3504.

average episode rewards is -117.59250164031982

 Scenario simple_spread Algo ua_rep_mappo Exp b2_ua_rep_mappo updates 2480/6250 episodes, total num timesteps 7939200/20000000, FPS 3504.

average episode rewards is -116.03178977966309

 Scenario simple_spread Algo ua_rep_mappo Exp b2_ua_rep_mappo updates 2485/6250 episodes, total num timesteps 7955200/20000000, FPS 3504.

average episode rewards is -116.93576574325562

 Scenario simple_spread Algo ua_rep_mappo Exp b2_ua_rep_mappo updates 2490/6250 episodes, total num timesteps 7971200/20000000, FPS 3504.

average episode rewards is -119.23927068710327

 Scenario simple_spread Algo ua_rep_mappo Exp b2_ua_rep_mappo updates 2495/6250 episodes, total num timesteps 7987200/20000000, FPS 3505.

average episode rewards is -118.25134754180908

 Scenario simple_spread Algo ua_rep_mappo Exp b2_ua_rep_mappo updates 2500/6250 episodes, total num timesteps 8003200/20000000, FPS 3505.

average episode rewards is -116.64708852767944

 Scenario simple_spread Algo ua_rep_mappo Exp b2_ua_rep_mappo updates 2505/6250 episodes, total num timesteps 8019200/20000000, FPS 3505.

average episode rewards is -114.66566324234009

 Scenario simple_spread Algo ua_rep_mappo Exp b2_ua_rep_mappo updates 2510/6250 episodes, total num timesteps 8035200/20000000, FPS 3505.

average episode rewards is -120.06067037582397

 Scenario simple_spread Algo ua_rep_mappo Exp b2_ua_rep_mappo updates 2515/6250 episodes, total num timesteps 8051200/20000000, FPS 3505.

average episode rewards is -117.71610975265503

 Scenario simple_spread Algo ua_rep_mappo Exp b2_ua_rep_mappo updates 2520/6250 episodes, total num timesteps 8067200/20000000, FPS 3505.

average episode rewards is -117.65416860580444

 Scenario simple_spread Algo ua_rep_mappo Exp b2_ua_rep_mappo updates 2525/6250 episodes, total num timesteps 8083200/20000000, FPS 3505.

average episode rewards is -119.77922916412354

 Scenario simple_spread Algo ua_rep_mappo Exp b2_ua_rep_mappo updates 2530/6250 episodes, total num timesteps 8099200/20000000, FPS 3505.

average episode rewards is -118.19530725479126

 Scenario simple_spread Algo ua_rep_mappo Exp b2_ua_rep_mappo updates 2535/6250 episodes, total num timesteps 8115200/20000000, FPS 3506.

average episode rewards is -118.1943416595459

 Scenario simple_spread Algo ua_rep_mappo Exp b2_ua_rep_mappo updates 2540/6250 episodes, total num timesteps 8131200/20000000, FPS 3506.

average episode rewards is -117.33965873718262

 Scenario simple_spread Algo ua_rep_mappo Exp b2_ua_rep_mappo updates 2545/6250 episodes, total num timesteps 8147200/20000000, FPS 3506.

average episode rewards is -119.45550441741943

 Scenario simple_spread Algo ua_rep_mappo Exp b2_ua_rep_mappo updates 2550/6250 episodes, total num timesteps 8163200/20000000, FPS 3506.

average episode rewards is -115.9111738204956

 Scenario simple_spread Algo ua_rep_mappo Exp b2_ua_rep_mappo updates 2555/6250 episodes, total num timesteps 8179200/20000000, FPS 3506.

average episode rewards is -117.21307039260864

 Scenario simple_spread Algo ua_rep_mappo Exp b2_ua_rep_mappo updates 2560/6250 episodes, total num timesteps 8195200/20000000, FPS 3506.

average episode rewards is -116.54796600341797

 Scenario simple_spread Algo ua_rep_mappo Exp b2_ua_rep_mappo updates 2565/6250 episodes, total num timesteps 8211200/20000000, FPS 3506.

average episode rewards is -114.68209028244019

 Scenario simple_spread Algo ua_rep_mappo Exp b2_ua_rep_mappo updates 2570/6250 episodes, total num timesteps 8227200/20000000, FPS 3506.

average episode rewards is -117.1998381614685

 Scenario simple_spread Algo ua_rep_mappo Exp b2_ua_rep_mappo updates 2575/6250 episodes, total num timesteps 8243200/20000000, FPS 3506.

average episode rewards is -116.13357067108154

 Scenario simple_spread Algo ua_rep_mappo Exp b2_ua_rep_mappo updates 2580/6250 episodes, total num timesteps 8259200/20000000, FPS 3506.

average episode rewards is -116.64060354232788

 Scenario simple_spread Algo ua_rep_mappo Exp b2_ua_rep_mappo updates 2585/6250 episodes, total num timesteps 8275200/20000000, FPS 3505.

average episode rewards is -115.16295671463013

 Scenario simple_spread Algo ua_rep_mappo Exp b2_ua_rep_mappo updates 2590/6250 episodes, total num timesteps 8291200/20000000, FPS 3505.

average episode rewards is -115.1355504989624

 Scenario simple_spread Algo ua_rep_mappo Exp b2_ua_rep_mappo updates 2595/6250 episodes, total num timesteps 8307200/20000000, FPS 3506.

average episode rewards is -115.66429138183594

 Scenario simple_spread Algo ua_rep_mappo Exp b2_ua_rep_mappo updates 2600/6250 episodes, total num timesteps 8323200/20000000, FPS 3506.

average episode rewards is -116.66820049285889

 Scenario simple_spread Algo ua_rep_mappo Exp b2_ua_rep_mappo updates 2605/6250 episodes, total num timesteps 8339200/20000000, FPS 3506.

average episode rewards is -118.8754677772522

 Scenario simple_spread Algo ua_rep_mappo Exp b2_ua_rep_mappo updates 2610/6250 episodes, total num timesteps 8355200/20000000, FPS 3506.

average episode rewards is -118.36282014846802

 Scenario simple_spread Algo ua_rep_mappo Exp b2_ua_rep_mappo updates 2615/6250 episodes, total num timesteps 8371200/20000000, FPS 3506.

average episode rewards is -117.38367080688477

 Scenario simple_spread Algo ua_rep_mappo Exp b2_ua_rep_mappo updates 2620/6250 episodes, total num timesteps 8387200/20000000, FPS 3505.

average episode rewards is -116.5101170539856

 Scenario simple_spread Algo ua_rep_mappo Exp b2_ua_rep_mappo updates 2625/6250 episodes, total num timesteps 8403200/20000000, FPS 3505.

average episode rewards is -116.24225378036499

 Scenario simple_spread Algo ua_rep_mappo Exp b2_ua_rep_mappo updates 2630/6250 episodes, total num timesteps 8419200/20000000, FPS 3505.

average episode rewards is -116.02985858917236

 Scenario simple_spread Algo ua_rep_mappo Exp b2_ua_rep_mappo updates 2635/6250 episodes, total num timesteps 8435200/20000000, FPS 3505.

average episode rewards is -118.15674304962158

 Scenario simple_spread Algo ua_rep_mappo Exp b2_ua_rep_mappo updates 2640/6250 episodes, total num timesteps 8451200/20000000, FPS 3505.

average episode rewards is -115.37054777145386

 Scenario simple_spread Algo ua_rep_mappo Exp b2_ua_rep_mappo updates 2645/6250 episodes, total num timesteps 8467200/20000000, FPS 3505.

average episode rewards is -116.5053129196167

 Scenario simple_spread Algo ua_rep_mappo Exp b2_ua_rep_mappo updates 2650/6250 episodes, total num timesteps 8483200/20000000, FPS 3505.

average episode rewards is -118.0382251739502

 Scenario simple_spread Algo ua_rep_mappo Exp b2_ua_rep_mappo updates 2655/6250 episodes, total num timesteps 8499200/20000000, FPS 3505.

average episode rewards is -116.10743999481201

 Scenario simple_spread Algo ua_rep_mappo Exp b2_ua_rep_mappo updates 2660/6250 episodes, total num timesteps 8515200/20000000, FPS 3505.

average episode rewards is -117.22822189331055

 Scenario simple_spread Algo ua_rep_mappo Exp b2_ua_rep_mappo updates 2665/6250 episodes, total num timesteps 8531200/20000000, FPS 3505.

average episode rewards is -115.81673622131348

 Scenario simple_spread Algo ua_rep_mappo Exp b2_ua_rep_mappo updates 2670/6250 episodes, total num timesteps 8547200/20000000, FPS 3505.

average episode rewards is -115.85237979888916

 Scenario simple_spread Algo ua_rep_mappo Exp b2_ua_rep_mappo updates 2675/6250 episodes, total num timesteps 8563200/20000000, FPS 3505.

average episode rewards is -117.41676330566406

 Scenario simple_spread Algo ua_rep_mappo Exp b2_ua_rep_mappo updates 2680/6250 episodes, total num timesteps 8579200/20000000, FPS 3504.

average episode rewards is -116.24910831451416

 Scenario simple_spread Algo ua_rep_mappo Exp b2_ua_rep_mappo updates 2685/6250 episodes, total num timesteps 8595200/20000000, FPS 3505.

average episode rewards is -117.22235679626465

 Scenario simple_spread Algo ua_rep_mappo Exp b2_ua_rep_mappo updates 2690/6250 episodes, total num timesteps 8611200/20000000, FPS 3505.

average episode rewards is -117.59352684020996

 Scenario simple_spread Algo ua_rep_mappo Exp b2_ua_rep_mappo updates 2695/6250 episodes, total num timesteps 8627200/20000000, FPS 3505.

average episode rewards is -116.95656776428223

 Scenario simple_spread Algo ua_rep_mappo Exp b2_ua_rep_mappo updates 2700/6250 episodes, total num timesteps 8643200/20000000, FPS 3505.

average episode rewards is -117.94414520263672

 Scenario simple_spread Algo ua_rep_mappo Exp b2_ua_rep_mappo updates 2705/6250 episodes, total num timesteps 8659200/20000000, FPS 3504.

average episode rewards is -117.54472255706787

 Scenario simple_spread Algo ua_rep_mappo Exp b2_ua_rep_mappo updates 2710/6250 episodes, total num timesteps 8675200/20000000, FPS 3504.

average episode rewards is -117.25671291351318

 Scenario simple_spread Algo ua_rep_mappo Exp b2_ua_rep_mappo updates 2715/6250 episodes, total num timesteps 8691200/20000000, FPS 3504.

average episode rewards is -115.87183475494385

 Scenario simple_spread Algo ua_rep_mappo Exp b2_ua_rep_mappo updates 2720/6250 episodes, total num timesteps 8707200/20000000, FPS 3504.

average episode rewards is -113.93871307373047

 Scenario simple_spread Algo ua_rep_mappo Exp b2_ua_rep_mappo updates 2725/6250 episodes, total num timesteps 8723200/20000000, FPS 3504.

average episode rewards is -115.30563831329346

 Scenario simple_spread Algo ua_rep_mappo Exp b2_ua_rep_mappo updates 2730/6250 episodes, total num timesteps 8739200/20000000, FPS 3505.

average episode rewards is -115.19582271575928

 Scenario simple_spread Algo ua_rep_mappo Exp b2_ua_rep_mappo updates 2735/6250 episodes, total num timesteps 8755200/20000000, FPS 3504.

average episode rewards is -115.88318347930908

 Scenario simple_spread Algo ua_rep_mappo Exp b2_ua_rep_mappo updates 2740/6250 episodes, total num timesteps 8771200/20000000, FPS 3504.

average episode rewards is -115.03833532333374

 Scenario simple_spread Algo ua_rep_mappo Exp b2_ua_rep_mappo updates 2745/6250 episodes, total num timesteps 8787200/20000000, FPS 3504.

average episode rewards is -115.99013805389404

 Scenario simple_spread Algo ua_rep_mappo Exp b2_ua_rep_mappo updates 2750/6250 episodes, total num timesteps 8803200/20000000, FPS 3504.

average episode rewards is -115.98761081695557

 Scenario simple_spread Algo ua_rep_mappo Exp b2_ua_rep_mappo updates 2755/6250 episodes, total num timesteps 8819200/20000000, FPS 3504.

average episode rewards is -116.14784002304077

 Scenario simple_spread Algo ua_rep_mappo Exp b2_ua_rep_mappo updates 2760/6250 episodes, total num timesteps 8835200/20000000, FPS 3504.

average episode rewards is -114.56046104431152

 Scenario simple_spread Algo ua_rep_mappo Exp b2_ua_rep_mappo updates 2765/6250 episodes, total num timesteps 8851200/20000000, FPS 3504.

average episode rewards is -116.06020927429199

 Scenario simple_spread Algo ua_rep_mappo Exp b2_ua_rep_mappo updates 2770/6250 episodes, total num timesteps 8867200/20000000, FPS 3504.

average episode rewards is -113.28827142715454

 Scenario simple_spread Algo ua_rep_mappo Exp b2_ua_rep_mappo updates 2775/6250 episodes, total num timesteps 8883200/20000000, FPS 3504.

average episode rewards is -114.21236991882324

 Scenario simple_spread Algo ua_rep_mappo Exp b2_ua_rep_mappo updates 2780/6250 episodes, total num timesteps 8899200/20000000, FPS 3504.

average episode rewards is -118.50756406784058

 Scenario simple_spread Algo ua_rep_mappo Exp b2_ua_rep_mappo updates 2785/6250 episodes, total num timesteps 8915200/20000000, FPS 3504.

average episode rewards is -115.37575721740723

 Scenario simple_spread Algo ua_rep_mappo Exp b2_ua_rep_mappo updates 2790/6250 episodes, total num timesteps 8931200/20000000, FPS 3504.

average episode rewards is -117.82920360565186

 Scenario simple_spread Algo ua_rep_mappo Exp b2_ua_rep_mappo updates 2795/6250 episodes, total num timesteps 8947200/20000000, FPS 3504.

average episode rewards is -118.27600002288818

 Scenario simple_spread Algo ua_rep_mappo Exp b2_ua_rep_mappo updates 2800/6250 episodes, total num timesteps 8963200/20000000, FPS 3504.

average episode rewards is -115.86849689483643

 Scenario simple_spread Algo ua_rep_mappo Exp b2_ua_rep_mappo updates 2805/6250 episodes, total num timesteps 8979200/20000000, FPS 3504.

average episode rewards is -114.98416662216187

 Scenario simple_spread Algo ua_rep_mappo Exp b2_ua_rep_mappo updates 2810/6250 episodes, total num timesteps 8995200/20000000, FPS 3504.

average episode rewards is -116.35384559631348

 Scenario simple_spread Algo ua_rep_mappo Exp b2_ua_rep_mappo updates 2815/6250 episodes, total num timesteps 9011200/20000000, FPS 3504.

average episode rewards is -115.80402851104736

 Scenario simple_spread Algo ua_rep_mappo Exp b2_ua_rep_mappo updates 2820/6250 episodes, total num timesteps 9027200/20000000, FPS 3504.

average episode rewards is -117.17177629470825

 Scenario simple_spread Algo ua_rep_mappo Exp b2_ua_rep_mappo updates 2825/6250 episodes, total num timesteps 9043200/20000000, FPS 3504.

average episode rewards is -117.92688369750977

 Scenario simple_spread Algo ua_rep_mappo Exp b2_ua_rep_mappo updates 2830/6250 episodes, total num timesteps 9059200/20000000, FPS 3504.

average episode rewards is -116.51068925857544

 Scenario simple_spread Algo ua_rep_mappo Exp b2_ua_rep_mappo updates 2835/6250 episodes, total num timesteps 9075200/20000000, FPS 3504.

average episode rewards is -116.57106876373291

 Scenario simple_spread Algo ua_rep_mappo Exp b2_ua_rep_mappo updates 2840/6250 episodes, total num timesteps 9091200/20000000, FPS 3504.

average episode rewards is -114.75626230239868

 Scenario simple_spread Algo ua_rep_mappo Exp b2_ua_rep_mappo updates 2845/6250 episodes, total num timesteps 9107200/20000000, FPS 3504.

average episode rewards is -116.45317077636719

 Scenario simple_spread Algo ua_rep_mappo Exp b2_ua_rep_mappo updates 2850/6250 episodes, total num timesteps 9123200/20000000, FPS 3504.

average episode rewards is -117.45692491531372

 Scenario simple_spread Algo ua_rep_mappo Exp b2_ua_rep_mappo updates 2855/6250 episodes, total num timesteps 9139200/20000000, FPS 3504.

average episode rewards is -115.89199304580688

 Scenario simple_spread Algo ua_rep_mappo Exp b2_ua_rep_mappo updates 2860/6250 episodes, total num timesteps 9155200/20000000, FPS 3504.

average episode rewards is -117.17590093612671

 Scenario simple_spread Algo ua_rep_mappo Exp b2_ua_rep_mappo updates 2865/6250 episodes, total num timesteps 9171200/20000000, FPS 3504.

average episode rewards is -116.19466543197632

 Scenario simple_spread Algo ua_rep_mappo Exp b2_ua_rep_mappo updates 2870/6250 episodes, total num timesteps 9187200/20000000, FPS 3504.

average episode rewards is -116.86602830886841

 Scenario simple_spread Algo ua_rep_mappo Exp b2_ua_rep_mappo updates 2875/6250 episodes, total num timesteps 9203200/20000000, FPS 3504.

average episode rewards is -117.34449863433838

 Scenario simple_spread Algo ua_rep_mappo Exp b2_ua_rep_mappo updates 2880/6250 episodes, total num timesteps 9219200/20000000, FPS 3504.

average episode rewards is -115.61846733093262

 Scenario simple_spread Algo ua_rep_mappo Exp b2_ua_rep_mappo updates 2885/6250 episodes, total num timesteps 9235200/20000000, FPS 3504.

average episode rewards is -118.3591365814209

 Scenario simple_spread Algo ua_rep_mappo Exp b2_ua_rep_mappo updates 2890/6250 episodes, total num timesteps 9251200/20000000, FPS 3504.

average episode rewards is -116.15502834320068

 Scenario simple_spread Algo ua_rep_mappo Exp b2_ua_rep_mappo updates 2895/6250 episodes, total num timesteps 9267200/20000000, FPS 3504.

average episode rewards is -118.33587884902954

 Scenario simple_spread Algo ua_rep_mappo Exp b2_ua_rep_mappo updates 2900/6250 episodes, total num timesteps 9283200/20000000, FPS 3504.

average episode rewards is -114.63898420333862

 Scenario simple_spread Algo ua_rep_mappo Exp b2_ua_rep_mappo updates 2905/6250 episodes, total num timesteps 9299200/20000000, FPS 3503.

average episode rewards is -116.28350019454956

 Scenario simple_spread Algo ua_rep_mappo Exp b2_ua_rep_mappo updates 2910/6250 episodes, total num timesteps 9315200/20000000, FPS 3503.

average episode rewards is -118.09608936309814

 Scenario simple_spread Algo ua_rep_mappo Exp b2_ua_rep_mappo updates 2915/6250 episodes, total num timesteps 9331200/20000000, FPS 3503.

average episode rewards is -118.9089298248291

 Scenario simple_spread Algo ua_rep_mappo Exp b2_ua_rep_mappo updates 2920/6250 episodes, total num timesteps 9347200/20000000, FPS 3503.

average episode rewards is -117.2471284866333

 Scenario simple_spread Algo ua_rep_mappo Exp b2_ua_rep_mappo updates 2925/6250 episodes, total num timesteps 9363200/20000000, FPS 3503.

average episode rewards is -115.00632762908936

 Scenario simple_spread Algo ua_rep_mappo Exp b2_ua_rep_mappo updates 2930/6250 episodes, total num timesteps 9379200/20000000, FPS 3503.

average episode rewards is -114.34648036956787

 Scenario simple_spread Algo ua_rep_mappo Exp b2_ua_rep_mappo updates 2935/6250 episodes, total num timesteps 9395200/20000000, FPS 3503.

average episode rewards is -116.39089584350586

 Scenario simple_spread Algo ua_rep_mappo Exp b2_ua_rep_mappo updates 2940/6250 episodes, total num timesteps 9411200/20000000, FPS 3503.

average episode rewards is -117.0067310333252

 Scenario simple_spread Algo ua_rep_mappo Exp b2_ua_rep_mappo updates 2945/6250 episodes, total num timesteps 9427200/20000000, FPS 3503.

average episode rewards is -115.72951078414917

 Scenario simple_spread Algo ua_rep_mappo Exp b2_ua_rep_mappo updates 2950/6250 episodes, total num timesteps 9443200/20000000, FPS 3503.

average episode rewards is -115.37562608718872

 Scenario simple_spread Algo ua_rep_mappo Exp b2_ua_rep_mappo updates 2955/6250 episodes, total num timesteps 9459200/20000000, FPS 3503.

average episode rewards is -114.84160423278809

 Scenario simple_spread Algo ua_rep_mappo Exp b2_ua_rep_mappo updates 2960/6250 episodes, total num timesteps 9475200/20000000, FPS 3503.

average episode rewards is -117.90374517440796

 Scenario simple_spread Algo ua_rep_mappo Exp b2_ua_rep_mappo updates 2965/6250 episodes, total num timesteps 9491200/20000000, FPS 3503.

average episode rewards is -117.05710887908936

 Scenario simple_spread Algo ua_rep_mappo Exp b2_ua_rep_mappo updates 2970/6250 episodes, total num timesteps 9507200/20000000, FPS 3503.

average episode rewards is -117.5003170967102

 Scenario simple_spread Algo ua_rep_mappo Exp b2_ua_rep_mappo updates 2975/6250 episodes, total num timesteps 9523200/20000000, FPS 3502.

average episode rewards is -114.63474035263062

 Scenario simple_spread Algo ua_rep_mappo Exp b2_ua_rep_mappo updates 2980/6250 episodes, total num timesteps 9539200/20000000, FPS 3502.

average episode rewards is -116.66110754013062

 Scenario simple_spread Algo ua_rep_mappo Exp b2_ua_rep_mappo updates 2985/6250 episodes, total num timesteps 9555200/20000000, FPS 3503.

average episode rewards is -116.39243364334106

 Scenario simple_spread Algo ua_rep_mappo Exp b2_ua_rep_mappo updates 2990/6250 episodes, total num timesteps 9571200/20000000, FPS 3503.

average episode rewards is -116.67819023132324

 Scenario simple_spread Algo ua_rep_mappo Exp b2_ua_rep_mappo updates 2995/6250 episodes, total num timesteps 9587200/20000000, FPS 3503.

average episode rewards is -116.79024696350098

 Scenario simple_spread Algo ua_rep_mappo Exp b2_ua_rep_mappo updates 3000/6250 episodes, total num timesteps 9603200/20000000, FPS 3502.

average episode rewards is -115.50776958465576

 Scenario simple_spread Algo ua_rep_mappo Exp b2_ua_rep_mappo updates 3005/6250 episodes, total num timesteps 9619200/20000000, FPS 3502.

average episode rewards is -116.47541522979736

 Scenario simple_spread Algo ua_rep_mappo Exp b2_ua_rep_mappo updates 3010/6250 episodes, total num timesteps 9635200/20000000, FPS 3502.

average episode rewards is -117.14303493499756

 Scenario simple_spread Algo ua_rep_mappo Exp b2_ua_rep_mappo updates 3015/6250 episodes, total num timesteps 9651200/20000000, FPS 3502.

average episode rewards is -117.0282244682312

 Scenario simple_spread Algo ua_rep_mappo Exp b2_ua_rep_mappo updates 3020/6250 episodes, total num timesteps 9667200/20000000, FPS 3503.

average episode rewards is -113.21452856063843

 Scenario simple_spread Algo ua_rep_mappo Exp b2_ua_rep_mappo updates 3025/6250 episodes, total num timesteps 9683200/20000000, FPS 3503.

average episode rewards is -115.32115936279297

 Scenario simple_spread Algo ua_rep_mappo Exp b2_ua_rep_mappo updates 3030/6250 episodes, total num timesteps 9699200/20000000, FPS 3503.

average episode rewards is -116.29019975662231

 Scenario simple_spread Algo ua_rep_mappo Exp b2_ua_rep_mappo updates 3035/6250 episodes, total num timesteps 9715200/20000000, FPS 3503.

average episode rewards is -115.78415632247925

 Scenario simple_spread Algo ua_rep_mappo Exp b2_ua_rep_mappo updates 3040/6250 episodes, total num timesteps 9731200/20000000, FPS 3503.

average episode rewards is -112.80380487442017

 Scenario simple_spread Algo ua_rep_mappo Exp b2_ua_rep_mappo updates 3045/6250 episodes, total num timesteps 9747200/20000000, FPS 3503.

average episode rewards is -115.74013233184814

 Scenario simple_spread Algo ua_rep_mappo Exp b2_ua_rep_mappo updates 3050/6250 episodes, total num timesteps 9763200/20000000, FPS 3503.

average episode rewards is -115.68381786346436

 Scenario simple_spread Algo ua_rep_mappo Exp b2_ua_rep_mappo updates 3055/6250 episodes, total num timesteps 9779200/20000000, FPS 3503.

average episode rewards is -116.09123945236206

 Scenario simple_spread Algo ua_rep_mappo Exp b2_ua_rep_mappo updates 3060/6250 episodes, total num timesteps 9795200/20000000, FPS 3503.

average episode rewards is -114.98242616653442

 Scenario simple_spread Algo ua_rep_mappo Exp b2_ua_rep_mappo updates 3065/6250 episodes, total num timesteps 9811200/20000000, FPS 3503.

average episode rewards is -115.93505144119263

 Scenario simple_spread Algo ua_rep_mappo Exp b2_ua_rep_mappo updates 3070/6250 episodes, total num timesteps 9827200/20000000, FPS 3503.

average episode rewards is -115.947425365448

 Scenario simple_spread Algo ua_rep_mappo Exp b2_ua_rep_mappo updates 3075/6250 episodes, total num timesteps 9843200/20000000, FPS 3503.

average episode rewards is -115.87495803833008

 Scenario simple_spread Algo ua_rep_mappo Exp b2_ua_rep_mappo updates 3080/6250 episodes, total num timesteps 9859200/20000000, FPS 3503.

average episode rewards is -115.86829423904419

 Scenario simple_spread Algo ua_rep_mappo Exp b2_ua_rep_mappo updates 3085/6250 episodes, total num timesteps 9875200/20000000, FPS 3503.

average episode rewards is -116.37299060821533

 Scenario simple_spread Algo ua_rep_mappo Exp b2_ua_rep_mappo updates 3090/6250 episodes, total num timesteps 9891200/20000000, FPS 3503.

average episode rewards is -114.98986482620239

 Scenario simple_spread Algo ua_rep_mappo Exp b2_ua_rep_mappo updates 3095/6250 episodes, total num timesteps 9907200/20000000, FPS 3503.

average episode rewards is -114.70217704772949

 Scenario simple_spread Algo ua_rep_mappo Exp b2_ua_rep_mappo updates 3100/6250 episodes, total num timesteps 9923200/20000000, FPS 3503.

average episode rewards is -118.74490976333618

 Scenario simple_spread Algo ua_rep_mappo Exp b2_ua_rep_mappo updates 3105/6250 episodes, total num timesteps 9939200/20000000, FPS 3503.

average episode rewards is -114.36796188354492

 Scenario simple_spread Algo ua_rep_mappo Exp b2_ua_rep_mappo updates 3110/6250 episodes, total num timesteps 9955200/20000000, FPS 3503.

average episode rewards is -114.43654298782349

 Scenario simple_spread Algo ua_rep_mappo Exp b2_ua_rep_mappo updates 3115/6250 episodes, total num timesteps 9971200/20000000, FPS 3503.

average episode rewards is -117.60517358779907

 Scenario simple_spread Algo ua_rep_mappo Exp b2_ua_rep_mappo updates 3120/6250 episodes, total num timesteps 9987200/20000000, FPS 3503.

average episode rewards is -114.5164966583252

 Scenario simple_spread Algo ua_rep_mappo Exp b2_ua_rep_mappo updates 3125/6250 episodes, total num timesteps 10003200/20000000, FPS 3503.

average episode rewards is -116.22812747955322

 Scenario simple_spread Algo ua_rep_mappo Exp b2_ua_rep_mappo updates 3130/6250 episodes, total num timesteps 10019200/20000000, FPS 3503.

average episode rewards is -116.72302484512329

 Scenario simple_spread Algo ua_rep_mappo Exp b2_ua_rep_mappo updates 3135/6250 episodes, total num timesteps 10035200/20000000, FPS 3503.

average episode rewards is -116.88879728317261

 Scenario simple_spread Algo ua_rep_mappo Exp b2_ua_rep_mappo updates 3140/6250 episodes, total num timesteps 10051200/20000000, FPS 3503.

average episode rewards is -117.53131151199341

 Scenario simple_spread Algo ua_rep_mappo Exp b2_ua_rep_mappo updates 3145/6250 episodes, total num timesteps 10067200/20000000, FPS 3503.

average episode rewards is -115.73489904403687

 Scenario simple_spread Algo ua_rep_mappo Exp b2_ua_rep_mappo updates 3150/6250 episodes, total num timesteps 10083200/20000000, FPS 3503.

average episode rewards is -117.50016212463379

 Scenario simple_spread Algo ua_rep_mappo Exp b2_ua_rep_mappo updates 3155/6250 episodes, total num timesteps 10099200/20000000, FPS 3503.

average episode rewards is -115.38779735565186

 Scenario simple_spread Algo ua_rep_mappo Exp b2_ua_rep_mappo updates 3160/6250 episodes, total num timesteps 10115200/20000000, FPS 3503.

average episode rewards is -117.46271848678589

 Scenario simple_spread Algo ua_rep_mappo Exp b2_ua_rep_mappo updates 3165/6250 episodes, total num timesteps 10131200/20000000, FPS 3504.

average episode rewards is -117.23719835281372

 Scenario simple_spread Algo ua_rep_mappo Exp b2_ua_rep_mappo updates 3170/6250 episodes, total num timesteps 10147200/20000000, FPS 3504.

average episode rewards is -117.45942831039429

 Scenario simple_spread Algo ua_rep_mappo Exp b2_ua_rep_mappo updates 3175/6250 episodes, total num timesteps 10163200/20000000, FPS 3504.

average episode rewards is -117.64935255050659

 Scenario simple_spread Algo ua_rep_mappo Exp b2_ua_rep_mappo updates 3180/6250 episodes, total num timesteps 10179200/20000000, FPS 3504.

average episode rewards is -116.11371040344238

 Scenario simple_spread Algo ua_rep_mappo Exp b2_ua_rep_mappo updates 3185/6250 episodes, total num timesteps 10195200/20000000, FPS 3504.

average episode rewards is -116.12162590026855

 Scenario simple_spread Algo ua_rep_mappo Exp b2_ua_rep_mappo updates 3190/6250 episodes, total num timesteps 10211200/20000000, FPS 3504.

average episode rewards is -116.8102502822876

 Scenario simple_spread Algo ua_rep_mappo Exp b2_ua_rep_mappo updates 3195/6250 episodes, total num timesteps 10227200/20000000, FPS 3504.

average episode rewards is -114.91154432296753

 Scenario simple_spread Algo ua_rep_mappo Exp b2_ua_rep_mappo updates 3200/6250 episodes, total num timesteps 10243200/20000000, FPS 3505.

average episode rewards is -117.21184253692627

 Scenario simple_spread Algo ua_rep_mappo Exp b2_ua_rep_mappo updates 3205/6250 episodes, total num timesteps 10259200/20000000, FPS 3505.

average episode rewards is -115.9069299697876

 Scenario simple_spread Algo ua_rep_mappo Exp b2_ua_rep_mappo updates 3210/6250 episodes, total num timesteps 10275200/20000000, FPS 3505.

average episode rewards is -115.94067811965942

 Scenario simple_spread Algo ua_rep_mappo Exp b2_ua_rep_mappo updates 3215/6250 episodes, total num timesteps 10291200/20000000, FPS 3505.

average episode rewards is -114.27526473999023

 Scenario simple_spread Algo ua_rep_mappo Exp b2_ua_rep_mappo updates 3220/6250 episodes, total num timesteps 10307200/20000000, FPS 3505.

average episode rewards is -116.28556251525879

 Scenario simple_spread Algo ua_rep_mappo Exp b2_ua_rep_mappo updates 3225/6250 episodes, total num timesteps 10323200/20000000, FPS 3505.

average episode rewards is -117.35773086547852

 Scenario simple_spread Algo ua_rep_mappo Exp b2_ua_rep_mappo updates 3230/6250 episodes, total num timesteps 10339200/20000000, FPS 3505.

average episode rewards is -119.24365758895874

 Scenario simple_spread Algo ua_rep_mappo Exp b2_ua_rep_mappo updates 3235/6250 episodes, total num timesteps 10355200/20000000, FPS 3505.

average episode rewards is -114.50400352478027

 Scenario simple_spread Algo ua_rep_mappo Exp b2_ua_rep_mappo updates 3240/6250 episodes, total num timesteps 10371200/20000000, FPS 3505.

average episode rewards is -114.76775407791138

 Scenario simple_spread Algo ua_rep_mappo Exp b2_ua_rep_mappo updates 3245/6250 episodes, total num timesteps 10387200/20000000, FPS 3505.

average episode rewards is -112.97417879104614

 Scenario simple_spread Algo ua_rep_mappo Exp b2_ua_rep_mappo updates 3250/6250 episodes, total num timesteps 10403200/20000000, FPS 3505.

average episode rewards is -116.01961851119995

 Scenario simple_spread Algo ua_rep_mappo Exp b2_ua_rep_mappo updates 3255/6250 episodes, total num timesteps 10419200/20000000, FPS 3505.

average episode rewards is -115.41404724121094

 Scenario simple_spread Algo ua_rep_mappo Exp b2_ua_rep_mappo updates 3260/6250 episodes, total num timesteps 10435200/20000000, FPS 3505.

average episode rewards is -115.4202938079834

 Scenario simple_spread Algo ua_rep_mappo Exp b2_ua_rep_mappo updates 3265/6250 episodes, total num timesteps 10451200/20000000, FPS 3505.

average episode rewards is -114.25423622131348

 Scenario simple_spread Algo ua_rep_mappo Exp b2_ua_rep_mappo updates 3270/6250 episodes, total num timesteps 10467200/20000000, FPS 3505.

average episode rewards is -116.63446426391602

 Scenario simple_spread Algo ua_rep_mappo Exp b2_ua_rep_mappo updates 3275/6250 episodes, total num timesteps 10483200/20000000, FPS 3505.

average episode rewards is -116.66110754013062

 Scenario simple_spread Algo ua_rep_mappo Exp b2_ua_rep_mappo updates 3280/6250 episodes, total num timesteps 10499200/20000000, FPS 3505.

average episode rewards is -115.9914493560791

 Scenario simple_spread Algo ua_rep_mappo Exp b2_ua_rep_mappo updates 3285/6250 episodes, total num timesteps 10515200/20000000, FPS 3505.

average episode rewards is -118.63057613372803

 Scenario simple_spread Algo ua_rep_mappo Exp b2_ua_rep_mappo updates 3290/6250 episodes, total num timesteps 10531200/20000000, FPS 3505.

average episode rewards is -116.4732813835144

 Scenario simple_spread Algo ua_rep_mappo Exp b2_ua_rep_mappo updates 3295/6250 episodes, total num timesteps 10547200/20000000, FPS 3505.

average episode rewards is -115.59187173843384

 Scenario simple_spread Algo ua_rep_mappo Exp b2_ua_rep_mappo updates 3300/6250 episodes, total num timesteps 10563200/20000000, FPS 3505.

average episode rewards is -116.67726039886475

 Scenario simple_spread Algo ua_rep_mappo Exp b2_ua_rep_mappo updates 3305/6250 episodes, total num timesteps 10579200/20000000, FPS 3505.

average episode rewards is -116.27353429794312

 Scenario simple_spread Algo ua_rep_mappo Exp b2_ua_rep_mappo updates 3310/6250 episodes, total num timesteps 10595200/20000000, FPS 3505.

average episode rewards is -116.70862436294556

 Scenario simple_spread Algo ua_rep_mappo Exp b2_ua_rep_mappo updates 3315/6250 episodes, total num timesteps 10611200/20000000, FPS 3506.

average episode rewards is -114.33101892471313

 Scenario simple_spread Algo ua_rep_mappo Exp b2_ua_rep_mappo updates 3320/6250 episodes, total num timesteps 10627200/20000000, FPS 3506.

average episode rewards is -114.89286422729492

 Scenario simple_spread Algo ua_rep_mappo Exp b2_ua_rep_mappo updates 3325/6250 episodes, total num timesteps 10643200/20000000, FPS 3506.

average episode rewards is -119.98759508132935

 Scenario simple_spread Algo ua_rep_mappo Exp b2_ua_rep_mappo updates 3330/6250 episodes, total num timesteps 10659200/20000000, FPS 3506.

average episode rewards is -114.03244733810425

 Scenario simple_spread Algo ua_rep_mappo Exp b2_ua_rep_mappo updates 3335/6250 episodes, total num timesteps 10675200/20000000, FPS 3506.

average episode rewards is -115.75015783309937

 Scenario simple_spread Algo ua_rep_mappo Exp b2_ua_rep_mappo updates 3340/6250 episodes, total num timesteps 10691200/20000000, FPS 3506.

average episode rewards is -115.42006731033325

 Scenario simple_spread Algo ua_rep_mappo Exp b2_ua_rep_mappo updates 3345/6250 episodes, total num timesteps 10707200/20000000, FPS 3506.

average episode rewards is -117.93195009231567

 Scenario simple_spread Algo ua_rep_mappo Exp b2_ua_rep_mappo updates 3350/6250 episodes, total num timesteps 10723200/20000000, FPS 3505.

average episode rewards is -116.86829328536987

 Scenario simple_spread Algo ua_rep_mappo Exp b2_ua_rep_mappo updates 3355/6250 episodes, total num timesteps 10739200/20000000, FPS 3505.

average episode rewards is -116.72959327697754

 Scenario simple_spread Algo ua_rep_mappo Exp b2_ua_rep_mappo updates 3360/6250 episodes, total num timesteps 10755200/20000000, FPS 3505.

average episode rewards is -117.39468574523926

 Scenario simple_spread Algo ua_rep_mappo Exp b2_ua_rep_mappo updates 3365/6250 episodes, total num timesteps 10771200/20000000, FPS 3505.

average episode rewards is -114.93388414382935

 Scenario simple_spread Algo ua_rep_mappo Exp b2_ua_rep_mappo updates 3370/6250 episodes, total num timesteps 10787200/20000000, FPS 3505.

average episode rewards is -117.91419982910156

 Scenario simple_spread Algo ua_rep_mappo Exp b2_ua_rep_mappo updates 3375/6250 episodes, total num timesteps 10803200/20000000, FPS 3505.

average episode rewards is -114.50619697570801

 Scenario simple_spread Algo ua_rep_mappo Exp b2_ua_rep_mappo updates 3380/6250 episodes, total num timesteps 10819200/20000000, FPS 3505.

average episode rewards is -115.74103832244873

 Scenario simple_spread Algo ua_rep_mappo Exp b2_ua_rep_mappo updates 3385/6250 episodes, total num timesteps 10835200/20000000, FPS 3505.

average episode rewards is -115.65814018249512

 Scenario simple_spread Algo ua_rep_mappo Exp b2_ua_rep_mappo updates 3390/6250 episodes, total num timesteps 10851200/20000000, FPS 3505.

average episode rewards is -115.78251123428345

 Scenario simple_spread Algo ua_rep_mappo Exp b2_ua_rep_mappo updates 3395/6250 episodes, total num timesteps 10867200/20000000, FPS 3506.

average episode rewards is -114.87643718719482

 Scenario simple_spread Algo ua_rep_mappo Exp b2_ua_rep_mappo updates 3400/6250 episodes, total num timesteps 10883200/20000000, FPS 3506.

average episode rewards is -116.90986156463623

 Scenario simple_spread Algo ua_rep_mappo Exp b2_ua_rep_mappo updates 3405/6250 episodes, total num timesteps 10899200/20000000, FPS 3506.

average episode rewards is -112.82702684402466

 Scenario simple_spread Algo ua_rep_mappo Exp b2_ua_rep_mappo updates 3410/6250 episodes, total num timesteps 10915200/20000000, FPS 3506.

average episode rewards is -114.45335149765015

 Scenario simple_spread Algo ua_rep_mappo Exp b2_ua_rep_mappo updates 3415/6250 episodes, total num timesteps 10931200/20000000, FPS 3506.

average episode rewards is -118.44620704650879

 Scenario simple_spread Algo ua_rep_mappo Exp b2_ua_rep_mappo updates 3420/6250 episodes, total num timesteps 10947200/20000000, FPS 3506.

average episode rewards is -117.07655191421509

 Scenario simple_spread Algo ua_rep_mappo Exp b2_ua_rep_mappo updates 3425/6250 episodes, total num timesteps 10963200/20000000, FPS 3506.

average episode rewards is -117.44062900543213

 Scenario simple_spread Algo ua_rep_mappo Exp b2_ua_rep_mappo updates 3430/6250 episodes, total num timesteps 10979200/20000000, FPS 3506.

average episode rewards is -114.15839195251465

 Scenario simple_spread Algo ua_rep_mappo Exp b2_ua_rep_mappo updates 3435/6250 episodes, total num timesteps 10995200/20000000, FPS 3506.

average episode rewards is -117.8098201751709

 Scenario simple_spread Algo ua_rep_mappo Exp b2_ua_rep_mappo updates 3440/6250 episodes, total num timesteps 11011200/20000000, FPS 3506.

average episode rewards is -115.65206050872803

 Scenario simple_spread Algo ua_rep_mappo Exp b2_ua_rep_mappo updates 3445/6250 episodes, total num timesteps 11027200/20000000, FPS 3506.

average episode rewards is -114.28699493408203

 Scenario simple_spread Algo ua_rep_mappo Exp b2_ua_rep_mappo updates 3450/6250 episodes, total num timesteps 11043200/20000000, FPS 3506.

average episode rewards is -117.6949143409729

 Scenario simple_spread Algo ua_rep_mappo Exp b2_ua_rep_mappo updates 3455/6250 episodes, total num timesteps 11059200/20000000, FPS 3506.

average episode rewards is -116.18267297744751

 Scenario simple_spread Algo ua_rep_mappo Exp b2_ua_rep_mappo updates 3460/6250 episodes, total num timesteps 11075200/20000000, FPS 3506.

average episode rewards is -115.40573835372925

 Scenario simple_spread Algo ua_rep_mappo Exp b2_ua_rep_mappo updates 3465/6250 episodes, total num timesteps 11091200/20000000, FPS 3506.

average episode rewards is -115.15806913375854

 Scenario simple_spread Algo ua_rep_mappo Exp b2_ua_rep_mappo updates 3470/6250 episodes, total num timesteps 11107200/20000000, FPS 3506.

average episode rewards is -113.17179203033447

 Scenario simple_spread Algo ua_rep_mappo Exp b2_ua_rep_mappo updates 3475/6250 episodes, total num timesteps 11123200/20000000, FPS 3506.

average episode rewards is -116.22496843338013

 Scenario simple_spread Algo ua_rep_mappo Exp b2_ua_rep_mappo updates 3480/6250 episodes, total num timesteps 11139200/20000000, FPS 3506.

average episode rewards is -117.98759698867798

 Scenario simple_spread Algo ua_rep_mappo Exp b2_ua_rep_mappo updates 3485/6250 episodes, total num timesteps 11155200/20000000, FPS 3506.

average episode rewards is -117.02219247817993

 Scenario simple_spread Algo ua_rep_mappo Exp b2_ua_rep_mappo updates 3490/6250 episodes, total num timesteps 11171200/20000000, FPS 3506.

average episode rewards is -116.36792421340942

 Scenario simple_spread Algo ua_rep_mappo Exp b2_ua_rep_mappo updates 3495/6250 episodes, total num timesteps 11187200/20000000, FPS 3506.

average episode rewards is -116.34095907211304

 Scenario simple_spread Algo ua_rep_mappo Exp b2_ua_rep_mappo updates 3500/6250 episodes, total num timesteps 11203200/20000000, FPS 3506.

average episode rewards is -118.2002305984497

 Scenario simple_spread Algo ua_rep_mappo Exp b2_ua_rep_mappo updates 3505/6250 episodes, total num timesteps 11219200/20000000, FPS 3506.

average episode rewards is -112.69999742507935

 Scenario simple_spread Algo ua_rep_mappo Exp b2_ua_rep_mappo updates 3510/6250 episodes, total num timesteps 11235200/20000000, FPS 3506.

average episode rewards is -114.73374366760254

 Scenario simple_spread Algo ua_rep_mappo Exp b2_ua_rep_mappo updates 3515/6250 episodes, total num timesteps 11251200/20000000, FPS 3506.

average episode rewards is -117.41499900817871

 Scenario simple_spread Algo ua_rep_mappo Exp b2_ua_rep_mappo updates 3520/6250 episodes, total num timesteps 11267200/20000000, FPS 3506.

average episode rewards is -117.20926761627197

 Scenario simple_spread Algo ua_rep_mappo Exp b2_ua_rep_mappo updates 3525/6250 episodes, total num timesteps 11283200/20000000, FPS 3506.

average episode rewards is -116.06926918029785

 Scenario simple_spread Algo ua_rep_mappo Exp b2_ua_rep_mappo updates 3530/6250 episodes, total num timesteps 11299200/20000000, FPS 3506.

average episode rewards is -115.11682271957397

 Scenario simple_spread Algo ua_rep_mappo Exp b2_ua_rep_mappo updates 3535/6250 episodes, total num timesteps 11315200/20000000, FPS 3506.

average episode rewards is -114.97986316680908

 Scenario simple_spread Algo ua_rep_mappo Exp b2_ua_rep_mappo updates 3540/6250 episodes, total num timesteps 11331200/20000000, FPS 3506.

average episode rewards is -113.70280981063843

 Scenario simple_spread Algo ua_rep_mappo Exp b2_ua_rep_mappo updates 3545/6250 episodes, total num timesteps 11347200/20000000, FPS 3506.

average episode rewards is -116.11553430557251

 Scenario simple_spread Algo ua_rep_mappo Exp b2_ua_rep_mappo updates 3550/6250 episodes, total num timesteps 11363200/20000000, FPS 3505.

average episode rewards is -113.01162242889404

 Scenario simple_spread Algo ua_rep_mappo Exp b2_ua_rep_mappo updates 3555/6250 episodes, total num timesteps 11379200/20000000, FPS 3505.

average episode rewards is -118.76521110534668

 Scenario simple_spread Algo ua_rep_mappo Exp b2_ua_rep_mappo updates 3560/6250 episodes, total num timesteps 11395200/20000000, FPS 3505.

average episode rewards is -115.43127298355103

 Scenario simple_spread Algo ua_rep_mappo Exp b2_ua_rep_mappo updates 3565/6250 episodes, total num timesteps 11411200/20000000, FPS 3505.

average episode rewards is -113.05069923400879

 Scenario simple_spread Algo ua_rep_mappo Exp b2_ua_rep_mappo updates 3570/6250 episodes, total num timesteps 11427200/20000000, FPS 3505.

average episode rewards is -115.02726078033447

 Scenario simple_spread Algo ua_rep_mappo Exp b2_ua_rep_mappo updates 3575/6250 episodes, total num timesteps 11443200/20000000, FPS 3505.

average episode rewards is -114.67537879943848

 Scenario simple_spread Algo ua_rep_mappo Exp b2_ua_rep_mappo updates 3580/6250 episodes, total num timesteps 11459200/20000000, FPS 3505.

average episode rewards is -113.98401260375977

 Scenario simple_spread Algo ua_rep_mappo Exp b2_ua_rep_mappo updates 3585/6250 episodes, total num timesteps 11475200/20000000, FPS 3505.

average episode rewards is -113.9156699180603

 Scenario simple_spread Algo ua_rep_mappo Exp b2_ua_rep_mappo updates 3590/6250 episodes, total num timesteps 11491200/20000000, FPS 3505.

average episode rewards is -117.14651584625244

 Scenario simple_spread Algo ua_rep_mappo Exp b2_ua_rep_mappo updates 3595/6250 episodes, total num timesteps 11507200/20000000, FPS 3505.

average episode rewards is -115.5858039855957

 Scenario simple_spread Algo ua_rep_mappo Exp b2_ua_rep_mappo updates 3600/6250 episodes, total num timesteps 11523200/20000000, FPS 3505.

average episode rewards is -117.80370473861694

 Scenario simple_spread Algo ua_rep_mappo Exp b2_ua_rep_mappo updates 3605/6250 episodes, total num timesteps 11539200/20000000, FPS 3506.

average episode rewards is -117.58102178573608

 Scenario simple_spread Algo ua_rep_mappo Exp b2_ua_rep_mappo updates 3610/6250 episodes, total num timesteps 11555200/20000000, FPS 3506.

average episode rewards is -114.24098014831543

 Scenario simple_spread Algo ua_rep_mappo Exp b2_ua_rep_mappo updates 3615/6250 episodes, total num timesteps 11571200/20000000, FPS 3506.

average episode rewards is -114.69094753265381

 Scenario simple_spread Algo ua_rep_mappo Exp b2_ua_rep_mappo updates 3620/6250 episodes, total num timesteps 11587200/20000000, FPS 3506.

average episode rewards is -116.13240242004395

 Scenario simple_spread Algo ua_rep_mappo Exp b2_ua_rep_mappo updates 3625/6250 episodes, total num timesteps 11603200/20000000, FPS 3506.

average episode rewards is -114.28438425064087

 Scenario simple_spread Algo ua_rep_mappo Exp b2_ua_rep_mappo updates 3630/6250 episodes, total num timesteps 11619200/20000000, FPS 3505.

average episode rewards is -114.29673433303833

 Scenario simple_spread Algo ua_rep_mappo Exp b2_ua_rep_mappo updates 3635/6250 episodes, total num timesteps 11635200/20000000, FPS 3506.

average episode rewards is -114.9775743484497

 Scenario simple_spread Algo ua_rep_mappo Exp b2_ua_rep_mappo updates 3640/6250 episodes, total num timesteps 11651200/20000000, FPS 3506.

average episode rewards is -113.15333843231201

 Scenario simple_spread Algo ua_rep_mappo Exp b2_ua_rep_mappo updates 3645/6250 episodes, total num timesteps 11667200/20000000, FPS 3506.

average episode rewards is -115.38296937942505

 Scenario simple_spread Algo ua_rep_mappo Exp b2_ua_rep_mappo updates 3650/6250 episodes, total num timesteps 11683200/20000000, FPS 3506.

average episode rewards is -114.20462131500244

 Scenario simple_spread Algo ua_rep_mappo Exp b2_ua_rep_mappo updates 3655/6250 episodes, total num timesteps 11699200/20000000, FPS 3506.

average episode rewards is -114.43510055541992

 Scenario simple_spread Algo ua_rep_mappo Exp b2_ua_rep_mappo updates 3660/6250 episodes, total num timesteps 11715200/20000000, FPS 3506.

average episode rewards is -114.07592296600342

 Scenario simple_spread Algo ua_rep_mappo Exp b2_ua_rep_mappo updates 3665/6250 episodes, total num timesteps 11731200/20000000, FPS 3505.

average episode rewards is -114.0927791595459

 Scenario simple_spread Algo ua_rep_mappo Exp b2_ua_rep_mappo updates 3670/6250 episodes, total num timesteps 11747200/20000000, FPS 3506.

average episode rewards is -113.86860609054565

 Scenario simple_spread Algo ua_rep_mappo Exp b2_ua_rep_mappo updates 3675/6250 episodes, total num timesteps 11763200/20000000, FPS 3506.

average episode rewards is -114.35650587081909

 Scenario simple_spread Algo ua_rep_mappo Exp b2_ua_rep_mappo updates 3680/6250 episodes, total num timesteps 11779200/20000000, FPS 3506.

average episode rewards is -112.41767406463623

 Scenario simple_spread Algo ua_rep_mappo Exp b2_ua_rep_mappo updates 3685/6250 episodes, total num timesteps 11795200/20000000, FPS 3505.

average episode rewards is -116.3101315498352

 Scenario simple_spread Algo ua_rep_mappo Exp b2_ua_rep_mappo updates 3690/6250 episodes, total num timesteps 11811200/20000000, FPS 3505.

average episode rewards is -112.6934289932251

 Scenario simple_spread Algo ua_rep_mappo Exp b2_ua_rep_mappo updates 3695/6250 episodes, total num timesteps 11827200/20000000, FPS 3506.

average episode rewards is -113.59574794769287

 Scenario simple_spread Algo ua_rep_mappo Exp b2_ua_rep_mappo updates 3700/6250 episodes, total num timesteps 11843200/20000000, FPS 3505.

average episode rewards is -115.61356782913208

 Scenario simple_spread Algo ua_rep_mappo Exp b2_ua_rep_mappo updates 3705/6250 episodes, total num timesteps 11859200/20000000, FPS 3505.

average episode rewards is -115.48126935958862

 Scenario simple_spread Algo ua_rep_mappo Exp b2_ua_rep_mappo updates 3710/6250 episodes, total num timesteps 11875200/20000000, FPS 3505.

average episode rewards is -115.7247543334961

 Scenario simple_spread Algo ua_rep_mappo Exp b2_ua_rep_mappo updates 3715/6250 episodes, total num timesteps 11891200/20000000, FPS 3505.

average episode rewards is -116.32299423217773

 Scenario simple_spread Algo ua_rep_mappo Exp b2_ua_rep_mappo updates 3720/6250 episodes, total num timesteps 11907200/20000000, FPS 3505.

average episode rewards is -114.67653512954712

 Scenario simple_spread Algo ua_rep_mappo Exp b2_ua_rep_mappo updates 3725/6250 episodes, total num timesteps 11923200/20000000, FPS 3505.

average episode rewards is -113.11380863189697

 Scenario simple_spread Algo ua_rep_mappo Exp b2_ua_rep_mappo updates 3730/6250 episodes, total num timesteps 11939200/20000000, FPS 3505.

average episode rewards is -114.92854356765747

 Scenario simple_spread Algo ua_rep_mappo Exp b2_ua_rep_mappo updates 3735/6250 episodes, total num timesteps 11955200/20000000, FPS 3505.

average episode rewards is -114.45822715759277

 Scenario simple_spread Algo ua_rep_mappo Exp b2_ua_rep_mappo updates 3740/6250 episodes, total num timesteps 11971200/20000000, FPS 3505.

average episode rewards is -113.88742923736572

 Scenario simple_spread Algo ua_rep_mappo Exp b2_ua_rep_mappo updates 3745/6250 episodes, total num timesteps 11987200/20000000, FPS 3505.

average episode rewards is -117.30481386184692

 Scenario simple_spread Algo ua_rep_mappo Exp b2_ua_rep_mappo updates 3750/6250 episodes, total num timesteps 12003200/20000000, FPS 3505.

average episode rewards is -112.85983324050903

 Scenario simple_spread Algo ua_rep_mappo Exp b2_ua_rep_mappo updates 3755/6250 episodes, total num timesteps 12019200/20000000, FPS 3505.

average episode rewards is -114.95199203491211

 Scenario simple_spread Algo ua_rep_mappo Exp b2_ua_rep_mappo updates 3760/6250 episodes, total num timesteps 12035200/20000000, FPS 3505.

average episode rewards is -115.06500244140625

 Scenario simple_spread Algo ua_rep_mappo Exp b2_ua_rep_mappo updates 3765/6250 episodes, total num timesteps 12051200/20000000, FPS 3505.

average episode rewards is -113.11200857162476

 Scenario simple_spread Algo ua_rep_mappo Exp b2_ua_rep_mappo updates 3770/6250 episodes, total num timesteps 12067200/20000000, FPS 3505.

average episode rewards is -114.71381187438965

 Scenario simple_spread Algo ua_rep_mappo Exp b2_ua_rep_mappo updates 3775/6250 episodes, total num timesteps 12083200/20000000, FPS 3506.

average episode rewards is -116.36563539505005

 Scenario simple_spread Algo ua_rep_mappo Exp b2_ua_rep_mappo updates 3780/6250 episodes, total num timesteps 12099200/20000000, FPS 3506.

average episode rewards is -115.23377895355225

 Scenario simple_spread Algo ua_rep_mappo Exp b2_ua_rep_mappo updates 3785/6250 episodes, total num timesteps 12115200/20000000, FPS 3505.

average episode rewards is -116.38394594192505

 Scenario simple_spread Algo ua_rep_mappo Exp b2_ua_rep_mappo updates 3790/6250 episodes, total num timesteps 12131200/20000000, FPS 3505.

average episode rewards is -113.20676803588867

 Scenario simple_spread Algo ua_rep_mappo Exp b2_ua_rep_mappo updates 3795/6250 episodes, total num timesteps 12147200/20000000, FPS 3505.

average episode rewards is -116.32797718048096

 Scenario simple_spread Algo ua_rep_mappo Exp b2_ua_rep_mappo updates 3800/6250 episodes, total num timesteps 12163200/20000000, FPS 3505.

average episode rewards is -116.46671295166016

 Scenario simple_spread Algo ua_rep_mappo Exp b2_ua_rep_mappo updates 3805/6250 episodes, total num timesteps 12179200/20000000, FPS 3504.

average episode rewards is -118.12279224395752

 Scenario simple_spread Algo ua_rep_mappo Exp b2_ua_rep_mappo updates 3810/6250 episodes, total num timesteps 12195200/20000000, FPS 3504.

average episode rewards is -114.02695178985596

 Scenario simple_spread Algo ua_rep_mappo Exp b2_ua_rep_mappo updates 3815/6250 episodes, total num timesteps 12211200/20000000, FPS 3504.

average episode rewards is -115.24332761764526

 Scenario simple_spread Algo ua_rep_mappo Exp b2_ua_rep_mappo updates 3820/6250 episodes, total num timesteps 12227200/20000000, FPS 3504.

average episode rewards is -114.83625173568726

 Scenario simple_spread Algo ua_rep_mappo Exp b2_ua_rep_mappo updates 3825/6250 episodes, total num timesteps 12243200/20000000, FPS 3504.

average episode rewards is -115.6556487083435

 Scenario simple_spread Algo ua_rep_mappo Exp b2_ua_rep_mappo updates 3830/6250 episodes, total num timesteps 12259200/20000000, FPS 3504.

average episode rewards is -114.22343254089355

 Scenario simple_spread Algo ua_rep_mappo Exp b2_ua_rep_mappo updates 3835/6250 episodes, total num timesteps 12275200/20000000, FPS 3504.

average episode rewards is -114.96554613113403

 Scenario simple_spread Algo ua_rep_mappo Exp b2_ua_rep_mappo updates 3840/6250 episodes, total num timesteps 12291200/20000000, FPS 3504.

average episode rewards is -114.99943733215332

 Scenario simple_spread Algo ua_rep_mappo Exp b2_ua_rep_mappo updates 3845/6250 episodes, total num timesteps 12307200/20000000, FPS 3504.

average episode rewards is -116.32140874862671

 Scenario simple_spread Algo ua_rep_mappo Exp b2_ua_rep_mappo updates 3850/6250 episodes, total num timesteps 12323200/20000000, FPS 3503.

average episode rewards is -115.32256603240967

 Scenario simple_spread Algo ua_rep_mappo Exp b2_ua_rep_mappo updates 3855/6250 episodes, total num timesteps 12339200/20000000, FPS 3503.

average episode rewards is -116.05093479156494

 Scenario simple_spread Algo ua_rep_mappo Exp b2_ua_rep_mappo updates 3860/6250 episodes, total num timesteps 12355200/20000000, FPS 3503.

average episode rewards is -116.87153577804565

 Scenario simple_spread Algo ua_rep_mappo Exp b2_ua_rep_mappo updates 3865/6250 episodes, total num timesteps 12371200/20000000, FPS 3503.

average episode rewards is -114.93505239486694

 Scenario simple_spread Algo ua_rep_mappo Exp b2_ua_rep_mappo updates 3870/6250 episodes, total num timesteps 12387200/20000000, FPS 3503.

average episode rewards is -113.3629322052002

 Scenario simple_spread Algo ua_rep_mappo Exp b2_ua_rep_mappo updates 3875/6250 episodes, total num timesteps 12403200/20000000, FPS 3503.

average episode rewards is -116.6299819946289

 Scenario simple_spread Algo ua_rep_mappo Exp b2_ua_rep_mappo updates 3880/6250 episodes, total num timesteps 12419200/20000000, FPS 3503.

average episode rewards is -118.18276643753052

 Scenario simple_spread Algo ua_rep_mappo Exp b2_ua_rep_mappo updates 3885/6250 episodes, total num timesteps 12435200/20000000, FPS 3503.

average episode rewards is -117.00848340988159

 Scenario simple_spread Algo ua_rep_mappo Exp b2_ua_rep_mappo updates 3890/6250 episodes, total num timesteps 12451200/20000000, FPS 3503.

average episode rewards is -115.00385999679565

 Scenario simple_spread Algo ua_rep_mappo Exp b2_ua_rep_mappo updates 3895/6250 episodes, total num timesteps 12467200/20000000, FPS 3503.

average episode rewards is -115.51496982574463

 Scenario simple_spread Algo ua_rep_mappo Exp b2_ua_rep_mappo updates 3900/6250 episodes, total num timesteps 12483200/20000000, FPS 3503.

average episode rewards is -113.75095844268799

 Scenario simple_spread Algo ua_rep_mappo Exp b2_ua_rep_mappo updates 3905/6250 episodes, total num timesteps 12499200/20000000, FPS 3503.

average episode rewards is -112.3563289642334

 Scenario simple_spread Algo ua_rep_mappo Exp b2_ua_rep_mappo updates 3910/6250 episodes, total num timesteps 12515200/20000000, FPS 3503.

average episode rewards is -115.89279174804688

 Scenario simple_spread Algo ua_rep_mappo Exp b2_ua_rep_mappo updates 3915/6250 episodes, total num timesteps 12531200/20000000, FPS 3503.

average episode rewards is -116.1676287651062

 Scenario simple_spread Algo ua_rep_mappo Exp b2_ua_rep_mappo updates 3920/6250 episodes, total num timesteps 12547200/20000000, FPS 3503.

average episode rewards is -115.02336263656616

 Scenario simple_spread Algo ua_rep_mappo Exp b2_ua_rep_mappo updates 3925/6250 episodes, total num timesteps 12563200/20000000, FPS 3503.

average episode rewards is -114.31139707565308

 Scenario simple_spread Algo ua_rep_mappo Exp b2_ua_rep_mappo updates 3930/6250 episodes, total num timesteps 12579200/20000000, FPS 3503.

average episode rewards is -113.62946033477783

 Scenario simple_spread Algo ua_rep_mappo Exp b2_ua_rep_mappo updates 3935/6250 episodes, total num timesteps 12595200/20000000, FPS 3503.

average episode rewards is -115.00617265701294

 Scenario simple_spread Algo ua_rep_mappo Exp b2_ua_rep_mappo updates 3940/6250 episodes, total num timesteps 12611200/20000000, FPS 3503.

average episode rewards is -115.71468114852905

 Scenario simple_spread Algo ua_rep_mappo Exp b2_ua_rep_mappo updates 3945/6250 episodes, total num timesteps 12627200/20000000, FPS 3503.

average episode rewards is -117.23748445510864

 Scenario simple_spread Algo ua_rep_mappo Exp b2_ua_rep_mappo updates 3950/6250 episodes, total num timesteps 12643200/20000000, FPS 3503.

average episode rewards is -111.94422245025635

 Scenario simple_spread Algo ua_rep_mappo Exp b2_ua_rep_mappo updates 3955/6250 episodes, total num timesteps 12659200/20000000, FPS 3503.

average episode rewards is -115.37915468215942

 Scenario simple_spread Algo ua_rep_mappo Exp b2_ua_rep_mappo updates 3960/6250 episodes, total num timesteps 12675200/20000000, FPS 3503.

average episode rewards is -115.00344276428223

 Scenario simple_spread Algo ua_rep_mappo Exp b2_ua_rep_mappo updates 3965/6250 episodes, total num timesteps 12691200/20000000, FPS 3503.

average episode rewards is -114.49050903320312

 Scenario simple_spread Algo ua_rep_mappo Exp b2_ua_rep_mappo updates 3970/6250 episodes, total num timesteps 12707200/20000000, FPS 3503.

average episode rewards is -114.72941637039185

 Scenario simple_spread Algo ua_rep_mappo Exp b2_ua_rep_mappo updates 3975/6250 episodes, total num timesteps 12723200/20000000, FPS 3503.

average episode rewards is -115.1673436164856

 Scenario simple_spread Algo ua_rep_mappo Exp b2_ua_rep_mappo updates 3980/6250 episodes, total num timesteps 12739200/20000000, FPS 3503.

average episode rewards is -113.80428075790405

 Scenario simple_spread Algo ua_rep_mappo Exp b2_ua_rep_mappo updates 3985/6250 episodes, total num timesteps 12755200/20000000, FPS 3503.

average episode rewards is -114.3290638923645

 Scenario simple_spread Algo ua_rep_mappo Exp b2_ua_rep_mappo updates 3990/6250 episodes, total num timesteps 12771200/20000000, FPS 3503.

average episode rewards is -115.42379856109619

 Scenario simple_spread Algo ua_rep_mappo Exp b2_ua_rep_mappo updates 3995/6250 episodes, total num timesteps 12787200/20000000, FPS 3503.

average episode rewards is -115.07045030593872

 Scenario simple_spread Algo ua_rep_mappo Exp b2_ua_rep_mappo updates 4000/6250 episodes, total num timesteps 12803200/20000000, FPS 3503.

average episode rewards is -113.26645612716675

 Scenario simple_spread Algo ua_rep_mappo Exp b2_ua_rep_mappo updates 4005/6250 episodes, total num timesteps 12819200/20000000, FPS 3503.

average episode rewards is -114.65281248092651

 Scenario simple_spread Algo ua_rep_mappo Exp b2_ua_rep_mappo updates 4010/6250 episodes, total num timesteps 12835200/20000000, FPS 3503.

average episode rewards is -113.95114660263062

 Scenario simple_spread Algo ua_rep_mappo Exp b2_ua_rep_mappo updates 4015/6250 episodes, total num timesteps 12851200/20000000, FPS 3503.

average episode rewards is -114.31231498718262

 Scenario simple_spread Algo ua_rep_mappo Exp b2_ua_rep_mappo updates 4020/6250 episodes, total num timesteps 12867200/20000000, FPS 3503.

average episode rewards is -116.71895980834961

 Scenario simple_spread Algo ua_rep_mappo Exp b2_ua_rep_mappo updates 4025/6250 episodes, total num timesteps 12883200/20000000, FPS 3503.

average episode rewards is -113.42880725860596

 Scenario simple_spread Algo ua_rep_mappo Exp b2_ua_rep_mappo updates 4030/6250 episodes, total num timesteps 12899200/20000000, FPS 3503.

average episode rewards is -113.82488012313843

 Scenario simple_spread Algo ua_rep_mappo Exp b2_ua_rep_mappo updates 4035/6250 episodes, total num timesteps 12915200/20000000, FPS 3503.

average episode rewards is -114.59484100341797

 Scenario simple_spread Algo ua_rep_mappo Exp b2_ua_rep_mappo updates 4040/6250 episodes, total num timesteps 12931200/20000000, FPS 3503.

average episode rewards is -113.446044921875

 Scenario simple_spread Algo ua_rep_mappo Exp b2_ua_rep_mappo updates 4045/6250 episodes, total num timesteps 12947200/20000000, FPS 3503.

average episode rewards is -115.01193046569824

 Scenario simple_spread Algo ua_rep_mappo Exp b2_ua_rep_mappo updates 4050/6250 episodes, total num timesteps 12963200/20000000, FPS 3503.

average episode rewards is -115.01666307449341

 Scenario simple_spread Algo ua_rep_mappo Exp b2_ua_rep_mappo updates 4055/6250 episodes, total num timesteps 12979200/20000000, FPS 3503.

average episode rewards is -113.05968761444092

 Scenario simple_spread Algo ua_rep_mappo Exp b2_ua_rep_mappo updates 4060/6250 episodes, total num timesteps 12995200/20000000, FPS 3503.

average episode rewards is -116.32342338562012

 Scenario simple_spread Algo ua_rep_mappo Exp b2_ua_rep_mappo updates 4065/6250 episodes, total num timesteps 13011200/20000000, FPS 3503.

average episode rewards is -117.2457218170166

 Scenario simple_spread Algo ua_rep_mappo Exp b2_ua_rep_mappo updates 4070/6250 episodes, total num timesteps 13027200/20000000, FPS 3504.

average episode rewards is -113.7674331665039

 Scenario simple_spread Algo ua_rep_mappo Exp b2_ua_rep_mappo updates 4075/6250 episodes, total num timesteps 13043200/20000000, FPS 3504.

average episode rewards is -115.2510404586792

 Scenario simple_spread Algo ua_rep_mappo Exp b2_ua_rep_mappo updates 4080/6250 episodes, total num timesteps 13059200/20000000, FPS 3504.

average episode rewards is -114.2823338508606

 Scenario simple_spread Algo ua_rep_mappo Exp b2_ua_rep_mappo updates 4085/6250 episodes, total num timesteps 13075200/20000000, FPS 3504.

average episode rewards is -113.29243183135986

 Scenario simple_spread Algo ua_rep_mappo Exp b2_ua_rep_mappo updates 4090/6250 episodes, total num timesteps 13091200/20000000, FPS 3503.

average episode rewards is -115.22016525268555

 Scenario simple_spread Algo ua_rep_mappo Exp b2_ua_rep_mappo updates 4095/6250 episodes, total num timesteps 13107200/20000000, FPS 3503.

average episode rewards is -115.35316705703735

 Scenario simple_spread Algo ua_rep_mappo Exp b2_ua_rep_mappo updates 4100/6250 episodes, total num timesteps 13123200/20000000, FPS 3504.

average episode rewards is -113.28307390213013

 Scenario simple_spread Algo ua_rep_mappo Exp b2_ua_rep_mappo updates 4105/6250 episodes, total num timesteps 13139200/20000000, FPS 3504.

average episode rewards is -114.22687768936157

 Scenario simple_spread Algo ua_rep_mappo Exp b2_ua_rep_mappo updates 4110/6250 episodes, total num timesteps 13155200/20000000, FPS 3504.

average episode rewards is -116.54326915740967

 Scenario simple_spread Algo ua_rep_mappo Exp b2_ua_rep_mappo updates 4115/6250 episodes, total num timesteps 13171200/20000000, FPS 3504.

average episode rewards is -114.45655822753906

 Scenario simple_spread Algo ua_rep_mappo Exp b2_ua_rep_mappo updates 4120/6250 episodes, total num timesteps 13187200/20000000, FPS 3504.

average episode rewards is -113.14404010772705

 Scenario simple_spread Algo ua_rep_mappo Exp b2_ua_rep_mappo updates 4125/6250 episodes, total num timesteps 13203200/20000000, FPS 3504.

average episode rewards is -115.1030421257019

 Scenario simple_spread Algo ua_rep_mappo Exp b2_ua_rep_mappo updates 4130/6250 episodes, total num timesteps 13219200/20000000, FPS 3503.

average episode rewards is -115.54627418518066

 Scenario simple_spread Algo ua_rep_mappo Exp b2_ua_rep_mappo updates 4135/6250 episodes, total num timesteps 13235200/20000000, FPS 3503.

average episode rewards is -114.37407732009888

 Scenario simple_spread Algo ua_rep_mappo Exp b2_ua_rep_mappo updates 4140/6250 episodes, total num timesteps 13251200/20000000, FPS 3503.

average episode rewards is -115.94525575637817

 Scenario simple_spread Algo ua_rep_mappo Exp b2_ua_rep_mappo updates 4145/6250 episodes, total num timesteps 13267200/20000000, FPS 3503.

average episode rewards is -112.13091611862183

 Scenario simple_spread Algo ua_rep_mappo Exp b2_ua_rep_mappo updates 4150/6250 episodes, total num timesteps 13283200/20000000, FPS 3503.

average episode rewards is -115.06367921829224

 Scenario simple_spread Algo ua_rep_mappo Exp b2_ua_rep_mappo updates 4155/6250 episodes, total num timesteps 13299200/20000000, FPS 3503.

average episode rewards is -113.10842037200928

 Scenario simple_spread Algo ua_rep_mappo Exp b2_ua_rep_mappo updates 4160/6250 episodes, total num timesteps 13315200/20000000, FPS 3503.

average episode rewards is -116.49956703186035

 Scenario simple_spread Algo ua_rep_mappo Exp b2_ua_rep_mappo updates 4165/6250 episodes, total num timesteps 13331200/20000000, FPS 3503.

average episode rewards is -117.6019549369812

 Scenario simple_spread Algo ua_rep_mappo Exp b2_ua_rep_mappo updates 4170/6250 episodes, total num timesteps 13347200/20000000, FPS 3503.

average episode rewards is -114.21914100646973

 Scenario simple_spread Algo ua_rep_mappo Exp b2_ua_rep_mappo updates 4175/6250 episodes, total num timesteps 13363200/20000000, FPS 3503.

average episode rewards is -112.80282735824585

 Scenario simple_spread Algo ua_rep_mappo Exp b2_ua_rep_mappo updates 4180/6250 episodes, total num timesteps 13379200/20000000, FPS 3503.

average episode rewards is -114.05447721481323

 Scenario simple_spread Algo ua_rep_mappo Exp b2_ua_rep_mappo updates 4185/6250 episodes, total num timesteps 13395200/20000000, FPS 3503.

average episode rewards is -112.45925426483154

 Scenario simple_spread Algo ua_rep_mappo Exp b2_ua_rep_mappo updates 4190/6250 episodes, total num timesteps 13411200/20000000, FPS 3503.

average episode rewards is -114.41805362701416

 Scenario simple_spread Algo ua_rep_mappo Exp b2_ua_rep_mappo updates 4195/6250 episodes, total num timesteps 13427200/20000000, FPS 3503.

average episode rewards is -113.42085599899292

 Scenario simple_spread Algo ua_rep_mappo Exp b2_ua_rep_mappo updates 4200/6250 episodes, total num timesteps 13443200/20000000, FPS 3503.

average episode rewards is -116.83491468429565

 Scenario simple_spread Algo ua_rep_mappo Exp b2_ua_rep_mappo updates 4205/6250 episodes, total num timesteps 13459200/20000000, FPS 3502.

average episode rewards is -114.31107521057129

 Scenario simple_spread Algo ua_rep_mappo Exp b2_ua_rep_mappo updates 4210/6250 episodes, total num timesteps 13475200/20000000, FPS 3502.

average episode rewards is -111.17818355560303

 Scenario simple_spread Algo ua_rep_mappo Exp b2_ua_rep_mappo updates 4215/6250 episodes, total num timesteps 13491200/20000000, FPS 3502.

average episode rewards is -114.27395343780518

 Scenario simple_spread Algo ua_rep_mappo Exp b2_ua_rep_mappo updates 4220/6250 episodes, total num timesteps 13507200/20000000, FPS 3502.

average episode rewards is -113.4953260421753

 Scenario simple_spread Algo ua_rep_mappo Exp b2_ua_rep_mappo updates 4225/6250 episodes, total num timesteps 13523200/20000000, FPS 3502.

average episode rewards is -114.6432876586914

 Scenario simple_spread Algo ua_rep_mappo Exp b2_ua_rep_mappo updates 4230/6250 episodes, total num timesteps 13539200/20000000, FPS 3502.

average episode rewards is -114.88677263259888

 Scenario simple_spread Algo ua_rep_mappo Exp b2_ua_rep_mappo updates 4235/6250 episodes, total num timesteps 13555200/20000000, FPS 3502.

average episode rewards is -114.0599250793457

 Scenario simple_spread Algo ua_rep_mappo Exp b2_ua_rep_mappo updates 4240/6250 episodes, total num timesteps 13571200/20000000, FPS 3502.

average episode rewards is -114.12705183029175

 Scenario simple_spread Algo ua_rep_mappo Exp b2_ua_rep_mappo updates 4245/6250 episodes, total num timesteps 13587200/20000000, FPS 3502.

average episode rewards is -115.47800302505493

 Scenario simple_spread Algo ua_rep_mappo Exp b2_ua_rep_mappo updates 4250/6250 episodes, total num timesteps 13603200/20000000, FPS 3502.

average episode rewards is -114.32353258132935

 Scenario simple_spread Algo ua_rep_mappo Exp b2_ua_rep_mappo updates 4255/6250 episodes, total num timesteps 13619200/20000000, FPS 3502.

average episode rewards is -114.74575996398926

 Scenario simple_spread Algo ua_rep_mappo Exp b2_ua_rep_mappo updates 4260/6250 episodes, total num timesteps 13635200/20000000, FPS 3502.

average episode rewards is -115.07829427719116

 Scenario simple_spread Algo ua_rep_mappo Exp b2_ua_rep_mappo updates 4265/6250 episodes, total num timesteps 13651200/20000000, FPS 3502.

average episode rewards is -115.01905918121338

 Scenario simple_spread Algo ua_rep_mappo Exp b2_ua_rep_mappo updates 4270/6250 episodes, total num timesteps 13667200/20000000, FPS 3502.

average episode rewards is -114.3403172492981

 Scenario simple_spread Algo ua_rep_mappo Exp b2_ua_rep_mappo updates 4275/6250 episodes, total num timesteps 13683200/20000000, FPS 3502.

average episode rewards is -115.1321530342102

 Scenario simple_spread Algo ua_rep_mappo Exp b2_ua_rep_mappo updates 4280/6250 episodes, total num timesteps 13699200/20000000, FPS 3502.

average episode rewards is -112.70031929016113

 Scenario simple_spread Algo ua_rep_mappo Exp b2_ua_rep_mappo updates 4285/6250 episodes, total num timesteps 13715200/20000000, FPS 3502.

average episode rewards is -116.36499166488647

 Scenario simple_spread Algo ua_rep_mappo Exp b2_ua_rep_mappo updates 4290/6250 episodes, total num timesteps 13731200/20000000, FPS 3502.

average episode rewards is -115.02918004989624

 Scenario simple_spread Algo ua_rep_mappo Exp b2_ua_rep_mappo updates 4295/6250 episodes, total num timesteps 13747200/20000000, FPS 3502.

average episode rewards is -115.28952121734619

 Scenario simple_spread Algo ua_rep_mappo Exp b2_ua_rep_mappo updates 4300/6250 episodes, total num timesteps 13763200/20000000, FPS 3502.

average episode rewards is -114.10274505615234

 Scenario simple_spread Algo ua_rep_mappo Exp b2_ua_rep_mappo updates 4305/6250 episodes, total num timesteps 13779200/20000000, FPS 3502.

average episode rewards is -112.86755800247192

 Scenario simple_spread Algo ua_rep_mappo Exp b2_ua_rep_mappo updates 4310/6250 episodes, total num timesteps 13795200/20000000, FPS 3502.

average episode rewards is -113.85724544525146

 Scenario simple_spread Algo ua_rep_mappo Exp b2_ua_rep_mappo updates 4315/6250 episodes, total num timesteps 13811200/20000000, FPS 3502.

average episode rewards is -114.78540897369385

 Scenario simple_spread Algo ua_rep_mappo Exp b2_ua_rep_mappo updates 4320/6250 episodes, total num timesteps 13827200/20000000, FPS 3502.

average episode rewards is -114.90511894226074

 Scenario simple_spread Algo ua_rep_mappo Exp b2_ua_rep_mappo updates 4325/6250 episodes, total num timesteps 13843200/20000000, FPS 3502.

average episode rewards is -112.45343685150146

 Scenario simple_spread Algo ua_rep_mappo Exp b2_ua_rep_mappo updates 4330/6250 episodes, total num timesteps 13859200/20000000, FPS 3502.

average episode rewards is -114.05719518661499

 Scenario simple_spread Algo ua_rep_mappo Exp b2_ua_rep_mappo updates 4335/6250 episodes, total num timesteps 13875200/20000000, FPS 3502.

average episode rewards is -115.63997268676758

 Scenario simple_spread Algo ua_rep_mappo Exp b2_ua_rep_mappo updates 4340/6250 episodes, total num timesteps 13891200/20000000, FPS 3502.

average episode rewards is -116.32883548736572

 Scenario simple_spread Algo ua_rep_mappo Exp b2_ua_rep_mappo updates 4345/6250 episodes, total num timesteps 13907200/20000000, FPS 3502.

average episode rewards is -112.84853219985962

 Scenario simple_spread Algo ua_rep_mappo Exp b2_ua_rep_mappo updates 4350/6250 episodes, total num timesteps 13923200/20000000, FPS 3503.

average episode rewards is -115.07669687271118

 Scenario simple_spread Algo ua_rep_mappo Exp b2_ua_rep_mappo updates 4355/6250 episodes, total num timesteps 13939200/20000000, FPS 3503.

average episode rewards is -112.21541166305542

 Scenario simple_spread Algo ua_rep_mappo Exp b2_ua_rep_mappo updates 4360/6250 episodes, total num timesteps 13955200/20000000, FPS 3502.

average episode rewards is -113.42220306396484

 Scenario simple_spread Algo ua_rep_mappo Exp b2_ua_rep_mappo updates 4365/6250 episodes, total num timesteps 13971200/20000000, FPS 3503.

average episode rewards is -115.70031642913818

 Scenario simple_spread Algo ua_rep_mappo Exp b2_ua_rep_mappo updates 4370/6250 episodes, total num timesteps 13987200/20000000, FPS 3503.

average episode rewards is -117.75147914886475

 Scenario simple_spread Algo ua_rep_mappo Exp b2_ua_rep_mappo updates 4375/6250 episodes, total num timesteps 14003200/20000000, FPS 3503.

average episode rewards is -115.48992395401001

 Scenario simple_spread Algo ua_rep_mappo Exp b2_ua_rep_mappo updates 4380/6250 episodes, total num timesteps 14019200/20000000, FPS 3502.

average episode rewards is -113.2704496383667

 Scenario simple_spread Algo ua_rep_mappo Exp b2_ua_rep_mappo updates 4385/6250 episodes, total num timesteps 14035200/20000000, FPS 3502.

average episode rewards is -114.38952684402466

 Scenario simple_spread Algo ua_rep_mappo Exp b2_ua_rep_mappo updates 4390/6250 episodes, total num timesteps 14051200/20000000, FPS 3502.

average episode rewards is -115.6099796295166

 Scenario simple_spread Algo ua_rep_mappo Exp b2_ua_rep_mappo updates 4395/6250 episodes, total num timesteps 14067200/20000000, FPS 3502.

average episode rewards is -114.46418762207031

 Scenario simple_spread Algo ua_rep_mappo Exp b2_ua_rep_mappo updates 4400/6250 episodes, total num timesteps 14083200/20000000, FPS 3502.

average episode rewards is -115.58809280395508

 Scenario simple_spread Algo ua_rep_mappo Exp b2_ua_rep_mappo updates 4405/6250 episodes, total num timesteps 14099200/20000000, FPS 3502.

average episode rewards is -114.66953754425049

 Scenario simple_spread Algo ua_rep_mappo Exp b2_ua_rep_mappo updates 4410/6250 episodes, total num timesteps 14115200/20000000, FPS 3501.

average episode rewards is -113.51301670074463

 Scenario simple_spread Algo ua_rep_mappo Exp b2_ua_rep_mappo updates 4415/6250 episodes, total num timesteps 14131200/20000000, FPS 3501.

average episode rewards is -112.99588680267334

 Scenario simple_spread Algo ua_rep_mappo Exp b2_ua_rep_mappo updates 4420/6250 episodes, total num timesteps 14147200/20000000, FPS 3501.

average episode rewards is -114.71391916275024

 Scenario simple_spread Algo ua_rep_mappo Exp b2_ua_rep_mappo updates 4425/6250 episodes, total num timesteps 14163200/20000000, FPS 3501.

average episode rewards is -112.28505373001099

 Scenario simple_spread Algo ua_rep_mappo Exp b2_ua_rep_mappo updates 4430/6250 episodes, total num timesteps 14179200/20000000, FPS 3501.

average episode rewards is -114.80375528335571

 Scenario simple_spread Algo ua_rep_mappo Exp b2_ua_rep_mappo updates 4435/6250 episodes, total num timesteps 14195200/20000000, FPS 3501.

average episode rewards is -114.63196277618408

 Scenario simple_spread Algo ua_rep_mappo Exp b2_ua_rep_mappo updates 4440/6250 episodes, total num timesteps 14211200/20000000, FPS 3501.

average episode rewards is -114.59498405456543

 Scenario simple_spread Algo ua_rep_mappo Exp b2_ua_rep_mappo updates 4445/6250 episodes, total num timesteps 14227200/20000000, FPS 3501.

average episode rewards is -116.22713804244995

 Scenario simple_spread Algo ua_rep_mappo Exp b2_ua_rep_mappo updates 4450/6250 episodes, total num timesteps 14243200/20000000, FPS 3501.

average episode rewards is -115.54257869720459

 Scenario simple_spread Algo ua_rep_mappo Exp b2_ua_rep_mappo updates 4455/6250 episodes, total num timesteps 14259200/20000000, FPS 3501.

average episode rewards is -112.96730041503906

 Scenario simple_spread Algo ua_rep_mappo Exp b2_ua_rep_mappo updates 4460/6250 episodes, total num timesteps 14275200/20000000, FPS 3501.

average episode rewards is -113.7825608253479

 Scenario simple_spread Algo ua_rep_mappo Exp b2_ua_rep_mappo updates 4465/6250 episodes, total num timesteps 14291200/20000000, FPS 3501.

average episode rewards is -113.39354515075684

 Scenario simple_spread Algo ua_rep_mappo Exp b2_ua_rep_mappo updates 4470/6250 episodes, total num timesteps 14307200/20000000, FPS 3502.

average episode rewards is -113.39080333709717

 Scenario simple_spread Algo ua_rep_mappo Exp b2_ua_rep_mappo updates 4475/6250 episodes, total num timesteps 14323200/20000000, FPS 3502.

average episode rewards is -115.37244319915771

 Scenario simple_spread Algo ua_rep_mappo Exp b2_ua_rep_mappo updates 4480/6250 episodes, total num timesteps 14339200/20000000, FPS 3502.

average episode rewards is -114.75799083709717

 Scenario simple_spread Algo ua_rep_mappo Exp b2_ua_rep_mappo updates 4485/6250 episodes, total num timesteps 14355200/20000000, FPS 3502.

average episode rewards is -114.07455205917358

 Scenario simple_spread Algo ua_rep_mappo Exp b2_ua_rep_mappo updates 4490/6250 episodes, total num timesteps 14371200/20000000, FPS 3502.

average episode rewards is -114.32889699935913

 Scenario simple_spread Algo ua_rep_mappo Exp b2_ua_rep_mappo updates 4495/6250 episodes, total num timesteps 14387200/20000000, FPS 3502.

average episode rewards is -114.77563381195068

 Scenario simple_spread Algo ua_rep_mappo Exp b2_ua_rep_mappo updates 4500/6250 episodes, total num timesteps 14403200/20000000, FPS 3502.

average episode rewards is -115.00037908554077

 Scenario simple_spread Algo ua_rep_mappo Exp b2_ua_rep_mappo updates 4505/6250 episodes, total num timesteps 14419200/20000000, FPS 3502.

average episode rewards is -115.31620025634766

 Scenario simple_spread Algo ua_rep_mappo Exp b2_ua_rep_mappo updates 4510/6250 episodes, total num timesteps 14435200/20000000, FPS 3502.

average episode rewards is -114.3986463546753

 Scenario simple_spread Algo ua_rep_mappo Exp b2_ua_rep_mappo updates 4515/6250 episodes, total num timesteps 14451200/20000000, FPS 3502.

average episode rewards is -114.74411487579346

 Scenario simple_spread Algo ua_rep_mappo Exp b2_ua_rep_mappo updates 4520/6250 episodes, total num timesteps 14467200/20000000, FPS 3502.

average episode rewards is -112.08258867263794

 Scenario simple_spread Algo ua_rep_mappo Exp b2_ua_rep_mappo updates 4525/6250 episodes, total num timesteps 14483200/20000000, FPS 3502.

average episode rewards is -113.64564895629883

 Scenario simple_spread Algo ua_rep_mappo Exp b2_ua_rep_mappo updates 4530/6250 episodes, total num timesteps 14499200/20000000, FPS 3502.

average episode rewards is -112.63689994812012

 Scenario simple_spread Algo ua_rep_mappo Exp b2_ua_rep_mappo updates 4535/6250 episodes, total num timesteps 14515200/20000000, FPS 3502.

average episode rewards is -112.26450204849243

 Scenario simple_spread Algo ua_rep_mappo Exp b2_ua_rep_mappo updates 4540/6250 episodes, total num timesteps 14531200/20000000, FPS 3502.

average episode rewards is -113.22349309921265

 Scenario simple_spread Algo ua_rep_mappo Exp b2_ua_rep_mappo updates 4545/6250 episodes, total num timesteps 14547200/20000000, FPS 3502.

average episode rewards is -114.62814807891846

 Scenario simple_spread Algo ua_rep_mappo Exp b2_ua_rep_mappo updates 4550/6250 episodes, total num timesteps 14563200/20000000, FPS 3502.

average episode rewards is -115.53492546081543

 Scenario simple_spread Algo ua_rep_mappo Exp b2_ua_rep_mappo updates 4555/6250 episodes, total num timesteps 14579200/20000000, FPS 3502.

average episode rewards is -115.12185335159302

 Scenario simple_spread Algo ua_rep_mappo Exp b2_ua_rep_mappo updates 4560/6250 episodes, total num timesteps 14595200/20000000, FPS 3502.

average episode rewards is -113.6056661605835

 Scenario simple_spread Algo ua_rep_mappo Exp b2_ua_rep_mappo updates 4565/6250 episodes, total num timesteps 14611200/20000000, FPS 3502.

average episode rewards is -114.25776481628418

 Scenario simple_spread Algo ua_rep_mappo Exp b2_ua_rep_mappo updates 4570/6250 episodes, total num timesteps 14627200/20000000, FPS 3502.

average episode rewards is -113.2930040359497

 Scenario simple_spread Algo ua_rep_mappo Exp b2_ua_rep_mappo updates 4575/6250 episodes, total num timesteps 14643200/20000000, FPS 3502.

average episode rewards is -115.50848484039307

 Scenario simple_spread Algo ua_rep_mappo Exp b2_ua_rep_mappo updates 4580/6250 episodes, total num timesteps 14659200/20000000, FPS 3502.

average episode rewards is -115.54170846939087

 Scenario simple_spread Algo ua_rep_mappo Exp b2_ua_rep_mappo updates 4585/6250 episodes, total num timesteps 14675200/20000000, FPS 3502.

average episode rewards is -112.22572326660156

 Scenario simple_spread Algo ua_rep_mappo Exp b2_ua_rep_mappo updates 4590/6250 episodes, total num timesteps 14691200/20000000, FPS 3502.

average episode rewards is -114.71661329269409

 Scenario simple_spread Algo ua_rep_mappo Exp b2_ua_rep_mappo updates 4595/6250 episodes, total num timesteps 14707200/20000000, FPS 3502.

average episode rewards is -114.16747570037842

 Scenario simple_spread Algo ua_rep_mappo Exp b2_ua_rep_mappo updates 4600/6250 episodes, total num timesteps 14723200/20000000, FPS 3502.

average episode rewards is -113.13952207565308

 Scenario simple_spread Algo ua_rep_mappo Exp b2_ua_rep_mappo updates 4605/6250 episodes, total num timesteps 14739200/20000000, FPS 3502.

average episode rewards is -113.28338384628296

 Scenario simple_spread Algo ua_rep_mappo Exp b2_ua_rep_mappo updates 4610/6250 episodes, total num timesteps 14755200/20000000, FPS 3502.

average episode rewards is -111.9314193725586

 Scenario simple_spread Algo ua_rep_mappo Exp b2_ua_rep_mappo updates 4615/6250 episodes, total num timesteps 14771200/20000000, FPS 3502.

average episode rewards is -112.60579824447632

 Scenario simple_spread Algo ua_rep_mappo Exp b2_ua_rep_mappo updates 4620/6250 episodes, total num timesteps 14787200/20000000, FPS 3502.

average episode rewards is -114.18296098709106

 Scenario simple_spread Algo ua_rep_mappo Exp b2_ua_rep_mappo updates 4625/6250 episodes, total num timesteps 14803200/20000000, FPS 3502.

average episode rewards is -114.87154960632324

 Scenario simple_spread Algo ua_rep_mappo Exp b2_ua_rep_mappo updates 4630/6250 episodes, total num timesteps 14819200/20000000, FPS 3502.

average episode rewards is -115.61555862426758

 Scenario simple_spread Algo ua_rep_mappo Exp b2_ua_rep_mappo updates 4635/6250 episodes, total num timesteps 14835200/20000000, FPS 3502.

average episode rewards is -112.37690448760986

 Scenario simple_spread Algo ua_rep_mappo Exp b2_ua_rep_mappo updates 4640/6250 episodes, total num timesteps 14851200/20000000, FPS 3502.

average episode rewards is -114.31410312652588

 Scenario simple_spread Algo ua_rep_mappo Exp b2_ua_rep_mappo updates 4645/6250 episodes, total num timesteps 14867200/20000000, FPS 3502.

average episode rewards is -115.2276873588562

 Scenario simple_spread Algo ua_rep_mappo Exp b2_ua_rep_mappo updates 4650/6250 episodes, total num timesteps 14883200/20000000, FPS 3502.

average episode rewards is -116.14865064620972

 Scenario simple_spread Algo ua_rep_mappo Exp b2_ua_rep_mappo updates 4655/6250 episodes, total num timesteps 14899200/20000000, FPS 3502.

average episode rewards is -114.85146284103394

 Scenario simple_spread Algo ua_rep_mappo Exp b2_ua_rep_mappo updates 4660/6250 episodes, total num timesteps 14915200/20000000, FPS 3502.

average episode rewards is -114.02575969696045

 Scenario simple_spread Algo ua_rep_mappo Exp b2_ua_rep_mappo updates 4665/6250 episodes, total num timesteps 14931200/20000000, FPS 3502.

average episode rewards is -115.99171161651611

 Scenario simple_spread Algo ua_rep_mappo Exp b2_ua_rep_mappo updates 4670/6250 episodes, total num timesteps 14947200/20000000, FPS 3502.

average episode rewards is -114.94770050048828

 Scenario simple_spread Algo ua_rep_mappo Exp b2_ua_rep_mappo updates 4675/6250 episodes, total num timesteps 14963200/20000000, FPS 3502.

average episode rewards is -114.24978971481323

 Scenario simple_spread Algo ua_rep_mappo Exp b2_ua_rep_mappo updates 4680/6250 episodes, total num timesteps 14979200/20000000, FPS 3502.

average episode rewards is -113.69414329528809

 Scenario simple_spread Algo ua_rep_mappo Exp b2_ua_rep_mappo updates 4685/6250 episodes, total num timesteps 14995200/20000000, FPS 3502.

average episode rewards is -114.7955060005188

 Scenario simple_spread Algo ua_rep_mappo Exp b2_ua_rep_mappo updates 4690/6250 episodes, total num timesteps 15011200/20000000, FPS 3502.

average episode rewards is -112.0008111000061

 Scenario simple_spread Algo ua_rep_mappo Exp b2_ua_rep_mappo updates 4695/6250 episodes, total num timesteps 15027200/20000000, FPS 3502.

average episode rewards is -111.64908409118652

 Scenario simple_spread Algo ua_rep_mappo Exp b2_ua_rep_mappo updates 4700/6250 episodes, total num timesteps 15043200/20000000, FPS 3502.

average episode rewards is -114.46748971939087

 Scenario simple_spread Algo ua_rep_mappo Exp b2_ua_rep_mappo updates 4705/6250 episodes, total num timesteps 15059200/20000000, FPS 3502.

average episode rewards is -113.82092237472534

 Scenario simple_spread Algo ua_rep_mappo Exp b2_ua_rep_mappo updates 4710/6250 episodes, total num timesteps 15075200/20000000, FPS 3502.

average episode rewards is -111.07065677642822

 Scenario simple_spread Algo ua_rep_mappo Exp b2_ua_rep_mappo updates 4715/6250 episodes, total num timesteps 15091200/20000000, FPS 3502.

average episode rewards is -114.63569402694702

 Scenario simple_spread Algo ua_rep_mappo Exp b2_ua_rep_mappo updates 4720/6250 episodes, total num timesteps 15107200/20000000, FPS 3502.

average episode rewards is -111.43004894256592

 Scenario simple_spread Algo ua_rep_mappo Exp b2_ua_rep_mappo updates 4725/6250 episodes, total num timesteps 15123200/20000000, FPS 3502.

average episode rewards is -113.41224908828735

 Scenario simple_spread Algo ua_rep_mappo Exp b2_ua_rep_mappo updates 4730/6250 episodes, total num timesteps 15139200/20000000, FPS 3502.

average episode rewards is -114.77072238922119

 Scenario simple_spread Algo ua_rep_mappo Exp b2_ua_rep_mappo updates 4735/6250 episodes, total num timesteps 15155200/20000000, FPS 3502.

average episode rewards is -112.94115781784058

 Scenario simple_spread Algo ua_rep_mappo Exp b2_ua_rep_mappo updates 4740/6250 episodes, total num timesteps 15171200/20000000, FPS 3502.

average episode rewards is -111.16191148757935

 Scenario simple_spread Algo ua_rep_mappo Exp b2_ua_rep_mappo updates 4745/6250 episodes, total num timesteps 15187200/20000000, FPS 3502.

average episode rewards is -112.69532442092896

 Scenario simple_spread Algo ua_rep_mappo Exp b2_ua_rep_mappo updates 4750/6250 episodes, total num timesteps 15203200/20000000, FPS 3502.

average episode rewards is -113.302743434906

 Scenario simple_spread Algo ua_rep_mappo Exp b2_ua_rep_mappo updates 4755/6250 episodes, total num timesteps 15219200/20000000, FPS 3502.

average episode rewards is -113.23027610778809

 Scenario simple_spread Algo ua_rep_mappo Exp b2_ua_rep_mappo updates 4760/6250 episodes, total num timesteps 15235200/20000000, FPS 3502.

average episode rewards is -114.34389352798462

 Scenario simple_spread Algo ua_rep_mappo Exp b2_ua_rep_mappo updates 4765/6250 episodes, total num timesteps 15251200/20000000, FPS 3502.

average episode rewards is -113.73114585876465

 Scenario simple_spread Algo ua_rep_mappo Exp b2_ua_rep_mappo updates 4770/6250 episodes, total num timesteps 15267200/20000000, FPS 3502.

average episode rewards is -113.56102228164673

 Scenario simple_spread Algo ua_rep_mappo Exp b2_ua_rep_mappo updates 4775/6250 episodes, total num timesteps 15283200/20000000, FPS 3502.

average episode rewards is -114.34723138809204

 Scenario simple_spread Algo ua_rep_mappo Exp b2_ua_rep_mappo updates 4780/6250 episodes, total num timesteps 15299200/20000000, FPS 3501.

average episode rewards is -113.45556974411011

 Scenario simple_spread Algo ua_rep_mappo Exp b2_ua_rep_mappo updates 4785/6250 episodes, total num timesteps 15315200/20000000, FPS 3501.

average episode rewards is -112.86191940307617

 Scenario simple_spread Algo ua_rep_mappo Exp b2_ua_rep_mappo updates 4790/6250 episodes, total num timesteps 15331200/20000000, FPS 3501.

average episode rewards is -112.62654066085815

 Scenario simple_spread Algo ua_rep_mappo Exp b2_ua_rep_mappo updates 4795/6250 episodes, total num timesteps 15347200/20000000, FPS 3501.

average episode rewards is -113.78926038742065

 Scenario simple_spread Algo ua_rep_mappo Exp b2_ua_rep_mappo updates 4800/6250 episodes, total num timesteps 15363200/20000000, FPS 3501.

average episode rewards is -113.00508975982666

 Scenario simple_spread Algo ua_rep_mappo Exp b2_ua_rep_mappo updates 4805/6250 episodes, total num timesteps 15379200/20000000, FPS 3501.

average episode rewards is -111.53106689453125

 Scenario simple_spread Algo ua_rep_mappo Exp b2_ua_rep_mappo updates 4810/6250 episodes, total num timesteps 15395200/20000000, FPS 3501.

average episode rewards is -115.34919738769531

 Scenario simple_spread Algo ua_rep_mappo Exp b2_ua_rep_mappo updates 4815/6250 episodes, total num timesteps 15411200/20000000, FPS 3501.

average episode rewards is -116.4145827293396

 Scenario simple_spread Algo ua_rep_mappo Exp b2_ua_rep_mappo updates 4820/6250 episodes, total num timesteps 15427200/20000000, FPS 3501.

average episode rewards is -113.84913921356201

 Scenario simple_spread Algo ua_rep_mappo Exp b2_ua_rep_mappo updates 4825/6250 episodes, total num timesteps 15443200/20000000, FPS 3501.

average episode rewards is -114.47453498840332

 Scenario simple_spread Algo ua_rep_mappo Exp b2_ua_rep_mappo updates 4830/6250 episodes, total num timesteps 15459200/20000000, FPS 3501.

average episode rewards is -112.39005327224731

 Scenario simple_spread Algo ua_rep_mappo Exp b2_ua_rep_mappo updates 4835/6250 episodes, total num timesteps 15475200/20000000, FPS 3501.

average episode rewards is -113.01721334457397

 Scenario simple_spread Algo ua_rep_mappo Exp b2_ua_rep_mappo updates 4840/6250 episodes, total num timesteps 15491200/20000000, FPS 3501.

average episode rewards is -111.76904439926147

 Scenario simple_spread Algo ua_rep_mappo Exp b2_ua_rep_mappo updates 4845/6250 episodes, total num timesteps 15507200/20000000, FPS 3501.

average episode rewards is -114.2256498336792

 Scenario simple_spread Algo ua_rep_mappo Exp b2_ua_rep_mappo updates 4850/6250 episodes, total num timesteps 15523200/20000000, FPS 3501.

average episode rewards is -111.70258522033691

 Scenario simple_spread Algo ua_rep_mappo Exp b2_ua_rep_mappo updates 4855/6250 episodes, total num timesteps 15539200/20000000, FPS 3501.

average episode rewards is -113.29344511032104

 Scenario simple_spread Algo ua_rep_mappo Exp b2_ua_rep_mappo updates 4860/6250 episodes, total num timesteps 15555200/20000000, FPS 3501.

average episode rewards is -114.55850601196289

 Scenario simple_spread Algo ua_rep_mappo Exp b2_ua_rep_mappo updates 4865/6250 episodes, total num timesteps 15571200/20000000, FPS 3501.

average episode rewards is -114.0531063079834

 Scenario simple_spread Algo ua_rep_mappo Exp b2_ua_rep_mappo updates 4870/6250 episodes, total num timesteps 15587200/20000000, FPS 3501.

average episode rewards is -114.12804126739502

 Scenario simple_spread Algo ua_rep_mappo Exp b2_ua_rep_mappo updates 4875/6250 episodes, total num timesteps 15603200/20000000, FPS 3501.

average episode rewards is -113.68753910064697

 Scenario simple_spread Algo ua_rep_mappo Exp b2_ua_rep_mappo updates 4880/6250 episodes, total num timesteps 15619200/20000000, FPS 3501.

average episode rewards is -114.65388536453247

 Scenario simple_spread Algo ua_rep_mappo Exp b2_ua_rep_mappo updates 4885/6250 episodes, total num timesteps 15635200/20000000, FPS 3500.

average episode rewards is -115.34502506256104

 Scenario simple_spread Algo ua_rep_mappo Exp b2_ua_rep_mappo updates 4890/6250 episodes, total num timesteps 15651200/20000000, FPS 3501.

average episode rewards is -116.5440559387207

 Scenario simple_spread Algo ua_rep_mappo Exp b2_ua_rep_mappo updates 4895/6250 episodes, total num timesteps 15667200/20000000, FPS 3501.

average episode rewards is -115.58619737625122

 Scenario simple_spread Algo ua_rep_mappo Exp b2_ua_rep_mappo updates 4900/6250 episodes, total num timesteps 15683200/20000000, FPS 3501.

average episode rewards is -114.46740627288818

 Scenario simple_spread Algo ua_rep_mappo Exp b2_ua_rep_mappo updates 4905/6250 episodes, total num timesteps 15699200/20000000, FPS 3500.

average episode rewards is -116.42588376998901

 Scenario simple_spread Algo ua_rep_mappo Exp b2_ua_rep_mappo updates 4910/6250 episodes, total num timesteps 15715200/20000000, FPS 3500.

average episode rewards is -113.0397081375122

 Scenario simple_spread Algo ua_rep_mappo Exp b2_ua_rep_mappo updates 4915/6250 episodes, total num timesteps 15731200/20000000, FPS 3501.

average episode rewards is -116.34310483932495

 Scenario simple_spread Algo ua_rep_mappo Exp b2_ua_rep_mappo updates 4920/6250 episodes, total num timesteps 15747200/20000000, FPS 3501.

average episode rewards is -113.8075590133667

 Scenario simple_spread Algo ua_rep_mappo Exp b2_ua_rep_mappo updates 4925/6250 episodes, total num timesteps 15763200/20000000, FPS 3501.

average episode rewards is -112.08752393722534

 Scenario simple_spread Algo ua_rep_mappo Exp b2_ua_rep_mappo updates 4930/6250 episodes, total num timesteps 15779200/20000000, FPS 3501.

average episode rewards is -115.46072959899902

 Scenario simple_spread Algo ua_rep_mappo Exp b2_ua_rep_mappo updates 4935/6250 episodes, total num timesteps 15795200/20000000, FPS 3501.

average episode rewards is -113.24886083602905

 Scenario simple_spread Algo ua_rep_mappo Exp b2_ua_rep_mappo updates 4940/6250 episodes, total num timesteps 15811200/20000000, FPS 3501.

average episode rewards is -112.36138343811035

 Scenario simple_spread Algo ua_rep_mappo Exp b2_ua_rep_mappo updates 4945/6250 episodes, total num timesteps 15827200/20000000, FPS 3501.

average episode rewards is -111.41915321350098

 Scenario simple_spread Algo ua_rep_mappo Exp b2_ua_rep_mappo updates 4950/6250 episodes, total num timesteps 15843200/20000000, FPS 3501.

average episode rewards is -114.9530291557312

 Scenario simple_spread Algo ua_rep_mappo Exp b2_ua_rep_mappo updates 4955/6250 episodes, total num timesteps 15859200/20000000, FPS 3501.

average episode rewards is -112.50340938568115

 Scenario simple_spread Algo ua_rep_mappo Exp b2_ua_rep_mappo updates 4960/6250 episodes, total num timesteps 15875200/20000000, FPS 3501.

average episode rewards is -110.80328226089478

 Scenario simple_spread Algo ua_rep_mappo Exp b2_ua_rep_mappo updates 4965/6250 episodes, total num timesteps 15891200/20000000, FPS 3501.

average episode rewards is -114.68491554260254

 Scenario simple_spread Algo ua_rep_mappo Exp b2_ua_rep_mappo updates 4970/6250 episodes, total num timesteps 15907200/20000000, FPS 3501.

average episode rewards is -114.54951763153076

 Scenario simple_spread Algo ua_rep_mappo Exp b2_ua_rep_mappo updates 4975/6250 episodes, total num timesteps 15923200/20000000, FPS 3501.

average episode rewards is -115.14194011688232

 Scenario simple_spread Algo ua_rep_mappo Exp b2_ua_rep_mappo updates 4980/6250 episodes, total num timesteps 15939200/20000000, FPS 3501.

average episode rewards is -113.24799060821533

 Scenario simple_spread Algo ua_rep_mappo Exp b2_ua_rep_mappo updates 4985/6250 episodes, total num timesteps 15955200/20000000, FPS 3501.

average episode rewards is -114.46675062179565

 Scenario simple_spread Algo ua_rep_mappo Exp b2_ua_rep_mappo updates 4990/6250 episodes, total num timesteps 15971200/20000000, FPS 3501.

average episode rewards is -114.1382098197937

 Scenario simple_spread Algo ua_rep_mappo Exp b2_ua_rep_mappo updates 4995/6250 episodes, total num timesteps 15987200/20000000, FPS 3501.

average episode rewards is -114.99959230422974

 Scenario simple_spread Algo ua_rep_mappo Exp b2_ua_rep_mappo updates 5000/6250 episodes, total num timesteps 16003200/20000000, FPS 3502.

average episode rewards is -113.37376832962036

 Scenario simple_spread Algo ua_rep_mappo Exp b2_ua_rep_mappo updates 5005/6250 episodes, total num timesteps 16019200/20000000, FPS 3502.

average episode rewards is -114.88543748855591

 Scenario simple_spread Algo ua_rep_mappo Exp b2_ua_rep_mappo updates 5010/6250 episodes, total num timesteps 16035200/20000000, FPS 3502.

average episode rewards is -111.77458763122559

 Scenario simple_spread Algo ua_rep_mappo Exp b2_ua_rep_mappo updates 5015/6250 episodes, total num timesteps 16051200/20000000, FPS 3502.

average episode rewards is -113.42669725418091

 Scenario simple_spread Algo ua_rep_mappo Exp b2_ua_rep_mappo updates 5020/6250 episodes, total num timesteps 16067200/20000000, FPS 3502.

average episode rewards is -114.78337049484253

 Scenario simple_spread Algo ua_rep_mappo Exp b2_ua_rep_mappo updates 5025/6250 episodes, total num timesteps 16083200/20000000, FPS 3502.

average episode rewards is -112.30251789093018

 Scenario simple_spread Algo ua_rep_mappo Exp b2_ua_rep_mappo updates 5030/6250 episodes, total num timesteps 16099200/20000000, FPS 3502.

average episode rewards is -113.21723461151123

 Scenario simple_spread Algo ua_rep_mappo Exp b2_ua_rep_mappo updates 5035/6250 episodes, total num timesteps 16115200/20000000, FPS 3502.

average episode rewards is -115.0999903678894

 Scenario simple_spread Algo ua_rep_mappo Exp b2_ua_rep_mappo updates 5040/6250 episodes, total num timesteps 16131200/20000000, FPS 3502.

average episode rewards is -114.98585939407349

 Scenario simple_spread Algo ua_rep_mappo Exp b2_ua_rep_mappo updates 5045/6250 episodes, total num timesteps 16147200/20000000, FPS 3502.

average episode rewards is -113.79551887512207

 Scenario simple_spread Algo ua_rep_mappo Exp b2_ua_rep_mappo updates 5050/6250 episodes, total num timesteps 16163200/20000000, FPS 3502.

average episode rewards is -112.87117004394531

 Scenario simple_spread Algo ua_rep_mappo Exp b2_ua_rep_mappo updates 5055/6250 episodes, total num timesteps 16179200/20000000, FPS 3502.

average episode rewards is -111.12306118011475

 Scenario simple_spread Algo ua_rep_mappo Exp b2_ua_rep_mappo updates 5060/6250 episodes, total num timesteps 16195200/20000000, FPS 3502.

average episode rewards is -114.18544054031372

 Scenario simple_spread Algo ua_rep_mappo Exp b2_ua_rep_mappo updates 5065/6250 episodes, total num timesteps 16211200/20000000, FPS 3502.

average episode rewards is -113.4066104888916

 Scenario simple_spread Algo ua_rep_mappo Exp b2_ua_rep_mappo updates 5070/6250 episodes, total num timesteps 16227200/20000000, FPS 3502.

average episode rewards is -114.72780704498291

 Scenario simple_spread Algo ua_rep_mappo Exp b2_ua_rep_mappo updates 5075/6250 episodes, total num timesteps 16243200/20000000, FPS 3502.

average episode rewards is -115.49214124679565

 Scenario simple_spread Algo ua_rep_mappo Exp b2_ua_rep_mappo updates 5080/6250 episodes, total num timesteps 16259200/20000000, FPS 3502.

average episode rewards is -112.64777183532715

 Scenario simple_spread Algo ua_rep_mappo Exp b2_ua_rep_mappo updates 5085/6250 episodes, total num timesteps 16275200/20000000, FPS 3502.

average episode rewards is -113.78692388534546

 Scenario simple_spread Algo ua_rep_mappo Exp b2_ua_rep_mappo updates 5090/6250 episodes, total num timesteps 16291200/20000000, FPS 3502.

average episode rewards is -114.67657089233398

 Scenario simple_spread Algo ua_rep_mappo Exp b2_ua_rep_mappo updates 5095/6250 episodes, total num timesteps 16307200/20000000, FPS 3502.

average episode rewards is -114.35732841491699

 Scenario simple_spread Algo ua_rep_mappo Exp b2_ua_rep_mappo updates 5100/6250 episodes, total num timesteps 16323200/20000000, FPS 3502.

average episode rewards is -113.6088490486145

 Scenario simple_spread Algo ua_rep_mappo Exp b2_ua_rep_mappo updates 5105/6250 episodes, total num timesteps 16339200/20000000, FPS 3502.

average episode rewards is -113.39935064315796

 Scenario simple_spread Algo ua_rep_mappo Exp b2_ua_rep_mappo updates 5110/6250 episodes, total num timesteps 16355200/20000000, FPS 3502.

average episode rewards is -113.22107315063477

 Scenario simple_spread Algo ua_rep_mappo Exp b2_ua_rep_mappo updates 5115/6250 episodes, total num timesteps 16371200/20000000, FPS 3502.

average episode rewards is -115.65022468566895

 Scenario simple_spread Algo ua_rep_mappo Exp b2_ua_rep_mappo updates 5120/6250 episodes, total num timesteps 16387200/20000000, FPS 3502.

average episode rewards is -116.56355857849121

 Scenario simple_spread Algo ua_rep_mappo Exp b2_ua_rep_mappo updates 5125/6250 episodes, total num timesteps 16403200/20000000, FPS 3502.

average episode rewards is -112.49566078186035

 Scenario simple_spread Algo ua_rep_mappo Exp b2_ua_rep_mappo updates 5130/6250 episodes, total num timesteps 16419200/20000000, FPS 3502.

average episode rewards is -112.58182525634766

 Scenario simple_spread Algo ua_rep_mappo Exp b2_ua_rep_mappo updates 5135/6250 episodes, total num timesteps 16435200/20000000, FPS 3502.

average episode rewards is -116.45351648330688

 Scenario simple_spread Algo ua_rep_mappo Exp b2_ua_rep_mappo updates 5140/6250 episodes, total num timesteps 16451200/20000000, FPS 3502.

average episode rewards is -111.86586618423462

 Scenario simple_spread Algo ua_rep_mappo Exp b2_ua_rep_mappo updates 5145/6250 episodes, total num timesteps 16467200/20000000, FPS 3502.

average episode rewards is -112.2710108757019

 Scenario simple_spread Algo ua_rep_mappo Exp b2_ua_rep_mappo updates 5150/6250 episodes, total num timesteps 16483200/20000000, FPS 3502.

average episode rewards is -112.79888153076172

 Scenario simple_spread Algo ua_rep_mappo Exp b2_ua_rep_mappo updates 5155/6250 episodes, total num timesteps 16499200/20000000, FPS 3502.

average episode rewards is -115.69331884384155

 Scenario simple_spread Algo ua_rep_mappo Exp b2_ua_rep_mappo updates 5160/6250 episodes, total num timesteps 16515200/20000000, FPS 3502.

average episode rewards is -113.4873628616333

 Scenario simple_spread Algo ua_rep_mappo Exp b2_ua_rep_mappo updates 5165/6250 episodes, total num timesteps 16531200/20000000, FPS 3502.

average episode rewards is -114.27664756774902

 Scenario simple_spread Algo ua_rep_mappo Exp b2_ua_rep_mappo updates 5170/6250 episodes, total num timesteps 16547200/20000000, FPS 3502.

average episode rewards is -114.69025611877441

 Scenario simple_spread Algo ua_rep_mappo Exp b2_ua_rep_mappo updates 5175/6250 episodes, total num timesteps 16563200/20000000, FPS 3502.

average episode rewards is -111.98016405105591

 Scenario simple_spread Algo ua_rep_mappo Exp b2_ua_rep_mappo updates 5180/6250 episodes, total num timesteps 16579200/20000000, FPS 3502.

average episode rewards is -113.3216381072998

 Scenario simple_spread Algo ua_rep_mappo Exp b2_ua_rep_mappo updates 5185/6250 episodes, total num timesteps 16595200/20000000, FPS 3502.

average episode rewards is -112.19954490661621

 Scenario simple_spread Algo ua_rep_mappo Exp b2_ua_rep_mappo updates 5190/6250 episodes, total num timesteps 16611200/20000000, FPS 3503.

average episode rewards is -114.60533142089844

 Scenario simple_spread Algo ua_rep_mappo Exp b2_ua_rep_mappo updates 5195/6250 episodes, total num timesteps 16627200/20000000, FPS 3503.

average episode rewards is -113.67175579071045

 Scenario simple_spread Algo ua_rep_mappo Exp b2_ua_rep_mappo updates 5200/6250 episodes, total num timesteps 16643200/20000000, FPS 3503.

average episode rewards is -113.94482851028442

 Scenario simple_spread Algo ua_rep_mappo Exp b2_ua_rep_mappo updates 5205/6250 episodes, total num timesteps 16659200/20000000, FPS 3503.

average episode rewards is -115.38147926330566

 Scenario simple_spread Algo ua_rep_mappo Exp b2_ua_rep_mappo updates 5210/6250 episodes, total num timesteps 16675200/20000000, FPS 3503.

average episode rewards is -114.01294469833374

 Scenario simple_spread Algo ua_rep_mappo Exp b2_ua_rep_mappo updates 5215/6250 episodes, total num timesteps 16691200/20000000, FPS 3503.

average episode rewards is -114.37410116195679

 Scenario simple_spread Algo ua_rep_mappo Exp b2_ua_rep_mappo updates 5220/6250 episodes, total num timesteps 16707200/20000000, FPS 3503.

average episode rewards is -112.81369924545288

 Scenario simple_spread Algo ua_rep_mappo Exp b2_ua_rep_mappo updates 5225/6250 episodes, total num timesteps 16723200/20000000, FPS 3503.

average episode rewards is -115.53277969360352

 Scenario simple_spread Algo ua_rep_mappo Exp b2_ua_rep_mappo updates 5230/6250 episodes, total num timesteps 16739200/20000000, FPS 3503.

average episode rewards is -114.60987329483032

 Scenario simple_spread Algo ua_rep_mappo Exp b2_ua_rep_mappo updates 5235/6250 episodes, total num timesteps 16755200/20000000, FPS 3503.

average episode rewards is -115.76846837997437

 Scenario simple_spread Algo ua_rep_mappo Exp b2_ua_rep_mappo updates 5240/6250 episodes, total num timesteps 16771200/20000000, FPS 3503.

average episode rewards is -112.66778707504272

 Scenario simple_spread Algo ua_rep_mappo Exp b2_ua_rep_mappo updates 5245/6250 episodes, total num timesteps 16787200/20000000, FPS 3503.

average episode rewards is -114.14265632629395

 Scenario simple_spread Algo ua_rep_mappo Exp b2_ua_rep_mappo updates 5250/6250 episodes, total num timesteps 16803200/20000000, FPS 3503.

average episode rewards is -112.26353645324707

 Scenario simple_spread Algo ua_rep_mappo Exp b2_ua_rep_mappo updates 5255/6250 episodes, total num timesteps 16819200/20000000, FPS 3503.

average episode rewards is -113.65737915039062

 Scenario simple_spread Algo ua_rep_mappo Exp b2_ua_rep_mappo updates 5260/6250 episodes, total num timesteps 16835200/20000000, FPS 3503.

average episode rewards is -113.27849626541138

 Scenario simple_spread Algo ua_rep_mappo Exp b2_ua_rep_mappo updates 5265/6250 episodes, total num timesteps 16851200/20000000, FPS 3503.

average episode rewards is -113.27475309371948

 Scenario simple_spread Algo ua_rep_mappo Exp b2_ua_rep_mappo updates 5270/6250 episodes, total num timesteps 16867200/20000000, FPS 3503.

average episode rewards is -115.27408361434937

 Scenario simple_spread Algo ua_rep_mappo Exp b2_ua_rep_mappo updates 5275/6250 episodes, total num timesteps 16883200/20000000, FPS 3503.

average episode rewards is -112.55581378936768

 Scenario simple_spread Algo ua_rep_mappo Exp b2_ua_rep_mappo updates 5280/6250 episodes, total num timesteps 16899200/20000000, FPS 3503.

average episode rewards is -114.61552381515503

 Scenario simple_spread Algo ua_rep_mappo Exp b2_ua_rep_mappo updates 5285/6250 episodes, total num timesteps 16915200/20000000, FPS 3503.

average episode rewards is -112.79311180114746

 Scenario simple_spread Algo ua_rep_mappo Exp b2_ua_rep_mappo updates 5290/6250 episodes, total num timesteps 16931200/20000000, FPS 3503.

average episode rewards is -114.06673192977905

 Scenario simple_spread Algo ua_rep_mappo Exp b2_ua_rep_mappo updates 5295/6250 episodes, total num timesteps 16947200/20000000, FPS 3503.

average episode rewards is -113.02720308303833

 Scenario simple_spread Algo ua_rep_mappo Exp b2_ua_rep_mappo updates 5300/6250 episodes, total num timesteps 16963200/20000000, FPS 3503.

average episode rewards is -114.04252052307129

 Scenario simple_spread Algo ua_rep_mappo Exp b2_ua_rep_mappo updates 5305/6250 episodes, total num timesteps 16979200/20000000, FPS 3503.

average episode rewards is -114.06430006027222

 Scenario simple_spread Algo ua_rep_mappo Exp b2_ua_rep_mappo updates 5310/6250 episodes, total num timesteps 16995200/20000000, FPS 3503.

average episode rewards is -115.37196636199951

 Scenario simple_spread Algo ua_rep_mappo Exp b2_ua_rep_mappo updates 5315/6250 episodes, total num timesteps 17011200/20000000, FPS 3503.

average episode rewards is -115.54735898971558

 Scenario simple_spread Algo ua_rep_mappo Exp b2_ua_rep_mappo updates 5320/6250 episodes, total num timesteps 17027200/20000000, FPS 3503.

average episode rewards is -114.66072797775269

 Scenario simple_spread Algo ua_rep_mappo Exp b2_ua_rep_mappo updates 5325/6250 episodes, total num timesteps 17043200/20000000, FPS 3503.

average episode rewards is -115.13856649398804

 Scenario simple_spread Algo ua_rep_mappo Exp b2_ua_rep_mappo updates 5330/6250 episodes, total num timesteps 17059200/20000000, FPS 3503.

average episode rewards is -114.89131450653076

 Scenario simple_spread Algo ua_rep_mappo Exp b2_ua_rep_mappo updates 5335/6250 episodes, total num timesteps 17075200/20000000, FPS 3503.

average episode rewards is -113.59522342681885

 Scenario simple_spread Algo ua_rep_mappo Exp b2_ua_rep_mappo updates 5340/6250 episodes, total num timesteps 17091200/20000000, FPS 3503.

average episode rewards is -115.33894538879395

 Scenario simple_spread Algo ua_rep_mappo Exp b2_ua_rep_mappo updates 5345/6250 episodes, total num timesteps 17107200/20000000, FPS 3503.

average episode rewards is -111.25681400299072

 Scenario simple_spread Algo ua_rep_mappo Exp b2_ua_rep_mappo updates 5350/6250 episodes, total num timesteps 17123200/20000000, FPS 3503.

average episode rewards is -113.4278416633606

 Scenario simple_spread Algo ua_rep_mappo Exp b2_ua_rep_mappo updates 5355/6250 episodes, total num timesteps 17139200/20000000, FPS 3503.

average episode rewards is -113.6687159538269

 Scenario simple_spread Algo ua_rep_mappo Exp b2_ua_rep_mappo updates 5360/6250 episodes, total num timesteps 17155200/20000000, FPS 3503.

average episode rewards is -114.63543176651001

 Scenario simple_spread Algo ua_rep_mappo Exp b2_ua_rep_mappo updates 5365/6250 episodes, total num timesteps 17171200/20000000, FPS 3503.

average episode rewards is -114.11339044570923

 Scenario simple_spread Algo ua_rep_mappo Exp b2_ua_rep_mappo updates 5370/6250 episodes, total num timesteps 17187200/20000000, FPS 3503.

average episode rewards is -112.8143310546875

 Scenario simple_spread Algo ua_rep_mappo Exp b2_ua_rep_mappo updates 5375/6250 episodes, total num timesteps 17203200/20000000, FPS 3503.

average episode rewards is -114.66727256774902

 Scenario simple_spread Algo ua_rep_mappo Exp b2_ua_rep_mappo updates 5380/6250 episodes, total num timesteps 17219200/20000000, FPS 3503.

average episode rewards is -114.37792778015137

 Scenario simple_spread Algo ua_rep_mappo Exp b2_ua_rep_mappo updates 5385/6250 episodes, total num timesteps 17235200/20000000, FPS 3503.

average episode rewards is -113.3350133895874

 Scenario simple_spread Algo ua_rep_mappo Exp b2_ua_rep_mappo updates 5390/6250 episodes, total num timesteps 17251200/20000000, FPS 3502.

average episode rewards is -113.06988000869751

 Scenario simple_spread Algo ua_rep_mappo Exp b2_ua_rep_mappo updates 5395/6250 episodes, total num timesteps 17267200/20000000, FPS 3502.

average episode rewards is -113.63071203231812

 Scenario simple_spread Algo ua_rep_mappo Exp b2_ua_rep_mappo updates 5400/6250 episodes, total num timesteps 17283200/20000000, FPS 3502.

average episode rewards is -114.83008861541748

 Scenario simple_spread Algo ua_rep_mappo Exp b2_ua_rep_mappo updates 5405/6250 episodes, total num timesteps 17299200/20000000, FPS 3502.

average episode rewards is -114.50028419494629

 Scenario simple_spread Algo ua_rep_mappo Exp b2_ua_rep_mappo updates 5410/6250 episodes, total num timesteps 17315200/20000000, FPS 3503.

average episode rewards is -113.88323307037354

 Scenario simple_spread Algo ua_rep_mappo Exp b2_ua_rep_mappo updates 5415/6250 episodes, total num timesteps 17331200/20000000, FPS 3503.

average episode rewards is -111.92572116851807

 Scenario simple_spread Algo ua_rep_mappo Exp b2_ua_rep_mappo updates 5420/6250 episodes, total num timesteps 17347200/20000000, FPS 3503.

average episode rewards is -113.65474462509155

 Scenario simple_spread Algo ua_rep_mappo Exp b2_ua_rep_mappo updates 5425/6250 episodes, total num timesteps 17363200/20000000, FPS 3503.

average episode rewards is -111.95144653320312

 Scenario simple_spread Algo ua_rep_mappo Exp b2_ua_rep_mappo updates 5430/6250 episodes, total num timesteps 17379200/20000000, FPS 3503.

average episode rewards is -111.96638345718384

 Scenario simple_spread Algo ua_rep_mappo Exp b2_ua_rep_mappo updates 5435/6250 episodes, total num timesteps 17395200/20000000, FPS 3503.

average episode rewards is -112.73535490036011

 Scenario simple_spread Algo ua_rep_mappo Exp b2_ua_rep_mappo updates 5440/6250 episodes, total num timesteps 17411200/20000000, FPS 3503.

average episode rewards is -113.4894847869873

 Scenario simple_spread Algo ua_rep_mappo Exp b2_ua_rep_mappo updates 5445/6250 episodes, total num timesteps 17427200/20000000, FPS 3503.

average episode rewards is -114.60576057434082

 Scenario simple_spread Algo ua_rep_mappo Exp b2_ua_rep_mappo updates 5450/6250 episodes, total num timesteps 17443200/20000000, FPS 3503.

average episode rewards is -113.15727233886719

 Scenario simple_spread Algo ua_rep_mappo Exp b2_ua_rep_mappo updates 5455/6250 episodes, total num timesteps 17459200/20000000, FPS 3503.

average episode rewards is -112.73282766342163

 Scenario simple_spread Algo ua_rep_mappo Exp b2_ua_rep_mappo updates 5460/6250 episodes, total num timesteps 17475200/20000000, FPS 3503.

average episode rewards is -113.26812505722046

 Scenario simple_spread Algo ua_rep_mappo Exp b2_ua_rep_mappo updates 5465/6250 episodes, total num timesteps 17491200/20000000, FPS 3503.

average episode rewards is -113.56065273284912

 Scenario simple_spread Algo ua_rep_mappo Exp b2_ua_rep_mappo updates 5470/6250 episodes, total num timesteps 17507200/20000000, FPS 3503.

average episode rewards is -113.0016565322876

 Scenario simple_spread Algo ua_rep_mappo Exp b2_ua_rep_mappo updates 5475/6250 episodes, total num timesteps 17523200/20000000, FPS 3503.

average episode rewards is -114.70513343811035

 Scenario simple_spread Algo ua_rep_mappo Exp b2_ua_rep_mappo updates 5480/6250 episodes, total num timesteps 17539200/20000000, FPS 3503.

average episode rewards is -114.08542394638062

 Scenario simple_spread Algo ua_rep_mappo Exp b2_ua_rep_mappo updates 5485/6250 episodes, total num timesteps 17555200/20000000, FPS 3503.

average episode rewards is -114.30888175964355

 Scenario simple_spread Algo ua_rep_mappo Exp b2_ua_rep_mappo updates 5490/6250 episodes, total num timesteps 17571200/20000000, FPS 3503.

average episode rewards is -115.87976217269897

 Scenario simple_spread Algo ua_rep_mappo Exp b2_ua_rep_mappo updates 5495/6250 episodes, total num timesteps 17587200/20000000, FPS 3503.

average episode rewards is -112.85349130630493

 Scenario simple_spread Algo ua_rep_mappo Exp b2_ua_rep_mappo updates 5500/6250 episodes, total num timesteps 17603200/20000000, FPS 3503.

average episode rewards is -112.99377679824829

 Scenario simple_spread Algo ua_rep_mappo Exp b2_ua_rep_mappo updates 5505/6250 episodes, total num timesteps 17619200/20000000, FPS 3503.

average episode rewards is -115.23972749710083

 Scenario simple_spread Algo ua_rep_mappo Exp b2_ua_rep_mappo updates 5510/6250 episodes, total num timesteps 17635200/20000000, FPS 3503.

average episode rewards is -112.11146116256714

 Scenario simple_spread Algo ua_rep_mappo Exp b2_ua_rep_mappo updates 5515/6250 episodes, total num timesteps 17651200/20000000, FPS 3503.

average episode rewards is -111.32482290267944

 Scenario simple_spread Algo ua_rep_mappo Exp b2_ua_rep_mappo updates 5520/6250 episodes, total num timesteps 17667200/20000000, FPS 3503.

average episode rewards is -112.97820806503296

 Scenario simple_spread Algo ua_rep_mappo Exp b2_ua_rep_mappo updates 5525/6250 episodes, total num timesteps 17683200/20000000, FPS 3503.

average episode rewards is -112.9812479019165

 Scenario simple_spread Algo ua_rep_mappo Exp b2_ua_rep_mappo updates 5530/6250 episodes, total num timesteps 17699200/20000000, FPS 3503.

average episode rewards is -114.46924209594727

 Scenario simple_spread Algo ua_rep_mappo Exp b2_ua_rep_mappo updates 5535/6250 episodes, total num timesteps 17715200/20000000, FPS 3503.

average episode rewards is -114.78080749511719

 Scenario simple_spread Algo ua_rep_mappo Exp b2_ua_rep_mappo updates 5540/6250 episodes, total num timesteps 17731200/20000000, FPS 3503.

average episode rewards is -112.29794025421143

 Scenario simple_spread Algo ua_rep_mappo Exp b2_ua_rep_mappo updates 5545/6250 episodes, total num timesteps 17747200/20000000, FPS 3503.

average episode rewards is -115.52538871765137

 Scenario simple_spread Algo ua_rep_mappo Exp b2_ua_rep_mappo updates 5550/6250 episodes, total num timesteps 17763200/20000000, FPS 3503.

average episode rewards is -112.6287579536438

 Scenario simple_spread Algo ua_rep_mappo Exp b2_ua_rep_mappo updates 5555/6250 episodes, total num timesteps 17779200/20000000, FPS 3503.

average episode rewards is -113.77948522567749

 Scenario simple_spread Algo ua_rep_mappo Exp b2_ua_rep_mappo updates 5560/6250 episodes, total num timesteps 17795200/20000000, FPS 3503.

average episode rewards is -112.70438432693481

 Scenario simple_spread Algo ua_rep_mappo Exp b2_ua_rep_mappo updates 5565/6250 episodes, total num timesteps 17811200/20000000, FPS 3503.

average episode rewards is -117.5539493560791

 Scenario simple_spread Algo ua_rep_mappo Exp b2_ua_rep_mappo updates 5570/6250 episodes, total num timesteps 17827200/20000000, FPS 3502.

average episode rewards is -115.4407262802124

 Scenario simple_spread Algo ua_rep_mappo Exp b2_ua_rep_mappo updates 5575/6250 episodes, total num timesteps 17843200/20000000, FPS 3502.

average episode rewards is -115.14953374862671

 Scenario simple_spread Algo ua_rep_mappo Exp b2_ua_rep_mappo updates 5580/6250 episodes, total num timesteps 17859200/20000000, FPS 3502.

average episode rewards is -115.0264024734497

 Scenario simple_spread Algo ua_rep_mappo Exp b2_ua_rep_mappo updates 5585/6250 episodes, total num timesteps 17875200/20000000, FPS 3502.

average episode rewards is -112.4252438545227

 Scenario simple_spread Algo ua_rep_mappo Exp b2_ua_rep_mappo updates 5590/6250 episodes, total num timesteps 17891200/20000000, FPS 3502.

average episode rewards is -113.17570209503174

 Scenario simple_spread Algo ua_rep_mappo Exp b2_ua_rep_mappo updates 5595/6250 episodes, total num timesteps 17907200/20000000, FPS 3502.

average episode rewards is -112.3254656791687

 Scenario simple_spread Algo ua_rep_mappo Exp b2_ua_rep_mappo updates 5600/6250 episodes, total num timesteps 17923200/20000000, FPS 3502.

average episode rewards is -110.85922718048096

 Scenario simple_spread Algo ua_rep_mappo Exp b2_ua_rep_mappo updates 5605/6250 episodes, total num timesteps 17939200/20000000, FPS 3502.

average episode rewards is -112.21164464950562

 Scenario simple_spread Algo ua_rep_mappo Exp b2_ua_rep_mappo updates 5610/6250 episodes, total num timesteps 17955200/20000000, FPS 3502.

average episode rewards is -115.2625322341919

 Scenario simple_spread Algo ua_rep_mappo Exp b2_ua_rep_mappo updates 5615/6250 episodes, total num timesteps 17971200/20000000, FPS 3502.

average episode rewards is -111.74072027206421

 Scenario simple_spread Algo ua_rep_mappo Exp b2_ua_rep_mappo updates 5620/6250 episodes, total num timesteps 17987200/20000000, FPS 3502.

average episode rewards is -113.03387880325317

 Scenario simple_spread Algo ua_rep_mappo Exp b2_ua_rep_mappo updates 5625/6250 episodes, total num timesteps 18003200/20000000, FPS 3502.

average episode rewards is -112.8567099571228

 Scenario simple_spread Algo ua_rep_mappo Exp b2_ua_rep_mappo updates 5630/6250 episodes, total num timesteps 18019200/20000000, FPS 3502.

average episode rewards is -113.9120101928711

 Scenario simple_spread Algo ua_rep_mappo Exp b2_ua_rep_mappo updates 5635/6250 episodes, total num timesteps 18035200/20000000, FPS 3502.

average episode rewards is -111.78052425384521

 Scenario simple_spread Algo ua_rep_mappo Exp b2_ua_rep_mappo updates 5640/6250 episodes, total num timesteps 18051200/20000000, FPS 3502.

average episode rewards is -112.50486373901367

 Scenario simple_spread Algo ua_rep_mappo Exp b2_ua_rep_mappo updates 5645/6250 episodes, total num timesteps 18067200/20000000, FPS 3502.

average episode rewards is -113.0805492401123

 Scenario simple_spread Algo ua_rep_mappo Exp b2_ua_rep_mappo updates 5650/6250 episodes, total num timesteps 18083200/20000000, FPS 3502.

average episode rewards is -112.95877695083618

 Scenario simple_spread Algo ua_rep_mappo Exp b2_ua_rep_mappo updates 5655/6250 episodes, total num timesteps 18099200/20000000, FPS 3502.

average episode rewards is -113.46776485443115

 Scenario simple_spread Algo ua_rep_mappo Exp b2_ua_rep_mappo updates 5660/6250 episodes, total num timesteps 18115200/20000000, FPS 3502.

average episode rewards is -113.11068534851074

 Scenario simple_spread Algo ua_rep_mappo Exp b2_ua_rep_mappo updates 5665/6250 episodes, total num timesteps 18131200/20000000, FPS 3502.

average episode rewards is -112.22587823867798

 Scenario simple_spread Algo ua_rep_mappo Exp b2_ua_rep_mappo updates 5670/6250 episodes, total num timesteps 18147200/20000000, FPS 3502.

average episode rewards is -114.44154977798462

 Scenario simple_spread Algo ua_rep_mappo Exp b2_ua_rep_mappo updates 5675/6250 episodes, total num timesteps 18163200/20000000, FPS 3502.

average episode rewards is -114.24734592437744

 Scenario simple_spread Algo ua_rep_mappo Exp b2_ua_rep_mappo updates 5680/6250 episodes, total num timesteps 18179200/20000000, FPS 3502.

average episode rewards is -112.38470077514648

 Scenario simple_spread Algo ua_rep_mappo Exp b2_ua_rep_mappo updates 5685/6250 episodes, total num timesteps 18195200/20000000, FPS 3502.

average episode rewards is -114.33117389678955

 Scenario simple_spread Algo ua_rep_mappo Exp b2_ua_rep_mappo updates 5690/6250 episodes, total num timesteps 18211200/20000000, FPS 3502.

average episode rewards is -113.44068050384521

 Scenario simple_spread Algo ua_rep_mappo Exp b2_ua_rep_mappo updates 5695/6250 episodes, total num timesteps 18227200/20000000, FPS 3502.

average episode rewards is -111.57134771347046

 Scenario simple_spread Algo ua_rep_mappo Exp b2_ua_rep_mappo updates 5700/6250 episodes, total num timesteps 18243200/20000000, FPS 3502.

average episode rewards is -113.48811388015747

 Scenario simple_spread Algo ua_rep_mappo Exp b2_ua_rep_mappo updates 5705/6250 episodes, total num timesteps 18259200/20000000, FPS 3502.

average episode rewards is -111.51227951049805

 Scenario simple_spread Algo ua_rep_mappo Exp b2_ua_rep_mappo updates 5710/6250 episodes, total num timesteps 18275200/20000000, FPS 3502.

average episode rewards is -112.62987852096558

 Scenario simple_spread Algo ua_rep_mappo Exp b2_ua_rep_mappo updates 5715/6250 episodes, total num timesteps 18291200/20000000, FPS 3502.

average episode rewards is -112.47783899307251

 Scenario simple_spread Algo ua_rep_mappo Exp b2_ua_rep_mappo updates 5720/6250 episodes, total num timesteps 18307200/20000000, FPS 3502.

average episode rewards is -112.64796257019043

 Scenario simple_spread Algo ua_rep_mappo Exp b2_ua_rep_mappo updates 5725/6250 episodes, total num timesteps 18323200/20000000, FPS 3501.

average episode rewards is -111.86084747314453

 Scenario simple_spread Algo ua_rep_mappo Exp b2_ua_rep_mappo updates 5730/6250 episodes, total num timesteps 18339200/20000000, FPS 3501.

average episode rewards is -112.91943788528442

 Scenario simple_spread Algo ua_rep_mappo Exp b2_ua_rep_mappo updates 5735/6250 episodes, total num timesteps 18355200/20000000, FPS 3501.

average episode rewards is -112.89772987365723

 Scenario simple_spread Algo ua_rep_mappo Exp b2_ua_rep_mappo updates 5740/6250 episodes, total num timesteps 18371200/20000000, FPS 3501.

average episode rewards is -109.76705551147461

 Scenario simple_spread Algo ua_rep_mappo Exp b2_ua_rep_mappo updates 5745/6250 episodes, total num timesteps 18387200/20000000, FPS 3501.

average episode rewards is -110.88714599609375

 Scenario simple_spread Algo ua_rep_mappo Exp b2_ua_rep_mappo updates 5750/6250 episodes, total num timesteps 18403200/20000000, FPS 3502.

average episode rewards is -112.85475492477417

 Scenario simple_spread Algo ua_rep_mappo Exp b2_ua_rep_mappo updates 5755/6250 episodes, total num timesteps 18419200/20000000, FPS 3501.

average episode rewards is -110.94390153884888

 Scenario simple_spread Algo ua_rep_mappo Exp b2_ua_rep_mappo updates 5760/6250 episodes, total num timesteps 18435200/20000000, FPS 3502.

average episode rewards is -114.29613828659058

 Scenario simple_spread Algo ua_rep_mappo Exp b2_ua_rep_mappo updates 5765/6250 episodes, total num timesteps 18451200/20000000, FPS 3502.

average episode rewards is -115.01295566558838

 Scenario simple_spread Algo ua_rep_mappo Exp b2_ua_rep_mappo updates 5770/6250 episodes, total num timesteps 18467200/20000000, FPS 3502.

average episode rewards is -113.37836980819702

 Scenario simple_spread Algo ua_rep_mappo Exp b2_ua_rep_mappo updates 5775/6250 episodes, total num timesteps 18483200/20000000, FPS 3502.

average episode rewards is -111.96272373199463

 Scenario simple_spread Algo ua_rep_mappo Exp b2_ua_rep_mappo updates 5780/6250 episodes, total num timesteps 18499200/20000000, FPS 3502.

average episode rewards is -113.34946155548096

 Scenario simple_spread Algo ua_rep_mappo Exp b2_ua_rep_mappo updates 5785/6250 episodes, total num timesteps 18515200/20000000, FPS 3502.

average episode rewards is -110.53961515426636

 Scenario simple_spread Algo ua_rep_mappo Exp b2_ua_rep_mappo updates 5790/6250 episodes, total num timesteps 18531200/20000000, FPS 3502.

average episode rewards is -111.69997453689575

 Scenario simple_spread Algo ua_rep_mappo Exp b2_ua_rep_mappo updates 5795/6250 episodes, total num timesteps 18547200/20000000, FPS 3502.

average episode rewards is -113.05170059204102

 Scenario simple_spread Algo ua_rep_mappo Exp b2_ua_rep_mappo updates 5800/6250 episodes, total num timesteps 18563200/20000000, FPS 3502.

average episode rewards is -111.63344383239746

 Scenario simple_spread Algo ua_rep_mappo Exp b2_ua_rep_mappo updates 5805/6250 episodes, total num timesteps 18579200/20000000, FPS 3502.

average episode rewards is -114.02573585510254

 Scenario simple_spread Algo ua_rep_mappo Exp b2_ua_rep_mappo updates 5810/6250 episodes, total num timesteps 18595200/20000000, FPS 3502.

average episode rewards is -112.26342916488647

 Scenario simple_spread Algo ua_rep_mappo Exp b2_ua_rep_mappo updates 5815/6250 episodes, total num timesteps 18611200/20000000, FPS 3502.

average episode rewards is -113.96337747573853

 Scenario simple_spread Algo ua_rep_mappo Exp b2_ua_rep_mappo updates 5820/6250 episodes, total num timesteps 18627200/20000000, FPS 3503.

average episode rewards is -113.96487951278687

 Scenario simple_spread Algo ua_rep_mappo Exp b2_ua_rep_mappo updates 5825/6250 episodes, total num timesteps 18643200/20000000, FPS 3502.

average episode rewards is -113.9573335647583

 Scenario simple_spread Algo ua_rep_mappo Exp b2_ua_rep_mappo updates 5830/6250 episodes, total num timesteps 18659200/20000000, FPS 3502.

average episode rewards is -111.07920408248901

 Scenario simple_spread Algo ua_rep_mappo Exp b2_ua_rep_mappo updates 5835/6250 episodes, total num timesteps 18675200/20000000, FPS 3502.

average episode rewards is -111.54791116714478

 Scenario simple_spread Algo ua_rep_mappo Exp b2_ua_rep_mappo updates 5840/6250 episodes, total num timesteps 18691200/20000000, FPS 3502.

average episode rewards is -112.2982382774353

 Scenario simple_spread Algo ua_rep_mappo Exp b2_ua_rep_mappo updates 5845/6250 episodes, total num timesteps 18707200/20000000, FPS 3502.

average episode rewards is -113.52208852767944

 Scenario simple_spread Algo ua_rep_mappo Exp b2_ua_rep_mappo updates 5850/6250 episodes, total num timesteps 18723200/20000000, FPS 3502.

average episode rewards is -115.86341857910156

 Scenario simple_spread Algo ua_rep_mappo Exp b2_ua_rep_mappo updates 5855/6250 episodes, total num timesteps 18739200/20000000, FPS 3502.

average episode rewards is -112.20089197158813

 Scenario simple_spread Algo ua_rep_mappo Exp b2_ua_rep_mappo updates 5860/6250 episodes, total num timesteps 18755200/20000000, FPS 3502.

average episode rewards is -112.92939186096191

 Scenario simple_spread Algo ua_rep_mappo Exp b2_ua_rep_mappo updates 5865/6250 episodes, total num timesteps 18771200/20000000, FPS 3502.

average episode rewards is -112.12742328643799

 Scenario simple_spread Algo ua_rep_mappo Exp b2_ua_rep_mappo updates 5870/6250 episodes, total num timesteps 18787200/20000000, FPS 3502.

average episode rewards is -113.0955696105957

 Scenario simple_spread Algo ua_rep_mappo Exp b2_ua_rep_mappo updates 5875/6250 episodes, total num timesteps 18803200/20000000, FPS 3502.

average episode rewards is -114.27010297775269

 Scenario simple_spread Algo ua_rep_mappo Exp b2_ua_rep_mappo updates 5880/6250 episodes, total num timesteps 18819200/20000000, FPS 3503.

average episode rewards is -114.66578245162964

 Scenario simple_spread Algo ua_rep_mappo Exp b2_ua_rep_mappo updates 5885/6250 episodes, total num timesteps 18835200/20000000, FPS 3503.

average episode rewards is -113.67295980453491

 Scenario simple_spread Algo ua_rep_mappo Exp b2_ua_rep_mappo updates 5890/6250 episodes, total num timesteps 18851200/20000000, FPS 3503.

average episode rewards is -116.14542007446289

 Scenario simple_spread Algo ua_rep_mappo Exp b2_ua_rep_mappo updates 5895/6250 episodes, total num timesteps 18867200/20000000, FPS 3503.

average episode rewards is -114.41519260406494

 Scenario simple_spread Algo ua_rep_mappo Exp b2_ua_rep_mappo updates 5900/6250 episodes, total num timesteps 18883200/20000000, FPS 3503.

average episode rewards is -114.00754451751709

 Scenario simple_spread Algo ua_rep_mappo Exp b2_ua_rep_mappo updates 5905/6250 episodes, total num timesteps 18899200/20000000, FPS 3503.

average episode rewards is -112.71896362304688

 Scenario simple_spread Algo ua_rep_mappo Exp b2_ua_rep_mappo updates 5910/6250 episodes, total num timesteps 18915200/20000000, FPS 3503.

average episode rewards is -111.75713539123535

 Scenario simple_spread Algo ua_rep_mappo Exp b2_ua_rep_mappo updates 5915/6250 episodes, total num timesteps 18931200/20000000, FPS 3503.

average episode rewards is -113.19059133529663

 Scenario simple_spread Algo ua_rep_mappo Exp b2_ua_rep_mappo updates 5920/6250 episodes, total num timesteps 18947200/20000000, FPS 3503.

average episode rewards is -114.85819816589355

 Scenario simple_spread Algo ua_rep_mappo Exp b2_ua_rep_mappo updates 5925/6250 episodes, total num timesteps 18963200/20000000, FPS 3503.

average episode rewards is -111.24515533447266

 Scenario simple_spread Algo ua_rep_mappo Exp b2_ua_rep_mappo updates 5930/6250 episodes, total num timesteps 18979200/20000000, FPS 3503.

average episode rewards is -113.94516229629517

 Scenario simple_spread Algo ua_rep_mappo Exp b2_ua_rep_mappo updates 5935/6250 episodes, total num timesteps 18995200/20000000, FPS 3503.

average episode rewards is -113.11873197555542

 Scenario simple_spread Algo ua_rep_mappo Exp b2_ua_rep_mappo updates 5940/6250 episodes, total num timesteps 19011200/20000000, FPS 3503.

average episode rewards is -114.12699222564697

 Scenario simple_spread Algo ua_rep_mappo Exp b2_ua_rep_mappo updates 5945/6250 episodes, total num timesteps 19027200/20000000, FPS 3503.

average episode rewards is -113.9491319656372

 Scenario simple_spread Algo ua_rep_mappo Exp b2_ua_rep_mappo updates 5950/6250 episodes, total num timesteps 19043200/20000000, FPS 3503.

average episode rewards is -112.0435357093811

 Scenario simple_spread Algo ua_rep_mappo Exp b2_ua_rep_mappo updates 5955/6250 episodes, total num timesteps 19059200/20000000, FPS 3503.

average episode rewards is -112.24668025970459

 Scenario simple_spread Algo ua_rep_mappo Exp b2_ua_rep_mappo updates 5960/6250 episodes, total num timesteps 19075200/20000000, FPS 3502.

average episode rewards is -113.80763053894043

 Scenario simple_spread Algo ua_rep_mappo Exp b2_ua_rep_mappo updates 5965/6250 episodes, total num timesteps 19091200/20000000, FPS 3502.

average episode rewards is -112.75825500488281

 Scenario simple_spread Algo ua_rep_mappo Exp b2_ua_rep_mappo updates 5970/6250 episodes, total num timesteps 19107200/20000000, FPS 3502.

average episode rewards is -113.38768005371094

 Scenario simple_spread Algo ua_rep_mappo Exp b2_ua_rep_mappo updates 5975/6250 episodes, total num timesteps 19123200/20000000, FPS 3502.

average episode rewards is -113.77758979797363

 Scenario simple_spread Algo ua_rep_mappo Exp b2_ua_rep_mappo updates 5980/6250 episodes, total num timesteps 19139200/20000000, FPS 3502.

average episode rewards is -112.80404329299927

 Scenario simple_spread Algo ua_rep_mappo Exp b2_ua_rep_mappo updates 5985/6250 episodes, total num timesteps 19155200/20000000, FPS 3502.

average episode rewards is -112.06626892089844

 Scenario simple_spread Algo ua_rep_mappo Exp b2_ua_rep_mappo updates 5990/6250 episodes, total num timesteps 19171200/20000000, FPS 3502.

average episode rewards is -113.08295726776123

 Scenario simple_spread Algo ua_rep_mappo Exp b2_ua_rep_mappo updates 5995/6250 episodes, total num timesteps 19187200/20000000, FPS 3502.

average episode rewards is -114.0222430229187

 Scenario simple_spread Algo ua_rep_mappo Exp b2_ua_rep_mappo updates 6000/6250 episodes, total num timesteps 19203200/20000000, FPS 3502.

average episode rewards is -110.89520454406738

 Scenario simple_spread Algo ua_rep_mappo Exp b2_ua_rep_mappo updates 6005/6250 episodes, total num timesteps 19219200/20000000, FPS 3502.

average episode rewards is -114.5395278930664

 Scenario simple_spread Algo ua_rep_mappo Exp b2_ua_rep_mappo updates 6010/6250 episodes, total num timesteps 19235200/20000000, FPS 3502.

average episode rewards is -112.74160146713257

 Scenario simple_spread Algo ua_rep_mappo Exp b2_ua_rep_mappo updates 6015/6250 episodes, total num timesteps 19251200/20000000, FPS 3502.

average episode rewards is -109.91806983947754

 Scenario simple_spread Algo ua_rep_mappo Exp b2_ua_rep_mappo updates 6020/6250 episodes, total num timesteps 19267200/20000000, FPS 3502.

average episode rewards is -113.30500841140747

 Scenario simple_spread Algo ua_rep_mappo Exp b2_ua_rep_mappo updates 6025/6250 episodes, total num timesteps 19283200/20000000, FPS 3502.

average episode rewards is -112.11283206939697

 Scenario simple_spread Algo ua_rep_mappo Exp b2_ua_rep_mappo updates 6030/6250 episodes, total num timesteps 19299200/20000000, FPS 3502.

average episode rewards is -114.32950496673584

 Scenario simple_spread Algo ua_rep_mappo Exp b2_ua_rep_mappo updates 6035/6250 episodes, total num timesteps 19315200/20000000, FPS 3502.

average episode rewards is -112.44012117385864

 Scenario simple_spread Algo ua_rep_mappo Exp b2_ua_rep_mappo updates 6040/6250 episodes, total num timesteps 19331200/20000000, FPS 3502.

average episode rewards is -113.35957050323486

 Scenario simple_spread Algo ua_rep_mappo Exp b2_ua_rep_mappo updates 6045/6250 episodes, total num timesteps 19347200/20000000, FPS 3502.

average episode rewards is -112.67541646957397

 Scenario simple_spread Algo ua_rep_mappo Exp b2_ua_rep_mappo updates 6050/6250 episodes, total num timesteps 19363200/20000000, FPS 3502.

average episode rewards is -111.33304834365845

 Scenario simple_spread Algo ua_rep_mappo Exp b2_ua_rep_mappo updates 6055/6250 episodes, total num timesteps 19379200/20000000, FPS 3502.

average episode rewards is -113.53776454925537

 Scenario simple_spread Algo ua_rep_mappo Exp b2_ua_rep_mappo updates 6060/6250 episodes, total num timesteps 19395200/20000000, FPS 3502.

average episode rewards is -113.16834688186646

 Scenario simple_spread Algo ua_rep_mappo Exp b2_ua_rep_mappo updates 6065/6250 episodes, total num timesteps 19411200/20000000, FPS 3502.

average episode rewards is -114.65175151824951

 Scenario simple_spread Algo ua_rep_mappo Exp b2_ua_rep_mappo updates 6070/6250 episodes, total num timesteps 19427200/20000000, FPS 3502.

average episode rewards is -114.28269147872925

 Scenario simple_spread Algo ua_rep_mappo Exp b2_ua_rep_mappo updates 6075/6250 episodes, total num timesteps 19443200/20000000, FPS 3502.

average episode rewards is -113.23632001876831

 Scenario simple_spread Algo ua_rep_mappo Exp b2_ua_rep_mappo updates 6080/6250 episodes, total num timesteps 19459200/20000000, FPS 3502.

average episode rewards is -112.4604344367981

 Scenario simple_spread Algo ua_rep_mappo Exp b2_ua_rep_mappo updates 6085/6250 episodes, total num timesteps 19475200/20000000, FPS 3502.

average episode rewards is -109.34302806854248

 Scenario simple_spread Algo ua_rep_mappo Exp b2_ua_rep_mappo updates 6090/6250 episodes, total num timesteps 19491200/20000000, FPS 3502.

average episode rewards is -112.7507209777832

 Scenario simple_spread Algo ua_rep_mappo Exp b2_ua_rep_mappo updates 6095/6250 episodes, total num timesteps 19507200/20000000, FPS 3502.

average episode rewards is -113.44101428985596

 Scenario simple_spread Algo ua_rep_mappo Exp b2_ua_rep_mappo updates 6100/6250 episodes, total num timesteps 19523200/20000000, FPS 3502.

average episode rewards is -112.61894702911377

 Scenario simple_spread Algo ua_rep_mappo Exp b2_ua_rep_mappo updates 6105/6250 episodes, total num timesteps 19539200/20000000, FPS 3502.

average episode rewards is -112.43901252746582

 Scenario simple_spread Algo ua_rep_mappo Exp b2_ua_rep_mappo updates 6110/6250 episodes, total num timesteps 19555200/20000000, FPS 3502.

average episode rewards is -116.50900840759277

 Scenario simple_spread Algo ua_rep_mappo Exp b2_ua_rep_mappo updates 6115/6250 episodes, total num timesteps 19571200/20000000, FPS 3502.

average episode rewards is -113.23481798171997

 Scenario simple_spread Algo ua_rep_mappo Exp b2_ua_rep_mappo updates 6120/6250 episodes, total num timesteps 19587200/20000000, FPS 3502.

average episode rewards is -112.84465789794922

 Scenario simple_spread Algo ua_rep_mappo Exp b2_ua_rep_mappo updates 6125/6250 episodes, total num timesteps 19603200/20000000, FPS 3502.

average episode rewards is -111.63456439971924

 Scenario simple_spread Algo ua_rep_mappo Exp b2_ua_rep_mappo updates 6130/6250 episodes, total num timesteps 19619200/20000000, FPS 3502.

average episode rewards is -113.23000192642212

 Scenario simple_spread Algo ua_rep_mappo Exp b2_ua_rep_mappo updates 6135/6250 episodes, total num timesteps 19635200/20000000, FPS 3502.

average episode rewards is -111.94537878036499

 Scenario simple_spread Algo ua_rep_mappo Exp b2_ua_rep_mappo updates 6140/6250 episodes, total num timesteps 19651200/20000000, FPS 3502.

average episode rewards is -112.76371479034424

 Scenario simple_spread Algo ua_rep_mappo Exp b2_ua_rep_mappo updates 6145/6250 episodes, total num timesteps 19667200/20000000, FPS 3502.

average episode rewards is -113.21085691452026

 Scenario simple_spread Algo ua_rep_mappo Exp b2_ua_rep_mappo updates 6150/6250 episodes, total num timesteps 19683200/20000000, FPS 3502.

average episode rewards is -111.54320240020752

 Scenario simple_spread Algo ua_rep_mappo Exp b2_ua_rep_mappo updates 6155/6250 episodes, total num timesteps 19699200/20000000, FPS 3502.

average episode rewards is -112.67917156219482

 Scenario simple_spread Algo ua_rep_mappo Exp b2_ua_rep_mappo updates 6160/6250 episodes, total num timesteps 19715200/20000000, FPS 3502.

average episode rewards is -114.58518505096436

 Scenario simple_spread Algo ua_rep_mappo Exp b2_ua_rep_mappo updates 6165/6250 episodes, total num timesteps 19731200/20000000, FPS 3502.

average episode rewards is -112.14088201522827

 Scenario simple_spread Algo ua_rep_mappo Exp b2_ua_rep_mappo updates 6170/6250 episodes, total num timesteps 19747200/20000000, FPS 3502.

average episode rewards is -111.12958192825317

 Scenario simple_spread Algo ua_rep_mappo Exp b2_ua_rep_mappo updates 6175/6250 episodes, total num timesteps 19763200/20000000, FPS 3502.

average episode rewards is -112.99611330032349

 Scenario simple_spread Algo ua_rep_mappo Exp b2_ua_rep_mappo updates 6180/6250 episodes, total num timesteps 19779200/20000000, FPS 3502.

average episode rewards is -112.86245584487915

 Scenario simple_spread Algo ua_rep_mappo Exp b2_ua_rep_mappo updates 6185/6250 episodes, total num timesteps 19795200/20000000, FPS 3502.

average episode rewards is -112.240469455719

 Scenario simple_spread Algo ua_rep_mappo Exp b2_ua_rep_mappo updates 6190/6250 episodes, total num timesteps 19811200/20000000, FPS 3502.

average episode rewards is -113.40874433517456

 Scenario simple_spread Algo ua_rep_mappo Exp b2_ua_rep_mappo updates 6195/6250 episodes, total num timesteps 19827200/20000000, FPS 3502.

average episode rewards is -112.50046491622925

 Scenario simple_spread Algo ua_rep_mappo Exp b2_ua_rep_mappo updates 6200/6250 episodes, total num timesteps 19843200/20000000, FPS 3502.

average episode rewards is -110.97385883331299

 Scenario simple_spread Algo ua_rep_mappo Exp b2_ua_rep_mappo updates 6205/6250 episodes, total num timesteps 19859200/20000000, FPS 3502.

average episode rewards is -111.8405818939209

 Scenario simple_spread Algo ua_rep_mappo Exp b2_ua_rep_mappo updates 6210/6250 episodes, total num timesteps 19875200/20000000, FPS 3502.

average episode rewards is -111.64047718048096

 Scenario simple_spread Algo ua_rep_mappo Exp b2_ua_rep_mappo updates 6215/6250 episodes, total num timesteps 19891200/20000000, FPS 3502.

average episode rewards is -112.35208511352539

 Scenario simple_spread Algo ua_rep_mappo Exp b2_ua_rep_mappo updates 6220/6250 episodes, total num timesteps 19907200/20000000, FPS 3502.

average episode rewards is -111.8781566619873

 Scenario simple_spread Algo ua_rep_mappo Exp b2_ua_rep_mappo updates 6225/6250 episodes, total num timesteps 19923200/20000000, FPS 3502.

average episode rewards is -111.05265617370605

 Scenario simple_spread Algo ua_rep_mappo Exp b2_ua_rep_mappo updates 6230/6250 episodes, total num timesteps 19939200/20000000, FPS 3502.

average episode rewards is -111.4355206489563

 Scenario simple_spread Algo ua_rep_mappo Exp b2_ua_rep_mappo updates 6235/6250 episodes, total num timesteps 19955200/20000000, FPS 3501.

average episode rewards is -112.44018077850342

 Scenario simple_spread Algo ua_rep_mappo Exp b2_ua_rep_mappo updates 6240/6250 episodes, total num timesteps 19971200/20000000, FPS 3501.

average episode rewards is -111.43327951431274

 Scenario simple_spread Algo ua_rep_mappo Exp b2_ua_rep_mappo updates 6245/6250 episodes, total num timesteps 19987200/20000000, FPS 3501.

average episode rewards is -112.05533742904663

 Scenario simple_spread Algo ua_rep_mappo Exp b2_ua_rep_mappo updates 6249/6250 episodes, total num timesteps 20000000/20000000, FPS 3501.

average episode rewards is -110.85090637207031
