/root/miniconda3/lib/python3.10/site-packages/wandb/apis/public.py:3111: UserWarning: pkg_resources is deprecated as an API. See https://setuptools.pypa.io/en/latest/pkg_resources.html. The pkg_resources package is slated for removal as early as 2025-11-30. Refrain from using this package or pin to Setuptools<81.
  from pkg_resources import parse_version
u are choosing to use ua_rep_mappo, we set use_recurrent_policy to be True
choose to use gpu...
obs_space:  [Box(18,), Box(18,), Box(18,)]
share_obs_space:  [Box(54,), Box(54,), Box(54,)]
act_space:  [Discrete(5), Discrete(5), Discrete(5)]

 Scenario simple_spread Algo ua_rep_mappo Exp b2_calibrated_v4 updates 0/6250 episodes, total num timesteps 3200/20000000, FPS 2386.

average episode rewards is -224.03669357299805

 Scenario simple_spread Algo ua_rep_mappo Exp b2_calibrated_v4 updates 5/6250 episodes, total num timesteps 19200/20000000, FPS 2850.

average episode rewards is -186.98679208755493

 Scenario simple_spread Algo ua_rep_mappo Exp b2_calibrated_v4 updates 10/6250 episodes, total num timesteps 35200/20000000, FPS 2877.

average episode rewards is -186.22571229934692

 Scenario simple_spread Algo ua_rep_mappo Exp b2_calibrated_v4 updates 15/6250 episodes, total num timesteps 51200/20000000, FPS 2882.

average episode rewards is -178.56687307357788

 Scenario simple_spread Algo ua_rep_mappo Exp b2_calibrated_v4 updates 20/6250 episodes, total num timesteps 67200/20000000, FPS 2890.

average episode rewards is -180.91707229614258

 Scenario simple_spread Algo ua_rep_mappo Exp b2_calibrated_v4 updates 25/6250 episodes, total num timesteps 83200/20000000, FPS 2910.

average episode rewards is -176.91223621368408

 Scenario simple_spread Algo ua_rep_mappo Exp b2_calibrated_v4 updates 30/6250 episodes, total num timesteps 99200/20000000, FPS 2913.

average episode rewards is -177.56356000900269

 Scenario simple_spread Algo ua_rep_mappo Exp b2_calibrated_v4 updates 35/6250 episodes, total num timesteps 115200/20000000, FPS 2923.

average episode rewards is -175.35979747772217

 Scenario simple_spread Algo ua_rep_mappo Exp b2_calibrated_v4 updates 40/6250 episodes, total num timesteps 131200/20000000, FPS 2931.

average episode rewards is -175.3258466720581

 Scenario simple_spread Algo ua_rep_mappo Exp b2_calibrated_v4 updates 45/6250 episodes, total num timesteps 147200/20000000, FPS 2939.

average episode rewards is -171.82413339614868

 Scenario simple_spread Algo ua_rep_mappo Exp b2_calibrated_v4 updates 50/6250 episodes, total num timesteps 163200/20000000, FPS 2947.

average episode rewards is -168.65242719650269

 Scenario simple_spread Algo ua_rep_mappo Exp b2_calibrated_v4 updates 55/6250 episodes, total num timesteps 179200/20000000, FPS 2948.

average episode rewards is -168.56775283813477

 Scenario simple_spread Algo ua_rep_mappo Exp b2_calibrated_v4 updates 60/6250 episodes, total num timesteps 195200/20000000, FPS 2954.

average episode rewards is -165.14763832092285

 Scenario simple_spread Algo ua_rep_mappo Exp b2_calibrated_v4 updates 65/6250 episodes, total num timesteps 211200/20000000, FPS 2950.

average episode rewards is -164.94762897491455

 Scenario simple_spread Algo ua_rep_mappo Exp b2_calibrated_v4 updates 70/6250 episodes, total num timesteps 227200/20000000, FPS 2944.

average episode rewards is -165.85010290145874

 Scenario simple_spread Algo ua_rep_mappo Exp b2_calibrated_v4 updates 75/6250 episodes, total num timesteps 243200/20000000, FPS 2938.

average episode rewards is -160.52513122558594

 Scenario simple_spread Algo ua_rep_mappo Exp b2_calibrated_v4 updates 80/6250 episodes, total num timesteps 259200/20000000, FPS 2938.

average episode rewards is -161.16544008255005

 Scenario simple_spread Algo ua_rep_mappo Exp b2_calibrated_v4 updates 85/6250 episodes, total num timesteps 275200/20000000, FPS 2934.

average episode rewards is -159.37906503677368

 Scenario simple_spread Algo ua_rep_mappo Exp b2_calibrated_v4 updates 90/6250 episodes, total num timesteps 291200/20000000, FPS 2927.

average episode rewards is -158.17281007766724

 Scenario simple_spread Algo ua_rep_mappo Exp b2_calibrated_v4 updates 95/6250 episodes, total num timesteps 307200/20000000, FPS 2919.

average episode rewards is -161.54695749282837

 Scenario simple_spread Algo ua_rep_mappo Exp b2_calibrated_v4 updates 100/6250 episodes, total num timesteps 323200/20000000, FPS 2924.

average episode rewards is -154.33270931243896

 Scenario simple_spread Algo ua_rep_mappo Exp b2_calibrated_v4 updates 105/6250 episodes, total num timesteps 339200/20000000, FPS 2920.

average episode rewards is -153.02884578704834

 Scenario simple_spread Algo ua_rep_mappo Exp b2_calibrated_v4 updates 110/6250 episodes, total num timesteps 355200/20000000, FPS 2921.

average episode rewards is -153.66142988204956

 Scenario simple_spread Algo ua_rep_mappo Exp b2_calibrated_v4 updates 115/6250 episodes, total num timesteps 371200/20000000, FPS 2914.

average episode rewards is -157.47058391571045

 Scenario simple_spread Algo ua_rep_mappo Exp b2_calibrated_v4 updates 120/6250 episodes, total num timesteps 387200/20000000, FPS 2915.

average episode rewards is -154.71928119659424

 Scenario simple_spread Algo ua_rep_mappo Exp b2_calibrated_v4 updates 125/6250 episodes, total num timesteps 403200/20000000, FPS 2914.

average episode rewards is -152.31990814208984

 Scenario simple_spread Algo ua_rep_mappo Exp b2_calibrated_v4 updates 130/6250 episodes, total num timesteps 419200/20000000, FPS 2916.

average episode rewards is -151.89926624298096

 Scenario simple_spread Algo ua_rep_mappo Exp b2_calibrated_v4 updates 135/6250 episodes, total num timesteps 435200/20000000, FPS 2915.

average episode rewards is -149.6158480644226

 Scenario simple_spread Algo ua_rep_mappo Exp b2_calibrated_v4 updates 140/6250 episodes, total num timesteps 451200/20000000, FPS 2912.

average episode rewards is -153.41325998306274

 Scenario simple_spread Algo ua_rep_mappo Exp b2_calibrated_v4 updates 145/6250 episodes, total num timesteps 467200/20000000, FPS 2908.

average episode rewards is -151.9694209098816

 Scenario simple_spread Algo ua_rep_mappo Exp b2_calibrated_v4 updates 150/6250 episodes, total num timesteps 483200/20000000, FPS 2910.

average episode rewards is -150.83595514297485

 Scenario simple_spread Algo ua_rep_mappo Exp b2_calibrated_v4 updates 155/6250 episodes, total num timesteps 499200/20000000, FPS 2909.

average episode rewards is -151.63384675979614

 Scenario simple_spread Algo ua_rep_mappo Exp b2_calibrated_v4 updates 160/6250 episodes, total num timesteps 515200/20000000, FPS 2914.

average episode rewards is -145.84059715270996

 Scenario simple_spread Algo ua_rep_mappo Exp b2_calibrated_v4 updates 165/6250 episodes, total num timesteps 531200/20000000, FPS 2915.

average episode rewards is -151.56970024108887

 Scenario simple_spread Algo ua_rep_mappo Exp b2_calibrated_v4 updates 170/6250 episodes, total num timesteps 547200/20000000, FPS 2916.

average episode rewards is -149.5977282524109

 Scenario simple_spread Algo ua_rep_mappo Exp b2_calibrated_v4 updates 175/6250 episodes, total num timesteps 563200/20000000, FPS 2915.

average episode rewards is -148.53732585906982

 Scenario simple_spread Algo ua_rep_mappo Exp b2_calibrated_v4 updates 180/6250 episodes, total num timesteps 579200/20000000, FPS 2914.

average episode rewards is -146.17770910263062

 Scenario simple_spread Algo ua_rep_mappo Exp b2_calibrated_v4 updates 185/6250 episodes, total num timesteps 595200/20000000, FPS 2914.

average episode rewards is -146.57046794891357

 Scenario simple_spread Algo ua_rep_mappo Exp b2_calibrated_v4 updates 190/6250 episodes, total num timesteps 611200/20000000, FPS 2911.

average episode rewards is -144.22881603240967

 Scenario simple_spread Algo ua_rep_mappo Exp b2_calibrated_v4 updates 195/6250 episodes, total num timesteps 627200/20000000, FPS 2911.

average episode rewards is -145.6534504890442

 Scenario simple_spread Algo ua_rep_mappo Exp b2_calibrated_v4 updates 200/6250 episodes, total num timesteps 643200/20000000, FPS 2913.

average episode rewards is -143.49387884140015

 Scenario simple_spread Algo ua_rep_mappo Exp b2_calibrated_v4 updates 205/6250 episodes, total num timesteps 659200/20000000, FPS 2913.

average episode rewards is -145.1360821723938

 Scenario simple_spread Algo ua_rep_mappo Exp b2_calibrated_v4 updates 210/6250 episodes, total num timesteps 675200/20000000, FPS 2912.

average episode rewards is -142.5513744354248

 Scenario simple_spread Algo ua_rep_mappo Exp b2_calibrated_v4 updates 215/6250 episodes, total num timesteps 691200/20000000, FPS 2910.

average episode rewards is -140.6638741493225

 Scenario simple_spread Algo ua_rep_mappo Exp b2_calibrated_v4 updates 220/6250 episodes, total num timesteps 707200/20000000, FPS 2909.

average episode rewards is -142.20154285430908

 Scenario simple_spread Algo ua_rep_mappo Exp b2_calibrated_v4 updates 225/6250 episodes, total num timesteps 723200/20000000, FPS 2906.

average episode rewards is -140.39459228515625

 Scenario simple_spread Algo ua_rep_mappo Exp b2_calibrated_v4 updates 230/6250 episodes, total num timesteps 739200/20000000, FPS 2905.

average episode rewards is -142.34066009521484

 Scenario simple_spread Algo ua_rep_mappo Exp b2_calibrated_v4 updates 235/6250 episodes, total num timesteps 755200/20000000, FPS 2902.

average episode rewards is -138.636314868927

 Scenario simple_spread Algo ua_rep_mappo Exp b2_calibrated_v4 updates 240/6250 episodes, total num timesteps 771200/20000000, FPS 2903.

average episode rewards is -141.75199270248413

 Scenario simple_spread Algo ua_rep_mappo Exp b2_calibrated_v4 updates 245/6250 episodes, total num timesteps 787200/20000000, FPS 2904.

average episode rewards is -143.06601285934448

 Scenario simple_spread Algo ua_rep_mappo Exp b2_calibrated_v4 updates 250/6250 episodes, total num timesteps 803200/20000000, FPS 2902.

average episode rewards is -137.51479387283325

 Scenario simple_spread Algo ua_rep_mappo Exp b2_calibrated_v4 updates 255/6250 episodes, total num timesteps 819200/20000000, FPS 2900.

average episode rewards is -143.22919845581055

 Scenario simple_spread Algo ua_rep_mappo Exp b2_calibrated_v4 updates 260/6250 episodes, total num timesteps 835200/20000000, FPS 2898.

average episode rewards is -140.29908180236816

 Scenario simple_spread Algo ua_rep_mappo Exp b2_calibrated_v4 updates 265/6250 episodes, total num timesteps 851200/20000000, FPS 2896.

average episode rewards is -140.0112271308899

 Scenario simple_spread Algo ua_rep_mappo Exp b2_calibrated_v4 updates 270/6250 episodes, total num timesteps 867200/20000000, FPS 2896.

average episode rewards is -136.7882490158081

 Scenario simple_spread Algo ua_rep_mappo Exp b2_calibrated_v4 updates 275/6250 episodes, total num timesteps 883200/20000000, FPS 2895.

average episode rewards is -137.42928504943848

 Scenario simple_spread Algo ua_rep_mappo Exp b2_calibrated_v4 updates 280/6250 episodes, total num timesteps 899200/20000000, FPS 2894.

average episode rewards is -137.7017617225647

 Scenario simple_spread Algo ua_rep_mappo Exp b2_calibrated_v4 updates 285/6250 episodes, total num timesteps 915200/20000000, FPS 2895.

average episode rewards is -134.12184715270996

 Scenario simple_spread Algo ua_rep_mappo Exp b2_calibrated_v4 updates 290/6250 episodes, total num timesteps 931200/20000000, FPS 2894.

average episode rewards is -139.08778429031372

 Scenario simple_spread Algo ua_rep_mappo Exp b2_calibrated_v4 updates 295/6250 episodes, total num timesteps 947200/20000000, FPS 2895.

average episode rewards is -139.31076526641846

 Scenario simple_spread Algo ua_rep_mappo Exp b2_calibrated_v4 updates 300/6250 episodes, total num timesteps 963200/20000000, FPS 2896.

average episode rewards is -137.958824634552

 Scenario simple_spread Algo ua_rep_mappo Exp b2_calibrated_v4 updates 305/6250 episodes, total num timesteps 979200/20000000, FPS 2896.

average episode rewards is -136.6066336631775

 Scenario simple_spread Algo ua_rep_mappo Exp b2_calibrated_v4 updates 310/6250 episodes, total num timesteps 995200/20000000, FPS 2896.

average episode rewards is -132.052743434906

 Scenario simple_spread Algo ua_rep_mappo Exp b2_calibrated_v4 updates 315/6250 episodes, total num timesteps 1011200/20000000, FPS 2894.

average episode rewards is -138.82232904434204

 Scenario simple_spread Algo ua_rep_mappo Exp b2_calibrated_v4 updates 320/6250 episodes, total num timesteps 1027200/20000000, FPS 2893.

average episode rewards is -136.10483407974243

 Scenario simple_spread Algo ua_rep_mappo Exp b2_calibrated_v4 updates 325/6250 episodes, total num timesteps 1043200/20000000, FPS 2895.

average episode rewards is -135.63228845596313

 Scenario simple_spread Algo ua_rep_mappo Exp b2_calibrated_v4 updates 330/6250 episodes, total num timesteps 1059200/20000000, FPS 2894.

average episode rewards is -132.65535831451416

 Scenario simple_spread Algo ua_rep_mappo Exp b2_calibrated_v4 updates 335/6250 episodes, total num timesteps 1075200/20000000, FPS 2894.

average episode rewards is -134.60110425949097

 Scenario simple_spread Algo ua_rep_mappo Exp b2_calibrated_v4 updates 340/6250 episodes, total num timesteps 1091200/20000000, FPS 2892.

average episode rewards is -136.2327218055725

 Scenario simple_spread Algo ua_rep_mappo Exp b2_calibrated_v4 updates 345/6250 episodes, total num timesteps 1107200/20000000, FPS 2890.

average episode rewards is -133.81669521331787

 Scenario simple_spread Algo ua_rep_mappo Exp b2_calibrated_v4 updates 350/6250 episodes, total num timesteps 1123200/20000000, FPS 2889.

average episode rewards is -133.96507501602173

 Scenario simple_spread Algo ua_rep_mappo Exp b2_calibrated_v4 updates 355/6250 episodes, total num timesteps 1139200/20000000, FPS 2889.

average episode rewards is -134.37621593475342

 Scenario simple_spread Algo ua_rep_mappo Exp b2_calibrated_v4 updates 360/6250 episodes, total num timesteps 1155200/20000000, FPS 2888.

average episode rewards is -132.39803314208984

 Scenario simple_spread Algo ua_rep_mappo Exp b2_calibrated_v4 updates 365/6250 episodes, total num timesteps 1171200/20000000, FPS 2889.

average episode rewards is -135.2428674697876

 Scenario simple_spread Algo ua_rep_mappo Exp b2_calibrated_v4 updates 370/6250 episodes, total num timesteps 1187200/20000000, FPS 2890.

average episode rewards is -133.33213329315186

 Scenario simple_spread Algo ua_rep_mappo Exp b2_calibrated_v4 updates 375/6250 episodes, total num timesteps 1203200/20000000, FPS 2888.

average episode rewards is -133.68360996246338

 Scenario simple_spread Algo ua_rep_mappo Exp b2_calibrated_v4 updates 380/6250 episodes, total num timesteps 1219200/20000000, FPS 2889.

average episode rewards is -135.3107452392578

 Scenario simple_spread Algo ua_rep_mappo Exp b2_calibrated_v4 updates 385/6250 episodes, total num timesteps 1235200/20000000, FPS 2888.

average episode rewards is -133.23825597763062

 Scenario simple_spread Algo ua_rep_mappo Exp b2_calibrated_v4 updates 390/6250 episodes, total num timesteps 1251200/20000000, FPS 2888.

average episode rewards is -134.39048528671265

 Scenario simple_spread Algo ua_rep_mappo Exp b2_calibrated_v4 updates 395/6250 episodes, total num timesteps 1267200/20000000, FPS 2887.

average episode rewards is -134.32029485702515

 Scenario simple_spread Algo ua_rep_mappo Exp b2_calibrated_v4 updates 400/6250 episodes, total num timesteps 1283200/20000000, FPS 2887.

average episode rewards is -133.2852005958557

 Scenario simple_spread Algo ua_rep_mappo Exp b2_calibrated_v4 updates 405/6250 episodes, total num timesteps 1299200/20000000, FPS 2888.

average episode rewards is -135.10922193527222

 Scenario simple_spread Algo ua_rep_mappo Exp b2_calibrated_v4 updates 410/6250 episodes, total num timesteps 1315200/20000000, FPS 2889.

average episode rewards is -133.1284761428833

 Scenario simple_spread Algo ua_rep_mappo Exp b2_calibrated_v4 updates 415/6250 episodes, total num timesteps 1331200/20000000, FPS 2891.

average episode rewards is -130.19319772720337

 Scenario simple_spread Algo ua_rep_mappo Exp b2_calibrated_v4 updates 420/6250 episodes, total num timesteps 1347200/20000000, FPS 2891.

average episode rewards is -130.1247239112854

 Scenario simple_spread Algo ua_rep_mappo Exp b2_calibrated_v4 updates 425/6250 episodes, total num timesteps 1363200/20000000, FPS 2891.

average episode rewards is -132.85565376281738

 Scenario simple_spread Algo ua_rep_mappo Exp b2_calibrated_v4 updates 430/6250 episodes, total num timesteps 1379200/20000000, FPS 2890.

average episode rewards is -129.95773553848267

 Scenario simple_spread Algo ua_rep_mappo Exp b2_calibrated_v4 updates 435/6250 episodes, total num timesteps 1395200/20000000, FPS 2890.

average episode rewards is -133.75324010849

 Scenario simple_spread Algo ua_rep_mappo Exp b2_calibrated_v4 updates 440/6250 episodes, total num timesteps 1411200/20000000, FPS 2889.

average episode rewards is -132.00011253356934

 Scenario simple_spread Algo ua_rep_mappo Exp b2_calibrated_v4 updates 445/6250 episodes, total num timesteps 1427200/20000000, FPS 2888.

average episode rewards is -133.96565914154053

 Scenario simple_spread Algo ua_rep_mappo Exp b2_calibrated_v4 updates 450/6250 episodes, total num timesteps 1443200/20000000, FPS 2887.

average episode rewards is -130.4424285888672

 Scenario simple_spread Algo ua_rep_mappo Exp b2_calibrated_v4 updates 455/6250 episodes, total num timesteps 1459200/20000000, FPS 2887.

average episode rewards is -130.14730215072632

 Scenario simple_spread Algo ua_rep_mappo Exp b2_calibrated_v4 updates 460/6250 episodes, total num timesteps 1475200/20000000, FPS 2885.

average episode rewards is -128.11285257339478

 Scenario simple_spread Algo ua_rep_mappo Exp b2_calibrated_v4 updates 465/6250 episodes, total num timesteps 1491200/20000000, FPS 2887.

average episode rewards is -128.40088605880737

 Scenario simple_spread Algo ua_rep_mappo Exp b2_calibrated_v4 updates 470/6250 episodes, total num timesteps 1507200/20000000, FPS 2887.

average episode rewards is -128.5655975341797

 Scenario simple_spread Algo ua_rep_mappo Exp b2_calibrated_v4 updates 475/6250 episodes, total num timesteps 1523200/20000000, FPS 2887.

average episode rewards is -129.13501262664795

 Scenario simple_spread Algo ua_rep_mappo Exp b2_calibrated_v4 updates 480/6250 episodes, total num timesteps 1539200/20000000, FPS 2886.

average episode rewards is -129.43954467773438

 Scenario simple_spread Algo ua_rep_mappo Exp b2_calibrated_v4 updates 485/6250 episodes, total num timesteps 1555200/20000000, FPS 2886.

average episode rewards is -127.6368260383606

 Scenario simple_spread Algo ua_rep_mappo Exp b2_calibrated_v4 updates 490/6250 episodes, total num timesteps 1571200/20000000, FPS 2886.

average episode rewards is -128.25502157211304

 Scenario simple_spread Algo ua_rep_mappo Exp b2_calibrated_v4 updates 495/6250 episodes, total num timesteps 1587200/20000000, FPS 2887.

average episode rewards is -128.85149717330933

 Scenario simple_spread Algo ua_rep_mappo Exp b2_calibrated_v4 updates 500/6250 episodes, total num timesteps 1603200/20000000, FPS 2886.

average episode rewards is -128.57024669647217

 Scenario simple_spread Algo ua_rep_mappo Exp b2_calibrated_v4 updates 505/6250 episodes, total num timesteps 1619200/20000000, FPS 2885.

average episode rewards is -129.04984951019287

 Scenario simple_spread Algo ua_rep_mappo Exp b2_calibrated_v4 updates 510/6250 episodes, total num timesteps 1635200/20000000, FPS 2884.

average episode rewards is -127.85451412200928

 Scenario simple_spread Algo ua_rep_mappo Exp b2_calibrated_v4 updates 515/6250 episodes, total num timesteps 1651200/20000000, FPS 2885.

average episode rewards is -126.85457468032837

 Scenario simple_spread Algo ua_rep_mappo Exp b2_calibrated_v4 updates 520/6250 episodes, total num timesteps 1667200/20000000, FPS 2885.

average episode rewards is -128.84089946746826

 Scenario simple_spread Algo ua_rep_mappo Exp b2_calibrated_v4 updates 525/6250 episodes, total num timesteps 1683200/20000000, FPS 2886.

average episode rewards is -130.09166717529297

 Scenario simple_spread Algo ua_rep_mappo Exp b2_calibrated_v4 updates 530/6250 episodes, total num timesteps 1699200/20000000, FPS 2884.

average episode rewards is -124.69557523727417

 Scenario simple_spread Algo ua_rep_mappo Exp b2_calibrated_v4 updates 535/6250 episodes, total num timesteps 1715200/20000000, FPS 2883.

average episode rewards is -124.60322380065918

 Scenario simple_spread Algo ua_rep_mappo Exp b2_calibrated_v4 updates 540/6250 episodes, total num timesteps 1731200/20000000, FPS 2883.

average episode rewards is -127.45062112808228

 Scenario simple_spread Algo ua_rep_mappo Exp b2_calibrated_v4 updates 545/6250 episodes, total num timesteps 1747200/20000000, FPS 2882.

average episode rewards is -126.02046728134155

 Scenario simple_spread Algo ua_rep_mappo Exp b2_calibrated_v4 updates 550/6250 episodes, total num timesteps 1763200/20000000, FPS 2881.

average episode rewards is -129.10003662109375

 Scenario simple_spread Algo ua_rep_mappo Exp b2_calibrated_v4 updates 555/6250 episodes, total num timesteps 1779200/20000000, FPS 2882.

average episode rewards is -127.6240348815918

 Scenario simple_spread Algo ua_rep_mappo Exp b2_calibrated_v4 updates 560/6250 episodes, total num timesteps 1795200/20000000, FPS 2882.

average episode rewards is -127.68229246139526

 Scenario simple_spread Algo ua_rep_mappo Exp b2_calibrated_v4 updates 565/6250 episodes, total num timesteps 1811200/20000000, FPS 2882.

average episode rewards is -128.57489585876465

 Scenario simple_spread Algo ua_rep_mappo Exp b2_calibrated_v4 updates 570/6250 episodes, total num timesteps 1827200/20000000, FPS 2882.

average episode rewards is -127.71782875061035

 Scenario simple_spread Algo ua_rep_mappo Exp b2_calibrated_v4 updates 575/6250 episodes, total num timesteps 1843200/20000000, FPS 2883.

average episode rewards is -128.3347487449646

 Scenario simple_spread Algo ua_rep_mappo Exp b2_calibrated_v4 updates 580/6250 episodes, total num timesteps 1859200/20000000, FPS 2882.

average episode rewards is -128.39007377624512

 Scenario simple_spread Algo ua_rep_mappo Exp b2_calibrated_v4 updates 585/6250 episodes, total num timesteps 1875200/20000000, FPS 2882.

average episode rewards is -127.62823104858398

 Scenario simple_spread Algo ua_rep_mappo Exp b2_calibrated_v4 updates 590/6250 episodes, total num timesteps 1891200/20000000, FPS 2882.

average episode rewards is -127.57542133331299

 Scenario simple_spread Algo ua_rep_mappo Exp b2_calibrated_v4 updates 595/6250 episodes, total num timesteps 1907200/20000000, FPS 2882.

average episode rewards is -127.46740579605103

 Scenario simple_spread Algo ua_rep_mappo Exp b2_calibrated_v4 updates 600/6250 episodes, total num timesteps 1923200/20000000, FPS 2882.

average episode rewards is -126.55338048934937

 Scenario simple_spread Algo ua_rep_mappo Exp b2_calibrated_v4 updates 605/6250 episodes, total num timesteps 1939200/20000000, FPS 2882.

average episode rewards is -130.7715654373169

 Scenario simple_spread Algo ua_rep_mappo Exp b2_calibrated_v4 updates 610/6250 episodes, total num timesteps 1955200/20000000, FPS 2882.

average episode rewards is -127.41050720214844

 Scenario simple_spread Algo ua_rep_mappo Exp b2_calibrated_v4 updates 615/6250 episodes, total num timesteps 1971200/20000000, FPS 2881.

average episode rewards is -127.24004983901978

 Scenario simple_spread Algo ua_rep_mappo Exp b2_calibrated_v4 updates 620/6250 episodes, total num timesteps 1987200/20000000, FPS 2882.

average episode rewards is -126.57151222229004

 Scenario simple_spread Algo ua_rep_mappo Exp b2_calibrated_v4 updates 625/6250 episodes, total num timesteps 2003200/20000000, FPS 2884.

average episode rewards is -126.68912410736084

 Scenario simple_spread Algo ua_rep_mappo Exp b2_calibrated_v4 updates 630/6250 episodes, total num timesteps 2019200/20000000, FPS 2883.

average episode rewards is -128.73092889785767

 Scenario simple_spread Algo ua_rep_mappo Exp b2_calibrated_v4 updates 635/6250 episodes, total num timesteps 2035200/20000000, FPS 2883.

average episode rewards is -126.21074914932251

 Scenario simple_spread Algo ua_rep_mappo Exp b2_calibrated_v4 updates 640/6250 episodes, total num timesteps 2051200/20000000, FPS 2882.

average episode rewards is -128.1978726387024

 Scenario simple_spread Algo ua_rep_mappo Exp b2_calibrated_v4 updates 645/6250 episodes, total num timesteps 2067200/20000000, FPS 2883.

average episode rewards is -125.03986358642578

 Scenario simple_spread Algo ua_rep_mappo Exp b2_calibrated_v4 updates 650/6250 episodes, total num timesteps 2083200/20000000, FPS 2883.

average episode rewards is -123.10073375701904

 Scenario simple_spread Algo ua_rep_mappo Exp b2_calibrated_v4 updates 655/6250 episodes, total num timesteps 2099200/20000000, FPS 2883.

average episode rewards is -126.21171474456787

 Scenario simple_spread Algo ua_rep_mappo Exp b2_calibrated_v4 updates 660/6250 episodes, total num timesteps 2115200/20000000, FPS 2883.

average episode rewards is -127.36903429031372

 Scenario simple_spread Algo ua_rep_mappo Exp b2_calibrated_v4 updates 665/6250 episodes, total num timesteps 2131200/20000000, FPS 2883.

average episode rewards is -126.45442485809326

 Scenario simple_spread Algo ua_rep_mappo Exp b2_calibrated_v4 updates 670/6250 episodes, total num timesteps 2147200/20000000, FPS 2883.

average episode rewards is -126.6600489616394

 Scenario simple_spread Algo ua_rep_mappo Exp b2_calibrated_v4 updates 675/6250 episodes, total num timesteps 2163200/20000000, FPS 2884.

average episode rewards is -125.34329891204834

 Scenario simple_spread Algo ua_rep_mappo Exp b2_calibrated_v4 updates 680/6250 episodes, total num timesteps 2179200/20000000, FPS 2884.

average episode rewards is -125.2916693687439

 Scenario simple_spread Algo ua_rep_mappo Exp b2_calibrated_v4 updates 685/6250 episodes, total num timesteps 2195200/20000000, FPS 2884.

average episode rewards is -125.04905462265015

 Scenario simple_spread Algo ua_rep_mappo Exp b2_calibrated_v4 updates 690/6250 episodes, total num timesteps 2211200/20000000, FPS 2883.

average episode rewards is -126.5122652053833

 Scenario simple_spread Algo ua_rep_mappo Exp b2_calibrated_v4 updates 695/6250 episodes, total num timesteps 2227200/20000000, FPS 2883.

average episode rewards is -123.98799657821655

 Scenario simple_spread Algo ua_rep_mappo Exp b2_calibrated_v4 updates 700/6250 episodes, total num timesteps 2243200/20000000, FPS 2884.

average episode rewards is -123.77086877822876

 Scenario simple_spread Algo ua_rep_mappo Exp b2_calibrated_v4 updates 705/6250 episodes, total num timesteps 2259200/20000000, FPS 2882.

average episode rewards is -127.56122350692749

 Scenario simple_spread Algo ua_rep_mappo Exp b2_calibrated_v4 updates 710/6250 episodes, total num timesteps 2275200/20000000, FPS 2883.

average episode rewards is -124.63366985321045

 Scenario simple_spread Algo ua_rep_mappo Exp b2_calibrated_v4 updates 715/6250 episodes, total num timesteps 2291200/20000000, FPS 2884.

average episode rewards is -122.57565259933472

 Scenario simple_spread Algo ua_rep_mappo Exp b2_calibrated_v4 updates 720/6250 episodes, total num timesteps 2307200/20000000, FPS 2885.

average episode rewards is -124.48310852050781

 Scenario simple_spread Algo ua_rep_mappo Exp b2_calibrated_v4 updates 725/6250 episodes, total num timesteps 2323200/20000000, FPS 2886.

average episode rewards is -122.70164489746094

 Scenario simple_spread Algo ua_rep_mappo Exp b2_calibrated_v4 updates 730/6250 episodes, total num timesteps 2339200/20000000, FPS 2886.

average episode rewards is -125.9091854095459

 Scenario simple_spread Algo ua_rep_mappo Exp b2_calibrated_v4 updates 735/6250 episodes, total num timesteps 2355200/20000000, FPS 2884.

average episode rewards is -123.11092615127563

 Scenario simple_spread Algo ua_rep_mappo Exp b2_calibrated_v4 updates 740/6250 episodes, total num timesteps 2371200/20000000, FPS 2884.

average episode rewards is -127.68841981887817

 Scenario simple_spread Algo ua_rep_mappo Exp b2_calibrated_v4 updates 745/6250 episodes, total num timesteps 2387200/20000000, FPS 2884.

average episode rewards is -123.37216138839722

 Scenario simple_spread Algo ua_rep_mappo Exp b2_calibrated_v4 updates 750/6250 episodes, total num timesteps 2403200/20000000, FPS 2884.

average episode rewards is -126.36579275131226

 Scenario simple_spread Algo ua_rep_mappo Exp b2_calibrated_v4 updates 755/6250 episodes, total num timesteps 2419200/20000000, FPS 2884.

average episode rewards is -125.57429075241089

 Scenario simple_spread Algo ua_rep_mappo Exp b2_calibrated_v4 updates 760/6250 episodes, total num timesteps 2435200/20000000, FPS 2884.

average episode rewards is -124.47030544281006

 Scenario simple_spread Algo ua_rep_mappo Exp b2_calibrated_v4 updates 765/6250 episodes, total num timesteps 2451200/20000000, FPS 2885.

average episode rewards is -126.2121319770813

 Scenario simple_spread Algo ua_rep_mappo Exp b2_calibrated_v4 updates 770/6250 episodes, total num timesteps 2467200/20000000, FPS 2885.

average episode rewards is -125.61715841293335

 Scenario simple_spread Algo ua_rep_mappo Exp b2_calibrated_v4 updates 775/6250 episodes, total num timesteps 2483200/20000000, FPS 2885.

average episode rewards is -125.934898853302

 Scenario simple_spread Algo ua_rep_mappo Exp b2_calibrated_v4 updates 780/6250 episodes, total num timesteps 2499200/20000000, FPS 2886.

average episode rewards is -125.60603618621826

 Scenario simple_spread Algo ua_rep_mappo Exp b2_calibrated_v4 updates 785/6250 episodes, total num timesteps 2515200/20000000, FPS 2886.

average episode rewards is -125.39905309677124

 Scenario simple_spread Algo ua_rep_mappo Exp b2_calibrated_v4 updates 790/6250 episodes, total num timesteps 2531200/20000000, FPS 2886.

average episode rewards is -125.18978118896484

 Scenario simple_spread Algo ua_rep_mappo Exp b2_calibrated_v4 updates 795/6250 episodes, total num timesteps 2547200/20000000, FPS 2886.

average episode rewards is -124.04271364212036

 Scenario simple_spread Algo ua_rep_mappo Exp b2_calibrated_v4 updates 800/6250 episodes, total num timesteps 2563200/20000000, FPS 2885.

average episode rewards is -123.24439287185669

 Scenario simple_spread Algo ua_rep_mappo Exp b2_calibrated_v4 updates 805/6250 episodes, total num timesteps 2579200/20000000, FPS 2886.

average episode rewards is -126.5188217163086

 Scenario simple_spread Algo ua_rep_mappo Exp b2_calibrated_v4 updates 810/6250 episodes, total num timesteps 2595200/20000000, FPS 2886.

average episode rewards is -124.2598295211792

 Scenario simple_spread Algo ua_rep_mappo Exp b2_calibrated_v4 updates 815/6250 episodes, total num timesteps 2611200/20000000, FPS 2886.

average episode rewards is -126.67107582092285

 Scenario simple_spread Algo ua_rep_mappo Exp b2_calibrated_v4 updates 820/6250 episodes, total num timesteps 2627200/20000000, FPS 2886.

average episode rewards is -126.05100870132446

 Scenario simple_spread Algo ua_rep_mappo Exp b2_calibrated_v4 updates 825/6250 episodes, total num timesteps 2643200/20000000, FPS 2885.

average episode rewards is -123.82395267486572

 Scenario simple_spread Algo ua_rep_mappo Exp b2_calibrated_v4 updates 830/6250 episodes, total num timesteps 2659200/20000000, FPS 2885.

average episode rewards is -121.25073671340942

 Scenario simple_spread Algo ua_rep_mappo Exp b2_calibrated_v4 updates 835/6250 episodes, total num timesteps 2675200/20000000, FPS 2885.

average episode rewards is -122.26027250289917

 Scenario simple_spread Algo ua_rep_mappo Exp b2_calibrated_v4 updates 840/6250 episodes, total num timesteps 2691200/20000000, FPS 2885.

average episode rewards is -124.06377792358398

 Scenario simple_spread Algo ua_rep_mappo Exp b2_calibrated_v4 updates 845/6250 episodes, total num timesteps 2707200/20000000, FPS 2885.

average episode rewards is -123.37068319320679

 Scenario simple_spread Algo ua_rep_mappo Exp b2_calibrated_v4 updates 850/6250 episodes, total num timesteps 2723200/20000000, FPS 2885.

average episode rewards is -121.94017171859741

 Scenario simple_spread Algo ua_rep_mappo Exp b2_calibrated_v4 updates 855/6250 episodes, total num timesteps 2739200/20000000, FPS 2885.

average episode rewards is -122.37018346786499

 Scenario simple_spread Algo ua_rep_mappo Exp b2_calibrated_v4 updates 860/6250 episodes, total num timesteps 2755200/20000000, FPS 2885.

average episode rewards is -121.46724462509155

 Scenario simple_spread Algo ua_rep_mappo Exp b2_calibrated_v4 updates 865/6250 episodes, total num timesteps 2771200/20000000, FPS 2885.

average episode rewards is -124.3098258972168

 Scenario simple_spread Algo ua_rep_mappo Exp b2_calibrated_v4 updates 870/6250 episodes, total num timesteps 2787200/20000000, FPS 2885.

average episode rewards is -123.08505773544312

 Scenario simple_spread Algo ua_rep_mappo Exp b2_calibrated_v4 updates 875/6250 episodes, total num timesteps 2803200/20000000, FPS 2886.

average episode rewards is -122.07783460617065

 Scenario simple_spread Algo ua_rep_mappo Exp b2_calibrated_v4 updates 880/6250 episodes, total num timesteps 2819200/20000000, FPS 2885.

average episode rewards is -123.20098876953125

 Scenario simple_spread Algo ua_rep_mappo Exp b2_calibrated_v4 updates 885/6250 episodes, total num timesteps 2835200/20000000, FPS 2885.

average episode rewards is -123.33546876907349

 Scenario simple_spread Algo ua_rep_mappo Exp b2_calibrated_v4 updates 890/6250 episodes, total num timesteps 2851200/20000000, FPS 2884.

average episode rewards is -121.45901918411255

 Scenario simple_spread Algo ua_rep_mappo Exp b2_calibrated_v4 updates 895/6250 episodes, total num timesteps 2867200/20000000, FPS 2884.

average episode rewards is -124.77649450302124

 Scenario simple_spread Algo ua_rep_mappo Exp b2_calibrated_v4 updates 900/6250 episodes, total num timesteps 2883200/20000000, FPS 2884.

average episode rewards is -121.02735042572021

 Scenario simple_spread Algo ua_rep_mappo Exp b2_calibrated_v4 updates 905/6250 episodes, total num timesteps 2899200/20000000, FPS 2883.

average episode rewards is -122.72840738296509

 Scenario simple_spread Algo ua_rep_mappo Exp b2_calibrated_v4 updates 910/6250 episodes, total num timesteps 2915200/20000000, FPS 2883.

average episode rewards is -123.03370237350464

 Scenario simple_spread Algo ua_rep_mappo Exp b2_calibrated_v4 updates 915/6250 episodes, total num timesteps 2931200/20000000, FPS 2883.

average episode rewards is -121.51429653167725

 Scenario simple_spread Algo ua_rep_mappo Exp b2_calibrated_v4 updates 920/6250 episodes, total num timesteps 2947200/20000000, FPS 2883.

average episode rewards is -122.39326238632202

 Scenario simple_spread Algo ua_rep_mappo Exp b2_calibrated_v4 updates 925/6250 episodes, total num timesteps 2963200/20000000, FPS 2882.

average episode rewards is -121.27013206481934

 Scenario simple_spread Algo ua_rep_mappo Exp b2_calibrated_v4 updates 930/6250 episodes, total num timesteps 2979200/20000000, FPS 2882.

average episode rewards is -124.3332028388977

 Scenario simple_spread Algo ua_rep_mappo Exp b2_calibrated_v4 updates 935/6250 episodes, total num timesteps 2995200/20000000, FPS 2881.

average episode rewards is -121.93776369094849

 Scenario simple_spread Algo ua_rep_mappo Exp b2_calibrated_v4 updates 940/6250 episodes, total num timesteps 3011200/20000000, FPS 2882.

average episode rewards is -123.03539514541626

 Scenario simple_spread Algo ua_rep_mappo Exp b2_calibrated_v4 updates 945/6250 episodes, total num timesteps 3027200/20000000, FPS 2881.

average episode rewards is -123.47638607025146

 Scenario simple_spread Algo ua_rep_mappo Exp b2_calibrated_v4 updates 950/6250 episodes, total num timesteps 3043200/20000000, FPS 2881.

average episode rewards is -124.32224750518799

 Scenario simple_spread Algo ua_rep_mappo Exp b2_calibrated_v4 updates 955/6250 episodes, total num timesteps 3059200/20000000, FPS 2881.

average episode rewards is -122.20214605331421

 Scenario simple_spread Algo ua_rep_mappo Exp b2_calibrated_v4 updates 960/6250 episodes, total num timesteps 3075200/20000000, FPS 2881.

average episode rewards is -125.86549520492554

 Scenario simple_spread Algo ua_rep_mappo Exp b2_calibrated_v4 updates 965/6250 episodes, total num timesteps 3091200/20000000, FPS 2881.

average episode rewards is -123.69769811630249

 Scenario simple_spread Algo ua_rep_mappo Exp b2_calibrated_v4 updates 970/6250 episodes, total num timesteps 3107200/20000000, FPS 2882.

average episode rewards is -125.05267858505249

 Scenario simple_spread Algo ua_rep_mappo Exp b2_calibrated_v4 updates 975/6250 episodes, total num timesteps 3123200/20000000, FPS 2882.

average episode rewards is -122.51276969909668

 Scenario simple_spread Algo ua_rep_mappo Exp b2_calibrated_v4 updates 980/6250 episodes, total num timesteps 3139200/20000000, FPS 2882.

average episode rewards is -119.35991048812866

 Scenario simple_spread Algo ua_rep_mappo Exp b2_calibrated_v4 updates 985/6250 episodes, total num timesteps 3155200/20000000, FPS 2883.

average episode rewards is -120.85707187652588

 Scenario simple_spread Algo ua_rep_mappo Exp b2_calibrated_v4 updates 990/6250 episodes, total num timesteps 3171200/20000000, FPS 2884.

average episode rewards is -121.06560468673706

 Scenario simple_spread Algo ua_rep_mappo Exp b2_calibrated_v4 updates 995/6250 episodes, total num timesteps 3187200/20000000, FPS 2883.

average episode rewards is -121.75365686416626

 Scenario simple_spread Algo ua_rep_mappo Exp b2_calibrated_v4 updates 1000/6250 episodes, total num timesteps 3203200/20000000, FPS 2884.

average episode rewards is -123.80735874176025

 Scenario simple_spread Algo ua_rep_mappo Exp b2_calibrated_v4 updates 1005/6250 episodes, total num timesteps 3219200/20000000, FPS 2884.

average episode rewards is -122.01383113861084

 Scenario simple_spread Algo ua_rep_mappo Exp b2_calibrated_v4 updates 1010/6250 episodes, total num timesteps 3235200/20000000, FPS 2884.

average episode rewards is -121.01030349731445

 Scenario simple_spread Algo ua_rep_mappo Exp b2_calibrated_v4 updates 1015/6250 episodes, total num timesteps 3251200/20000000, FPS 2883.

average episode rewards is -124.33162927627563

 Scenario simple_spread Algo ua_rep_mappo Exp b2_calibrated_v4 updates 1020/6250 episodes, total num timesteps 3267200/20000000, FPS 2883.

average episode rewards is -123.08065891265869

 Scenario simple_spread Algo ua_rep_mappo Exp b2_calibrated_v4 updates 1025/6250 episodes, total num timesteps 3283200/20000000, FPS 2884.

average episode rewards is -119.91819143295288

 Scenario simple_spread Algo ua_rep_mappo Exp b2_calibrated_v4 updates 1030/6250 episodes, total num timesteps 3299200/20000000, FPS 2884.

average episode rewards is -122.11049795150757

 Scenario simple_spread Algo ua_rep_mappo Exp b2_calibrated_v4 updates 1035/6250 episodes, total num timesteps 3315200/20000000, FPS 2884.

average episode rewards is -121.932852268219

 Scenario simple_spread Algo ua_rep_mappo Exp b2_calibrated_v4 updates 1040/6250 episodes, total num timesteps 3331200/20000000, FPS 2884.

average episode rewards is -122.39741086959839

 Scenario simple_spread Algo ua_rep_mappo Exp b2_calibrated_v4 updates 1045/6250 episodes, total num timesteps 3347200/20000000, FPS 2885.

average episode rewards is -122.63970375061035

 Scenario simple_spread Algo ua_rep_mappo Exp b2_calibrated_v4 updates 1050/6250 episodes, total num timesteps 3363200/20000000, FPS 2885.

average episode rewards is -121.8296766281128

 Scenario simple_spread Algo ua_rep_mappo Exp b2_calibrated_v4 updates 1055/6250 episodes, total num timesteps 3379200/20000000, FPS 2885.

average episode rewards is -120.28383016586304

 Scenario simple_spread Algo ua_rep_mappo Exp b2_calibrated_v4 updates 1060/6250 episodes, total num timesteps 3395200/20000000, FPS 2885.

average episode rewards is -120.89320421218872

 Scenario simple_spread Algo ua_rep_mappo Exp b2_calibrated_v4 updates 1065/6250 episodes, total num timesteps 3411200/20000000, FPS 2885.

average episode rewards is -120.45717239379883

 Scenario simple_spread Algo ua_rep_mappo Exp b2_calibrated_v4 updates 1070/6250 episodes, total num timesteps 3427200/20000000, FPS 2885.

average episode rewards is -121.5151309967041

 Scenario simple_spread Algo ua_rep_mappo Exp b2_calibrated_v4 updates 1075/6250 episodes, total num timesteps 3443200/20000000, FPS 2885.

average episode rewards is -121.68935537338257

 Scenario simple_spread Algo ua_rep_mappo Exp b2_calibrated_v4 updates 1080/6250 episodes, total num timesteps 3459200/20000000, FPS 2884.

average episode rewards is -121.76984548568726

 Scenario simple_spread Algo ua_rep_mappo Exp b2_calibrated_v4 updates 1085/6250 episodes, total num timesteps 3475200/20000000, FPS 2883.

average episode rewards is -119.0300703048706

 Scenario simple_spread Algo ua_rep_mappo Exp b2_calibrated_v4 updates 1090/6250 episodes, total num timesteps 3491200/20000000, FPS 2883.

average episode rewards is -124.05866384506226

 Scenario simple_spread Algo ua_rep_mappo Exp b2_calibrated_v4 updates 1095/6250 episodes, total num timesteps 3507200/20000000, FPS 2883.

average episode rewards is -122.76730537414551

 Scenario simple_spread Algo ua_rep_mappo Exp b2_calibrated_v4 updates 1100/6250 episodes, total num timesteps 3523200/20000000, FPS 2883.

average episode rewards is -123.2445478439331

 Scenario simple_spread Algo ua_rep_mappo Exp b2_calibrated_v4 updates 1105/6250 episodes, total num timesteps 3539200/20000000, FPS 2883.

average episode rewards is -123.41485023498535

 Scenario simple_spread Algo ua_rep_mappo Exp b2_calibrated_v4 updates 1110/6250 episodes, total num timesteps 3555200/20000000, FPS 2883.

average episode rewards is -118.71111392974854

 Scenario simple_spread Algo ua_rep_mappo Exp b2_calibrated_v4 updates 1115/6250 episodes, total num timesteps 3571200/20000000, FPS 2882.

average episode rewards is -117.88601875305176

 Scenario simple_spread Algo ua_rep_mappo Exp b2_calibrated_v4 updates 1120/6250 episodes, total num timesteps 3587200/20000000, FPS 2882.

average episode rewards is -120.30332088470459

 Scenario simple_spread Algo ua_rep_mappo Exp b2_calibrated_v4 updates 1125/6250 episodes, total num timesteps 3603200/20000000, FPS 2882.

average episode rewards is -120.53124904632568

 Scenario simple_spread Algo ua_rep_mappo Exp b2_calibrated_v4 updates 1130/6250 episodes, total num timesteps 3619200/20000000, FPS 2882.

average episode rewards is -118.32696199417114

 Scenario simple_spread Algo ua_rep_mappo Exp b2_calibrated_v4 updates 1135/6250 episodes, total num timesteps 3635200/20000000, FPS 2882.

average episode rewards is -119.98611688613892

 Scenario simple_spread Algo ua_rep_mappo Exp b2_calibrated_v4 updates 1140/6250 episodes, total num timesteps 3651200/20000000, FPS 2882.

average episode rewards is -121.23178243637085

 Scenario simple_spread Algo ua_rep_mappo Exp b2_calibrated_v4 updates 1145/6250 episodes, total num timesteps 3667200/20000000, FPS 2882.

average episode rewards is -120.58655023574829

 Scenario simple_spread Algo ua_rep_mappo Exp b2_calibrated_v4 updates 1150/6250 episodes, total num timesteps 3683200/20000000, FPS 2882.

average episode rewards is -122.43905067443848

 Scenario simple_spread Algo ua_rep_mappo Exp b2_calibrated_v4 updates 1155/6250 episodes, total num timesteps 3699200/20000000, FPS 2882.

average episode rewards is -124.20603036880493

 Scenario simple_spread Algo ua_rep_mappo Exp b2_calibrated_v4 updates 1160/6250 episodes, total num timesteps 3715200/20000000, FPS 2882.

average episode rewards is -122.39596843719482

 Scenario simple_spread Algo ua_rep_mappo Exp b2_calibrated_v4 updates 1165/6250 episodes, total num timesteps 3731200/20000000, FPS 2881.

average episode rewards is -122.55340814590454

 Scenario simple_spread Algo ua_rep_mappo Exp b2_calibrated_v4 updates 1170/6250 episodes, total num timesteps 3747200/20000000, FPS 2881.

average episode rewards is -121.7038631439209

 Scenario simple_spread Algo ua_rep_mappo Exp b2_calibrated_v4 updates 1175/6250 episodes, total num timesteps 3763200/20000000, FPS 2882.

average episode rewards is -121.93424701690674

 Scenario simple_spread Algo ua_rep_mappo Exp b2_calibrated_v4 updates 1180/6250 episodes, total num timesteps 3779200/20000000, FPS 2882.

average episode rewards is -120.1113224029541

 Scenario simple_spread Algo ua_rep_mappo Exp b2_calibrated_v4 updates 1185/6250 episodes, total num timesteps 3795200/20000000, FPS 2883.

average episode rewards is -122.71695137023926

 Scenario simple_spread Algo ua_rep_mappo Exp b2_calibrated_v4 updates 1190/6250 episodes, total num timesteps 3811200/20000000, FPS 2882.

average episode rewards is -119.86860036849976

 Scenario simple_spread Algo ua_rep_mappo Exp b2_calibrated_v4 updates 1195/6250 episodes, total num timesteps 3827200/20000000, FPS 2882.

average episode rewards is -121.8671441078186

 Scenario simple_spread Algo ua_rep_mappo Exp b2_calibrated_v4 updates 1200/6250 episodes, total num timesteps 3843200/20000000, FPS 2882.

average episode rewards is -120.54520845413208

 Scenario simple_spread Algo ua_rep_mappo Exp b2_calibrated_v4 updates 1205/6250 episodes, total num timesteps 3859200/20000000, FPS 2881.

average episode rewards is -121.11431360244751

 Scenario simple_spread Algo ua_rep_mappo Exp b2_calibrated_v4 updates 1210/6250 episodes, total num timesteps 3875200/20000000, FPS 2878.

average episode rewards is -122.98250198364258

 Scenario simple_spread Algo ua_rep_mappo Exp b2_calibrated_v4 updates 1215/6250 episodes, total num timesteps 3891200/20000000, FPS 2878.

average episode rewards is -119.0028429031372

 Scenario simple_spread Algo ua_rep_mappo Exp b2_calibrated_v4 updates 1220/6250 episodes, total num timesteps 3907200/20000000, FPS 2875.

average episode rewards is -122.08380699157715

 Scenario simple_spread Algo ua_rep_mappo Exp b2_calibrated_v4 updates 1225/6250 episodes, total num timesteps 3923200/20000000, FPS 2874.

average episode rewards is -118.64495277404785

 Scenario simple_spread Algo ua_rep_mappo Exp b2_calibrated_v4 updates 1230/6250 episodes, total num timesteps 3939200/20000000, FPS 2874.

average episode rewards is -119.31043863296509

 Scenario simple_spread Algo ua_rep_mappo Exp b2_calibrated_v4 updates 1235/6250 episodes, total num timesteps 3955200/20000000, FPS 2873.

average episode rewards is -120.61411142349243

 Scenario simple_spread Algo ua_rep_mappo Exp b2_calibrated_v4 updates 1240/6250 episodes, total num timesteps 3971200/20000000, FPS 2873.

average episode rewards is -120.92843055725098

 Scenario simple_spread Algo ua_rep_mappo Exp b2_calibrated_v4 updates 1245/6250 episodes, total num timesteps 3987200/20000000, FPS 2873.

average episode rewards is -122.52414226531982

 Scenario simple_spread Algo ua_rep_mappo Exp b2_calibrated_v4 updates 1250/6250 episodes, total num timesteps 4003200/20000000, FPS 2874.

average episode rewards is -118.25460195541382

 Scenario simple_spread Algo ua_rep_mappo Exp b2_calibrated_v4 updates 1255/6250 episodes, total num timesteps 4019200/20000000, FPS 2875.

average episode rewards is -120.67731618881226

 Scenario simple_spread Algo ua_rep_mappo Exp b2_calibrated_v4 updates 1260/6250 episodes, total num timesteps 4035200/20000000, FPS 2875.

average episode rewards is -121.00298404693604

 Scenario simple_spread Algo ua_rep_mappo Exp b2_calibrated_v4 updates 1265/6250 episodes, total num timesteps 4051200/20000000, FPS 2875.

average episode rewards is -116.88851118087769

 Scenario simple_spread Algo ua_rep_mappo Exp b2_calibrated_v4 updates 1270/6250 episodes, total num timesteps 4067200/20000000, FPS 2875.

average episode rewards is -121.35435342788696

 Scenario simple_spread Algo ua_rep_mappo Exp b2_calibrated_v4 updates 1275/6250 episodes, total num timesteps 4083200/20000000, FPS 2875.

average episode rewards is -119.9738621711731

 Scenario simple_spread Algo ua_rep_mappo Exp b2_calibrated_v4 updates 1280/6250 episodes, total num timesteps 4099200/20000000, FPS 2876.

average episode rewards is -120.5464243888855

 Scenario simple_spread Algo ua_rep_mappo Exp b2_calibrated_v4 updates 1285/6250 episodes, total num timesteps 4115200/20000000, FPS 2876.

average episode rewards is -118.46874952316284

 Scenario simple_spread Algo ua_rep_mappo Exp b2_calibrated_v4 updates 1290/6250 episodes, total num timesteps 4131200/20000000, FPS 2877.

average episode rewards is -120.35983800888062

 Scenario simple_spread Algo ua_rep_mappo Exp b2_calibrated_v4 updates 1295/6250 episodes, total num timesteps 4147200/20000000, FPS 2876.

average episode rewards is -120.01609802246094

 Scenario simple_spread Algo ua_rep_mappo Exp b2_calibrated_v4 updates 1300/6250 episodes, total num timesteps 4163200/20000000, FPS 2876.

average episode rewards is -118.62516403198242

 Scenario simple_spread Algo ua_rep_mappo Exp b2_calibrated_v4 updates 1305/6250 episodes, total num timesteps 4179200/20000000, FPS 2876.

average episode rewards is -119.63503360748291

 Scenario simple_spread Algo ua_rep_mappo Exp b2_calibrated_v4 updates 1310/6250 episodes, total num timesteps 4195200/20000000, FPS 2875.

average episode rewards is -123.3088731765747

 Scenario simple_spread Algo ua_rep_mappo Exp b2_calibrated_v4 updates 1315/6250 episodes, total num timesteps 4211200/20000000, FPS 2876.

average episode rewards is -117.27874279022217

 Scenario simple_spread Algo ua_rep_mappo Exp b2_calibrated_v4 updates 1320/6250 episodes, total num timesteps 4227200/20000000, FPS 2876.

average episode rewards is -118.22547912597656

 Scenario simple_spread Algo ua_rep_mappo Exp b2_calibrated_v4 updates 1325/6250 episodes, total num timesteps 4243200/20000000, FPS 2876.

average episode rewards is -119.36055421829224

 Scenario simple_spread Algo ua_rep_mappo Exp b2_calibrated_v4 updates 1330/6250 episodes, total num timesteps 4259200/20000000, FPS 2875.

average episode rewards is -119.15359497070312

 Scenario simple_spread Algo ua_rep_mappo Exp b2_calibrated_v4 updates 1335/6250 episodes, total num timesteps 4275200/20000000, FPS 2876.

average episode rewards is -120.80057859420776

 Scenario simple_spread Algo ua_rep_mappo Exp b2_calibrated_v4 updates 1340/6250 episodes, total num timesteps 4291200/20000000, FPS 2876.

average episode rewards is -119.98716592788696

 Scenario simple_spread Algo ua_rep_mappo Exp b2_calibrated_v4 updates 1345/6250 episodes, total num timesteps 4307200/20000000, FPS 2876.

average episode rewards is -118.60237121582031

 Scenario simple_spread Algo ua_rep_mappo Exp b2_calibrated_v4 updates 1350/6250 episodes, total num timesteps 4323200/20000000, FPS 2876.

average episode rewards is -120.32285928726196

 Scenario simple_spread Algo ua_rep_mappo Exp b2_calibrated_v4 updates 1355/6250 episodes, total num timesteps 4339200/20000000, FPS 2876.

average episode rewards is -120.95978260040283

 Scenario simple_spread Algo ua_rep_mappo Exp b2_calibrated_v4 updates 1360/6250 episodes, total num timesteps 4355200/20000000, FPS 2877.

average episode rewards is -121.11425399780273

 Scenario simple_spread Algo ua_rep_mappo Exp b2_calibrated_v4 updates 1365/6250 episodes, total num timesteps 4371200/20000000, FPS 2877.

average episode rewards is -122.12096452713013

 Scenario simple_spread Algo ua_rep_mappo Exp b2_calibrated_v4 updates 1370/6250 episodes, total num timesteps 4387200/20000000, FPS 2877.

average episode rewards is -117.98869371414185

 Scenario simple_spread Algo ua_rep_mappo Exp b2_calibrated_v4 updates 1375/6250 episodes, total num timesteps 4403200/20000000, FPS 2877.

average episode rewards is -119.47516202926636

 Scenario simple_spread Algo ua_rep_mappo Exp b2_calibrated_v4 updates 1380/6250 episodes, total num timesteps 4419200/20000000, FPS 2877.

average episode rewards is -119.59149837493896

 Scenario simple_spread Algo ua_rep_mappo Exp b2_calibrated_v4 updates 1385/6250 episodes, total num timesteps 4435200/20000000, FPS 2876.

average episode rewards is -120.89146375656128

 Scenario simple_spread Algo ua_rep_mappo Exp b2_calibrated_v4 updates 1390/6250 episodes, total num timesteps 4451200/20000000, FPS 2876.

average episode rewards is -120.29857635498047

 Scenario simple_spread Algo ua_rep_mappo Exp b2_calibrated_v4 updates 1395/6250 episodes, total num timesteps 4467200/20000000, FPS 2876.

average episode rewards is -121.42362594604492

 Scenario simple_spread Algo ua_rep_mappo Exp b2_calibrated_v4 updates 1400/6250 episodes, total num timesteps 4483200/20000000, FPS 2876.

average episode rewards is -119.62690353393555

 Scenario simple_spread Algo ua_rep_mappo Exp b2_calibrated_v4 updates 1405/6250 episodes, total num timesteps 4499200/20000000, FPS 2876.

average episode rewards is -119.8028564453125

 Scenario simple_spread Algo ua_rep_mappo Exp b2_calibrated_v4 updates 1410/6250 episodes, total num timesteps 4515200/20000000, FPS 2876.

average episode rewards is -117.79413223266602

 Scenario simple_spread Algo ua_rep_mappo Exp b2_calibrated_v4 updates 1415/6250 episodes, total num timesteps 4531200/20000000, FPS 2876.

average episode rewards is -118.09688806533813

 Scenario simple_spread Algo ua_rep_mappo Exp b2_calibrated_v4 updates 1420/6250 episodes, total num timesteps 4547200/20000000, FPS 2877.

average episode rewards is -116.71220064163208

 Scenario simple_spread Algo ua_rep_mappo Exp b2_calibrated_v4 updates 1425/6250 episodes, total num timesteps 4563200/20000000, FPS 2877.

average episode rewards is -119.43478584289551

 Scenario simple_spread Algo ua_rep_mappo Exp b2_calibrated_v4 updates 1430/6250 episodes, total num timesteps 4579200/20000000, FPS 2877.

average episode rewards is -119.34117078781128

 Scenario simple_spread Algo ua_rep_mappo Exp b2_calibrated_v4 updates 1435/6250 episodes, total num timesteps 4595200/20000000, FPS 2877.

average episode rewards is -119.58186626434326

 Scenario simple_spread Algo ua_rep_mappo Exp b2_calibrated_v4 updates 1440/6250 episodes, total num timesteps 4611200/20000000, FPS 2878.

average episode rewards is -118.8418984413147

 Scenario simple_spread Algo ua_rep_mappo Exp b2_calibrated_v4 updates 1445/6250 episodes, total num timesteps 4627200/20000000, FPS 2878.

average episode rewards is -119.7476863861084

 Scenario simple_spread Algo ua_rep_mappo Exp b2_calibrated_v4 updates 1450/6250 episodes, total num timesteps 4643200/20000000, FPS 2879.

average episode rewards is -119.85055208206177

 Scenario simple_spread Algo ua_rep_mappo Exp b2_calibrated_v4 updates 1455/6250 episodes, total num timesteps 4659200/20000000, FPS 2880.

average episode rewards is -119.73822116851807

 Scenario simple_spread Algo ua_rep_mappo Exp b2_calibrated_v4 updates 1460/6250 episodes, total num timesteps 4675200/20000000, FPS 2880.

average episode rewards is -119.81692314147949

 Scenario simple_spread Algo ua_rep_mappo Exp b2_calibrated_v4 updates 1465/6250 episodes, total num timesteps 4691200/20000000, FPS 2880.

average episode rewards is -119.0111756324768

 Scenario simple_spread Algo ua_rep_mappo Exp b2_calibrated_v4 updates 1470/6250 episodes, total num timesteps 4707200/20000000, FPS 2880.

average episode rewards is -120.8416223526001

 Scenario simple_spread Algo ua_rep_mappo Exp b2_calibrated_v4 updates 1475/6250 episodes, total num timesteps 4723200/20000000, FPS 2880.

average episode rewards is -118.98922920227051

 Scenario simple_spread Algo ua_rep_mappo Exp b2_calibrated_v4 updates 1480/6250 episodes, total num timesteps 4739200/20000000, FPS 2880.

average episode rewards is -119.43501234054565

 Scenario simple_spread Algo ua_rep_mappo Exp b2_calibrated_v4 updates 1485/6250 episodes, total num timesteps 4755200/20000000, FPS 2880.

average episode rewards is -118.04578304290771

 Scenario simple_spread Algo ua_rep_mappo Exp b2_calibrated_v4 updates 1490/6250 episodes, total num timesteps 4771200/20000000, FPS 2881.

average episode rewards is -119.02501583099365

 Scenario simple_spread Algo ua_rep_mappo Exp b2_calibrated_v4 updates 1495/6250 episodes, total num timesteps 4787200/20000000, FPS 2880.

average episode rewards is -119.19362545013428

 Scenario simple_spread Algo ua_rep_mappo Exp b2_calibrated_v4 updates 1500/6250 episodes, total num timesteps 4803200/20000000, FPS 2881.

average episode rewards is -119.34224367141724

 Scenario simple_spread Algo ua_rep_mappo Exp b2_calibrated_v4 updates 1505/6250 episodes, total num timesteps 4819200/20000000, FPS 2881.

average episode rewards is -121.8506932258606

 Scenario simple_spread Algo ua_rep_mappo Exp b2_calibrated_v4 updates 1510/6250 episodes, total num timesteps 4835200/20000000, FPS 2881.

average episode rewards is -118.5321569442749

 Scenario simple_spread Algo ua_rep_mappo Exp b2_calibrated_v4 updates 1515/6250 episodes, total num timesteps 4851200/20000000, FPS 2881.

average episode rewards is -119.9296236038208

 Scenario simple_spread Algo ua_rep_mappo Exp b2_calibrated_v4 updates 1520/6250 episodes, total num timesteps 4867200/20000000, FPS 2881.

average episode rewards is -119.56460475921631

 Scenario simple_spread Algo ua_rep_mappo Exp b2_calibrated_v4 updates 1525/6250 episodes, total num timesteps 4883200/20000000, FPS 2882.

average episode rewards is -118.87257099151611

 Scenario simple_spread Algo ua_rep_mappo Exp b2_calibrated_v4 updates 1530/6250 episodes, total num timesteps 4899200/20000000, FPS 2882.

average episode rewards is -118.14565658569336

 Scenario simple_spread Algo ua_rep_mappo Exp b2_calibrated_v4 updates 1535/6250 episodes, total num timesteps 4915200/20000000, FPS 2882.

average episode rewards is -117.32776165008545

 Scenario simple_spread Algo ua_rep_mappo Exp b2_calibrated_v4 updates 1540/6250 episodes, total num timesteps 4931200/20000000, FPS 2883.

average episode rewards is -119.01692152023315

 Scenario simple_spread Algo ua_rep_mappo Exp b2_calibrated_v4 updates 1545/6250 episodes, total num timesteps 4947200/20000000, FPS 2883.

average episode rewards is -118.39284896850586

 Scenario simple_spread Algo ua_rep_mappo Exp b2_calibrated_v4 updates 1550/6250 episodes, total num timesteps 4963200/20000000, FPS 2883.

average episode rewards is -118.74600648880005

 Scenario simple_spread Algo ua_rep_mappo Exp b2_calibrated_v4 updates 1555/6250 episodes, total num timesteps 4979200/20000000, FPS 2883.

average episode rewards is -116.75280332565308

 Scenario simple_spread Algo ua_rep_mappo Exp b2_calibrated_v4 updates 1560/6250 episodes, total num timesteps 4995200/20000000, FPS 2883.

average episode rewards is -118.72172355651855

 Scenario simple_spread Algo ua_rep_mappo Exp b2_calibrated_v4 updates 1565/6250 episodes, total num timesteps 5011200/20000000, FPS 2884.

average episode rewards is -117.15797185897827

 Scenario simple_spread Algo ua_rep_mappo Exp b2_calibrated_v4 updates 1570/6250 episodes, total num timesteps 5027200/20000000, FPS 2884.

average episode rewards is -119.51005458831787

 Scenario simple_spread Algo ua_rep_mappo Exp b2_calibrated_v4 updates 1575/6250 episodes, total num timesteps 5043200/20000000, FPS 2884.

average episode rewards is -120.78264951705933

 Scenario simple_spread Algo ua_rep_mappo Exp b2_calibrated_v4 updates 1580/6250 episodes, total num timesteps 5059200/20000000, FPS 2885.

average episode rewards is -118.42056512832642

 Scenario simple_spread Algo ua_rep_mappo Exp b2_calibrated_v4 updates 1585/6250 episodes, total num timesteps 5075200/20000000, FPS 2885.

average episode rewards is -119.00860071182251

 Scenario simple_spread Algo ua_rep_mappo Exp b2_calibrated_v4 updates 1590/6250 episodes, total num timesteps 5091200/20000000, FPS 2885.

average episode rewards is -118.4821367263794

 Scenario simple_spread Algo ua_rep_mappo Exp b2_calibrated_v4 updates 1595/6250 episodes, total num timesteps 5107200/20000000, FPS 2885.

average episode rewards is -117.91229248046875

 Scenario simple_spread Algo ua_rep_mappo Exp b2_calibrated_v4 updates 1600/6250 episodes, total num timesteps 5123200/20000000, FPS 2885.

average episode rewards is -120.65179347991943

 Scenario simple_spread Algo ua_rep_mappo Exp b2_calibrated_v4 updates 1605/6250 episodes, total num timesteps 5139200/20000000, FPS 2885.

average episode rewards is -118.83199214935303

 Scenario simple_spread Algo ua_rep_mappo Exp b2_calibrated_v4 updates 1610/6250 episodes, total num timesteps 5155200/20000000, FPS 2885.

average episode rewards is -118.18791627883911

 Scenario simple_spread Algo ua_rep_mappo Exp b2_calibrated_v4 updates 1615/6250 episodes, total num timesteps 5171200/20000000, FPS 2885.

average episode rewards is -120.52010297775269

 Scenario simple_spread Algo ua_rep_mappo Exp b2_calibrated_v4 updates 1620/6250 episodes, total num timesteps 5187200/20000000, FPS 2886.

average episode rewards is -120.2722430229187

 Scenario simple_spread Algo ua_rep_mappo Exp b2_calibrated_v4 updates 1625/6250 episodes, total num timesteps 5203200/20000000, FPS 2886.

average episode rewards is -119.42812204360962

 Scenario simple_spread Algo ua_rep_mappo Exp b2_calibrated_v4 updates 1630/6250 episodes, total num timesteps 5219200/20000000, FPS 2886.

average episode rewards is -119.06559467315674

 Scenario simple_spread Algo ua_rep_mappo Exp b2_calibrated_v4 updates 1635/6250 episodes, total num timesteps 5235200/20000000, FPS 2886.

average episode rewards is -118.50638389587402

 Scenario simple_spread Algo ua_rep_mappo Exp b2_calibrated_v4 updates 1640/6250 episodes, total num timesteps 5251200/20000000, FPS 2885.

average episode rewards is -116.5889024734497

 Scenario simple_spread Algo ua_rep_mappo Exp b2_calibrated_v4 updates 1645/6250 episodes, total num timesteps 5267200/20000000, FPS 2885.

average episode rewards is -116.95377826690674

 Scenario simple_spread Algo ua_rep_mappo Exp b2_calibrated_v4 updates 1650/6250 episodes, total num timesteps 5283200/20000000, FPS 2885.

average episode rewards is -118.06020736694336

 Scenario simple_spread Algo ua_rep_mappo Exp b2_calibrated_v4 updates 1655/6250 episodes, total num timesteps 5299200/20000000, FPS 2885.

average episode rewards is -118.54597330093384

 Scenario simple_spread Algo ua_rep_mappo Exp b2_calibrated_v4 updates 1660/6250 episodes, total num timesteps 5315200/20000000, FPS 2885.

average episode rewards is -119.35310363769531

 Scenario simple_spread Algo ua_rep_mappo Exp b2_calibrated_v4 updates 1665/6250 episodes, total num timesteps 5331200/20000000, FPS 2885.

average episode rewards is -117.51235723495483

 Scenario simple_spread Algo ua_rep_mappo Exp b2_calibrated_v4 updates 1670/6250 episodes, total num timesteps 5347200/20000000, FPS 2885.

average episode rewards is -121.72757387161255

 Scenario simple_spread Algo ua_rep_mappo Exp b2_calibrated_v4 updates 1675/6250 episodes, total num timesteps 5363200/20000000, FPS 2885.

average episode rewards is -118.4401273727417

 Scenario simple_spread Algo ua_rep_mappo Exp b2_calibrated_v4 updates 1680/6250 episodes, total num timesteps 5379200/20000000, FPS 2884.

average episode rewards is -117.03845262527466

 Scenario simple_spread Algo ua_rep_mappo Exp b2_calibrated_v4 updates 1685/6250 episodes, total num timesteps 5395200/20000000, FPS 2884.

average episode rewards is -118.02757978439331

 Scenario simple_spread Algo ua_rep_mappo Exp b2_calibrated_v4 updates 1690/6250 episodes, total num timesteps 5411200/20000000, FPS 2885.

average episode rewards is -118.49919557571411

 Scenario simple_spread Algo ua_rep_mappo Exp b2_calibrated_v4 updates 1695/6250 episodes, total num timesteps 5427200/20000000, FPS 2884.

average episode rewards is -118.89456510543823

 Scenario simple_spread Algo ua_rep_mappo Exp b2_calibrated_v4 updates 1700/6250 episodes, total num timesteps 5443200/20000000, FPS 2884.

average episode rewards is -120.45644521713257

 Scenario simple_spread Algo ua_rep_mappo Exp b2_calibrated_v4 updates 1705/6250 episodes, total num timesteps 5459200/20000000, FPS 2883.

average episode rewards is -121.29992246627808

 Scenario simple_spread Algo ua_rep_mappo Exp b2_calibrated_v4 updates 1710/6250 episodes, total num timesteps 5475200/20000000, FPS 2884.

average episode rewards is -117.19255447387695

 Scenario simple_spread Algo ua_rep_mappo Exp b2_calibrated_v4 updates 1715/6250 episodes, total num timesteps 5491200/20000000, FPS 2884.

average episode rewards is -118.38710308074951

 Scenario simple_spread Algo ua_rep_mappo Exp b2_calibrated_v4 updates 1720/6250 episodes, total num timesteps 5507200/20000000, FPS 2884.

average episode rewards is -118.91738176345825

 Scenario simple_spread Algo ua_rep_mappo Exp b2_calibrated_v4 updates 1725/6250 episodes, total num timesteps 5523200/20000000, FPS 2884.

average episode rewards is -116.40524864196777

 Scenario simple_spread Algo ua_rep_mappo Exp b2_calibrated_v4 updates 1730/6250 episodes, total num timesteps 5539200/20000000, FPS 2885.

average episode rewards is -116.98840856552124

 Scenario simple_spread Algo ua_rep_mappo Exp b2_calibrated_v4 updates 1735/6250 episodes, total num timesteps 5555200/20000000, FPS 2885.

average episode rewards is -119.26106214523315

 Scenario simple_spread Algo ua_rep_mappo Exp b2_calibrated_v4 updates 1740/6250 episodes, total num timesteps 5571200/20000000, FPS 2885.

average episode rewards is -116.42500162124634

 Scenario simple_spread Algo ua_rep_mappo Exp b2_calibrated_v4 updates 1745/6250 episodes, total num timesteps 5587200/20000000, FPS 2885.

average episode rewards is -119.31699514389038

 Scenario simple_spread Algo ua_rep_mappo Exp b2_calibrated_v4 updates 1750/6250 episodes, total num timesteps 5603200/20000000, FPS 2885.

average episode rewards is -120.37564516067505

 Scenario simple_spread Algo ua_rep_mappo Exp b2_calibrated_v4 updates 1755/6250 episodes, total num timesteps 5619200/20000000, FPS 2885.

average episode rewards is -119.8643445968628

 Scenario simple_spread Algo ua_rep_mappo Exp b2_calibrated_v4 updates 1760/6250 episodes, total num timesteps 5635200/20000000, FPS 2884.

average episode rewards is -122.1773624420166

 Scenario simple_spread Algo ua_rep_mappo Exp b2_calibrated_v4 updates 1765/6250 episodes, total num timesteps 5651200/20000000, FPS 2883.

average episode rewards is -118.14745664596558

 Scenario simple_spread Algo ua_rep_mappo Exp b2_calibrated_v4 updates 1770/6250 episodes, total num timesteps 5667200/20000000, FPS 2882.

average episode rewards is -120.48218250274658

 Scenario simple_spread Algo ua_rep_mappo Exp b2_calibrated_v4 updates 1775/6250 episodes, total num timesteps 5683200/20000000, FPS 2882.

average episode rewards is -117.1262264251709

 Scenario simple_spread Algo ua_rep_mappo Exp b2_calibrated_v4 updates 1780/6250 episodes, total num timesteps 5699200/20000000, FPS 2882.

average episode rewards is -115.54455757141113

 Scenario simple_spread Algo ua_rep_mappo Exp b2_calibrated_v4 updates 1785/6250 episodes, total num timesteps 5715200/20000000, FPS 2882.

average episode rewards is -121.54154777526855

 Scenario simple_spread Algo ua_rep_mappo Exp b2_calibrated_v4 updates 1790/6250 episodes, total num timesteps 5731200/20000000, FPS 2882.

average episode rewards is -118.46749782562256

 Scenario simple_spread Algo ua_rep_mappo Exp b2_calibrated_v4 updates 1795/6250 episodes, total num timesteps 5747200/20000000, FPS 2882.

average episode rewards is -118.24625730514526

 Scenario simple_spread Algo ua_rep_mappo Exp b2_calibrated_v4 updates 1800/6250 episodes, total num timesteps 5763200/20000000, FPS 2882.

average episode rewards is -115.00728130340576

 Scenario simple_spread Algo ua_rep_mappo Exp b2_calibrated_v4 updates 1805/6250 episodes, total num timesteps 5779200/20000000, FPS 2882.

average episode rewards is -116.07983112335205

 Scenario simple_spread Algo ua_rep_mappo Exp b2_calibrated_v4 updates 1810/6250 episodes, total num timesteps 5795200/20000000, FPS 2882.

average episode rewards is -120.01953125

 Scenario simple_spread Algo ua_rep_mappo Exp b2_calibrated_v4 updates 1815/6250 episodes, total num timesteps 5811200/20000000, FPS 2883.

average episode rewards is -115.31915664672852

 Scenario simple_spread Algo ua_rep_mappo Exp b2_calibrated_v4 updates 1820/6250 episodes, total num timesteps 5827200/20000000, FPS 2883.

average episode rewards is -117.8628921508789

 Scenario simple_spread Algo ua_rep_mappo Exp b2_calibrated_v4 updates 1825/6250 episodes, total num timesteps 5843200/20000000, FPS 2883.

average episode rewards is -120.99003791809082

 Scenario simple_spread Algo ua_rep_mappo Exp b2_calibrated_v4 updates 1830/6250 episodes, total num timesteps 5859200/20000000, FPS 2883.

average episode rewards is -119.00992393493652

 Scenario simple_spread Algo ua_rep_mappo Exp b2_calibrated_v4 updates 1835/6250 episodes, total num timesteps 5875200/20000000, FPS 2883.

average episode rewards is -119.06447410583496

 Scenario simple_spread Algo ua_rep_mappo Exp b2_calibrated_v4 updates 1840/6250 episodes, total num timesteps 5891200/20000000, FPS 2882.

average episode rewards is -118.82942914962769

 Scenario simple_spread Algo ua_rep_mappo Exp b2_calibrated_v4 updates 1845/6250 episodes, total num timesteps 5907200/20000000, FPS 2882.

average episode rewards is -120.02739906311035

 Scenario simple_spread Algo ua_rep_mappo Exp b2_calibrated_v4 updates 1850/6250 episodes, total num timesteps 5923200/20000000, FPS 2882.

average episode rewards is -121.18086814880371

 Scenario simple_spread Algo ua_rep_mappo Exp b2_calibrated_v4 updates 1855/6250 episodes, total num timesteps 5939200/20000000, FPS 2882.

average episode rewards is -118.62428188323975

 Scenario simple_spread Algo ua_rep_mappo Exp b2_calibrated_v4 updates 1860/6250 episodes, total num timesteps 5955200/20000000, FPS 2882.

average episode rewards is -116.72006845474243

 Scenario simple_spread Algo ua_rep_mappo Exp b2_calibrated_v4 updates 1865/6250 episodes, total num timesteps 5971200/20000000, FPS 2882.

average episode rewards is -117.90844202041626

 Scenario simple_spread Algo ua_rep_mappo Exp b2_calibrated_v4 updates 1870/6250 episodes, total num timesteps 5987200/20000000, FPS 2882.

average episode rewards is -118.37034225463867

 Scenario simple_spread Algo ua_rep_mappo Exp b2_calibrated_v4 updates 1875/6250 episodes, total num timesteps 6003200/20000000, FPS 2882.

average episode rewards is -119.66534852981567

 Scenario simple_spread Algo ua_rep_mappo Exp b2_calibrated_v4 updates 1880/6250 episodes, total num timesteps 6019200/20000000, FPS 2882.

average episode rewards is -118.02175045013428

 Scenario simple_spread Algo ua_rep_mappo Exp b2_calibrated_v4 updates 1885/6250 episodes, total num timesteps 6035200/20000000, FPS 2883.

average episode rewards is -118.09852123260498

 Scenario simple_spread Algo ua_rep_mappo Exp b2_calibrated_v4 updates 1890/6250 episodes, total num timesteps 6051200/20000000, FPS 2883.

average episode rewards is -118.34499835968018

 Scenario simple_spread Algo ua_rep_mappo Exp b2_calibrated_v4 updates 1895/6250 episodes, total num timesteps 6067200/20000000, FPS 2883.

average episode rewards is -114.40531015396118

 Scenario simple_spread Algo ua_rep_mappo Exp b2_calibrated_v4 updates 1900/6250 episodes, total num timesteps 6083200/20000000, FPS 2883.

average episode rewards is -118.13892126083374

 Scenario simple_spread Algo ua_rep_mappo Exp b2_calibrated_v4 updates 1905/6250 episodes, total num timesteps 6099200/20000000, FPS 2883.

average episode rewards is -117.48604774475098

 Scenario simple_spread Algo ua_rep_mappo Exp b2_calibrated_v4 updates 1910/6250 episodes, total num timesteps 6115200/20000000, FPS 2883.

average episode rewards is -117.97033548355103

 Scenario simple_spread Algo ua_rep_mappo Exp b2_calibrated_v4 updates 1915/6250 episodes, total num timesteps 6131200/20000000, FPS 2883.

average episode rewards is -118.05511713027954

 Scenario simple_spread Algo ua_rep_mappo Exp b2_calibrated_v4 updates 1920/6250 episodes, total num timesteps 6147200/20000000, FPS 2882.

average episode rewards is -116.74857139587402

 Scenario simple_spread Algo ua_rep_mappo Exp b2_calibrated_v4 updates 1925/6250 episodes, total num timesteps 6163200/20000000, FPS 2882.

average episode rewards is -119.42949295043945

 Scenario simple_spread Algo ua_rep_mappo Exp b2_calibrated_v4 updates 1930/6250 episodes, total num timesteps 6179200/20000000, FPS 2882.

average episode rewards is -116.56252145767212

 Scenario simple_spread Algo ua_rep_mappo Exp b2_calibrated_v4 updates 1935/6250 episodes, total num timesteps 6195200/20000000, FPS 2882.

average episode rewards is -118.83422136306763

 Scenario simple_spread Algo ua_rep_mappo Exp b2_calibrated_v4 updates 1940/6250 episodes, total num timesteps 6211200/20000000, FPS 2882.

average episode rewards is -116.09598398208618

 Scenario simple_spread Algo ua_rep_mappo Exp b2_calibrated_v4 updates 1945/6250 episodes, total num timesteps 6227200/20000000, FPS 2882.

average episode rewards is -115.9009575843811

 Scenario simple_spread Algo ua_rep_mappo Exp b2_calibrated_v4 updates 1950/6250 episodes, total num timesteps 6243200/20000000, FPS 2883.

average episode rewards is -116.5058970451355

 Scenario simple_spread Algo ua_rep_mappo Exp b2_calibrated_v4 updates 1955/6250 episodes, total num timesteps 6259200/20000000, FPS 2883.

average episode rewards is -118.24188232421875

 Scenario simple_spread Algo ua_rep_mappo Exp b2_calibrated_v4 updates 1960/6250 episodes, total num timesteps 6275200/20000000, FPS 2882.

average episode rewards is -115.8037543296814

 Scenario simple_spread Algo ua_rep_mappo Exp b2_calibrated_v4 updates 1965/6250 episodes, total num timesteps 6291200/20000000, FPS 2882.

average episode rewards is -116.65396690368652

 Scenario simple_spread Algo ua_rep_mappo Exp b2_calibrated_v4 updates 1970/6250 episodes, total num timesteps 6307200/20000000, FPS 2882.

average episode rewards is -118.07190179824829

 Scenario simple_spread Algo ua_rep_mappo Exp b2_calibrated_v4 updates 1975/6250 episodes, total num timesteps 6323200/20000000, FPS 2882.

average episode rewards is -116.12542867660522

 Scenario simple_spread Algo ua_rep_mappo Exp b2_calibrated_v4 updates 1980/6250 episodes, total num timesteps 6339200/20000000, FPS 2882.

average episode rewards is -116.96105003356934

 Scenario simple_spread Algo ua_rep_mappo Exp b2_calibrated_v4 updates 1985/6250 episodes, total num timesteps 6355200/20000000, FPS 2882.

average episode rewards is -117.88157224655151

 Scenario simple_spread Algo ua_rep_mappo Exp b2_calibrated_v4 updates 1990/6250 episodes, total num timesteps 6371200/20000000, FPS 2882.

average episode rewards is -116.90325736999512

 Scenario simple_spread Algo ua_rep_mappo Exp b2_calibrated_v4 updates 1995/6250 episodes, total num timesteps 6387200/20000000, FPS 2882.

average episode rewards is -120.8283543586731

 Scenario simple_spread Algo ua_rep_mappo Exp b2_calibrated_v4 updates 2000/6250 episodes, total num timesteps 6403200/20000000, FPS 2882.

average episode rewards is -115.86921215057373

 Scenario simple_spread Algo ua_rep_mappo Exp b2_calibrated_v4 updates 2005/6250 episodes, total num timesteps 6419200/20000000, FPS 2882.

average episode rewards is -118.06092262268066

 Scenario simple_spread Algo ua_rep_mappo Exp b2_calibrated_v4 updates 2010/6250 episodes, total num timesteps 6435200/20000000, FPS 2881.

average episode rewards is -114.42984342575073

 Scenario simple_spread Algo ua_rep_mappo Exp b2_calibrated_v4 updates 2015/6250 episodes, total num timesteps 6451200/20000000, FPS 2881.

average episode rewards is -115.71429967880249

 Scenario simple_spread Algo ua_rep_mappo Exp b2_calibrated_v4 updates 2020/6250 episodes, total num timesteps 6467200/20000000, FPS 2881.

average episode rewards is -118.85879039764404

 Scenario simple_spread Algo ua_rep_mappo Exp b2_calibrated_v4 updates 2025/6250 episodes, total num timesteps 6483200/20000000, FPS 2881.

average episode rewards is -119.13892030715942

 Scenario simple_spread Algo ua_rep_mappo Exp b2_calibrated_v4 updates 2030/6250 episodes, total num timesteps 6499200/20000000, FPS 2882.

average episode rewards is -116.84136390686035

 Scenario simple_spread Algo ua_rep_mappo Exp b2_calibrated_v4 updates 2035/6250 episodes, total num timesteps 6515200/20000000, FPS 2882.

average episode rewards is -117.91703701019287

 Scenario simple_spread Algo ua_rep_mappo Exp b2_calibrated_v4 updates 2040/6250 episodes, total num timesteps 6531200/20000000, FPS 2882.

average episode rewards is -116.07162952423096

 Scenario simple_spread Algo ua_rep_mappo Exp b2_calibrated_v4 updates 2045/6250 episodes, total num timesteps 6547200/20000000, FPS 2883.

average episode rewards is -119.77893114089966

 Scenario simple_spread Algo ua_rep_mappo Exp b2_calibrated_v4 updates 2050/6250 episodes, total num timesteps 6563200/20000000, FPS 2883.

average episode rewards is -117.27421283721924

 Scenario simple_spread Algo ua_rep_mappo Exp b2_calibrated_v4 updates 2055/6250 episodes, total num timesteps 6579200/20000000, FPS 2883.

average episode rewards is -118.27219724655151

 Scenario simple_spread Algo ua_rep_mappo Exp b2_calibrated_v4 updates 2060/6250 episodes, total num timesteps 6595200/20000000, FPS 2882.

average episode rewards is -116.83485507965088

 Scenario simple_spread Algo ua_rep_mappo Exp b2_calibrated_v4 updates 2065/6250 episodes, total num timesteps 6611200/20000000, FPS 2882.

average episode rewards is -115.07965326309204

 Scenario simple_spread Algo ua_rep_mappo Exp b2_calibrated_v4 updates 2070/6250 episodes, total num timesteps 6627200/20000000, FPS 2882.

average episode rewards is -116.66141748428345

 Scenario simple_spread Algo ua_rep_mappo Exp b2_calibrated_v4 updates 2075/6250 episodes, total num timesteps 6643200/20000000, FPS 2883.

average episode rewards is -115.7780408859253

 Scenario simple_spread Algo ua_rep_mappo Exp b2_calibrated_v4 updates 2080/6250 episodes, total num timesteps 6659200/20000000, FPS 2883.

average episode rewards is -115.28983116149902

 Scenario simple_spread Algo ua_rep_mappo Exp b2_calibrated_v4 updates 2085/6250 episodes, total num timesteps 6675200/20000000, FPS 2883.

average episode rewards is -118.90805959701538

 Scenario simple_spread Algo ua_rep_mappo Exp b2_calibrated_v4 updates 2090/6250 episodes, total num timesteps 6691200/20000000, FPS 2883.

average episode rewards is -119.18543577194214

 Scenario simple_spread Algo ua_rep_mappo Exp b2_calibrated_v4 updates 2095/6250 episodes, total num timesteps 6707200/20000000, FPS 2883.

average episode rewards is -119.21755075454712

 Scenario simple_spread Algo ua_rep_mappo Exp b2_calibrated_v4 updates 2100/6250 episodes, total num timesteps 6723200/20000000, FPS 2883.

average episode rewards is -117.23611354827881

 Scenario simple_spread Algo ua_rep_mappo Exp b2_calibrated_v4 updates 2105/6250 episodes, total num timesteps 6739200/20000000, FPS 2883.

average episode rewards is -119.25060749053955

 Scenario simple_spread Algo ua_rep_mappo Exp b2_calibrated_v4 updates 2110/6250 episodes, total num timesteps 6755200/20000000, FPS 2883.

average episode rewards is -115.15692472457886

 Scenario simple_spread Algo ua_rep_mappo Exp b2_calibrated_v4 updates 2115/6250 episodes, total num timesteps 6771200/20000000, FPS 2883.

average episode rewards is -116.56922101974487

 Scenario simple_spread Algo ua_rep_mappo Exp b2_calibrated_v4 updates 2120/6250 episodes, total num timesteps 6787200/20000000, FPS 2883.

average episode rewards is -119.6952223777771

 Scenario simple_spread Algo ua_rep_mappo Exp b2_calibrated_v4 updates 2125/6250 episodes, total num timesteps 6803200/20000000, FPS 2883.

average episode rewards is -116.93452596664429

 Scenario simple_spread Algo ua_rep_mappo Exp b2_calibrated_v4 updates 2130/6250 episodes, total num timesteps 6819200/20000000, FPS 2883.

average episode rewards is -117.7649974822998

 Scenario simple_spread Algo ua_rep_mappo Exp b2_calibrated_v4 updates 2135/6250 episodes, total num timesteps 6835200/20000000, FPS 2883.

average episode rewards is -116.76387786865234

 Scenario simple_spread Algo ua_rep_mappo Exp b2_calibrated_v4 updates 2140/6250 episodes, total num timesteps 6851200/20000000, FPS 2883.

average episode rewards is -114.37264680862427

 Scenario simple_spread Algo ua_rep_mappo Exp b2_calibrated_v4 updates 2145/6250 episodes, total num timesteps 6867200/20000000, FPS 2883.

average episode rewards is -117.58558750152588

 Scenario simple_spread Algo ua_rep_mappo Exp b2_calibrated_v4 updates 2150/6250 episodes, total num timesteps 6883200/20000000, FPS 2883.

average episode rewards is -117.09035634994507

 Scenario simple_spread Algo ua_rep_mappo Exp b2_calibrated_v4 updates 2155/6250 episodes, total num timesteps 6899200/20000000, FPS 2883.

average episode rewards is -117.17643737792969

 Scenario simple_spread Algo ua_rep_mappo Exp b2_calibrated_v4 updates 2160/6250 episodes, total num timesteps 6915200/20000000, FPS 2883.

average episode rewards is -115.9916639328003

 Scenario simple_spread Algo ua_rep_mappo Exp b2_calibrated_v4 updates 2165/6250 episodes, total num timesteps 6931200/20000000, FPS 2884.

average episode rewards is -115.64673185348511

 Scenario simple_spread Algo ua_rep_mappo Exp b2_calibrated_v4 updates 2170/6250 episodes, total num timesteps 6947200/20000000, FPS 2883.

average episode rewards is -118.09557676315308

 Scenario simple_spread Algo ua_rep_mappo Exp b2_calibrated_v4 updates 2175/6250 episodes, total num timesteps 6963200/20000000, FPS 2884.

average episode rewards is -115.53031206130981

 Scenario simple_spread Algo ua_rep_mappo Exp b2_calibrated_v4 updates 2180/6250 episodes, total num timesteps 6979200/20000000, FPS 2884.

average episode rewards is -117.30574369430542

 Scenario simple_spread Algo ua_rep_mappo Exp b2_calibrated_v4 updates 2185/6250 episodes, total num timesteps 6995200/20000000, FPS 2884.

average episode rewards is -117.88104772567749

 Scenario simple_spread Algo ua_rep_mappo Exp b2_calibrated_v4 updates 2190/6250 episodes, total num timesteps 7011200/20000000, FPS 2884.

average episode rewards is -114.94091749191284

 Scenario simple_spread Algo ua_rep_mappo Exp b2_calibrated_v4 updates 2195/6250 episodes, total num timesteps 7027200/20000000, FPS 2884.

average episode rewards is -117.03613996505737

 Scenario simple_spread Algo ua_rep_mappo Exp b2_calibrated_v4 updates 2200/6250 episodes, total num timesteps 7043200/20000000, FPS 2884.

average episode rewards is -114.72841501235962

 Scenario simple_spread Algo ua_rep_mappo Exp b2_calibrated_v4 updates 2205/6250 episodes, total num timesteps 7059200/20000000, FPS 2884.

average episode rewards is -117.35461950302124

 Scenario simple_spread Algo ua_rep_mappo Exp b2_calibrated_v4 updates 2210/6250 episodes, total num timesteps 7075200/20000000, FPS 2884.

average episode rewards is -118.03951263427734

 Scenario simple_spread Algo ua_rep_mappo Exp b2_calibrated_v4 updates 2215/6250 episodes, total num timesteps 7091200/20000000, FPS 2884.

average episode rewards is -116.25403165817261

 Scenario simple_spread Algo ua_rep_mappo Exp b2_calibrated_v4 updates 2220/6250 episodes, total num timesteps 7107200/20000000, FPS 2884.

average episode rewards is -115.08007049560547

 Scenario simple_spread Algo ua_rep_mappo Exp b2_calibrated_v4 updates 2225/6250 episodes, total num timesteps 7123200/20000000, FPS 2884.

average episode rewards is -115.80580472946167

 Scenario simple_spread Algo ua_rep_mappo Exp b2_calibrated_v4 updates 2230/6250 episodes, total num timesteps 7139200/20000000, FPS 2884.

average episode rewards is -115.49774408340454

 Scenario simple_spread Algo ua_rep_mappo Exp b2_calibrated_v4 updates 2235/6250 episodes, total num timesteps 7155200/20000000, FPS 2884.

average episode rewards is -120.44515609741211

 Scenario simple_spread Algo ua_rep_mappo Exp b2_calibrated_v4 updates 2240/6250 episodes, total num timesteps 7171200/20000000, FPS 2884.

average episode rewards is -115.5447244644165

 Scenario simple_spread Algo ua_rep_mappo Exp b2_calibrated_v4 updates 2245/6250 episodes, total num timesteps 7187200/20000000, FPS 2885.

average episode rewards is -118.43181848526001

 Scenario simple_spread Algo ua_rep_mappo Exp b2_calibrated_v4 updates 2250/6250 episodes, total num timesteps 7203200/20000000, FPS 2885.

average episode rewards is -118.33605766296387

 Scenario simple_spread Algo ua_rep_mappo Exp b2_calibrated_v4 updates 2255/6250 episodes, total num timesteps 7219200/20000000, FPS 2885.

average episode rewards is -117.65681505203247

 Scenario simple_spread Algo ua_rep_mappo Exp b2_calibrated_v4 updates 2260/6250 episodes, total num timesteps 7235200/20000000, FPS 2885.

average episode rewards is -118.18567514419556

 Scenario simple_spread Algo ua_rep_mappo Exp b2_calibrated_v4 updates 2265/6250 episodes, total num timesteps 7251200/20000000, FPS 2885.

average episode rewards is -114.53002691268921

 Scenario simple_spread Algo ua_rep_mappo Exp b2_calibrated_v4 updates 2270/6250 episodes, total num timesteps 7267200/20000000, FPS 2885.

average episode rewards is -118.06511878967285

 Scenario simple_spread Algo ua_rep_mappo Exp b2_calibrated_v4 updates 2275/6250 episodes, total num timesteps 7283200/20000000, FPS 2885.

average episode rewards is -114.87520933151245

 Scenario simple_spread Algo ua_rep_mappo Exp b2_calibrated_v4 updates 2280/6250 episodes, total num timesteps 7299200/20000000, FPS 2885.

average episode rewards is -116.69467687606812

 Scenario simple_spread Algo ua_rep_mappo Exp b2_calibrated_v4 updates 2285/6250 episodes, total num timesteps 7315200/20000000, FPS 2884.

average episode rewards is -114.44854736328125

 Scenario simple_spread Algo ua_rep_mappo Exp b2_calibrated_v4 updates 2290/6250 episodes, total num timesteps 7331200/20000000, FPS 2884.

average episode rewards is -115.03076553344727

 Scenario simple_spread Algo ua_rep_mappo Exp b2_calibrated_v4 updates 2295/6250 episodes, total num timesteps 7347200/20000000, FPS 2884.

average episode rewards is -116.68858528137207

 Scenario simple_spread Algo ua_rep_mappo Exp b2_calibrated_v4 updates 2300/6250 episodes, total num timesteps 7363200/20000000, FPS 2884.

average episode rewards is -114.69660997390747

 Scenario simple_spread Algo ua_rep_mappo Exp b2_calibrated_v4 updates 2305/6250 episodes, total num timesteps 7379200/20000000, FPS 2884.

average episode rewards is -116.93693399429321

 Scenario simple_spread Algo ua_rep_mappo Exp b2_calibrated_v4 updates 2310/6250 episodes, total num timesteps 7395200/20000000, FPS 2884.

average episode rewards is -117.33323335647583

 Scenario simple_spread Algo ua_rep_mappo Exp b2_calibrated_v4 updates 2315/6250 episodes, total num timesteps 7411200/20000000, FPS 2884.

average episode rewards is -120.14524936676025

 Scenario simple_spread Algo ua_rep_mappo Exp b2_calibrated_v4 updates 2320/6250 episodes, total num timesteps 7427200/20000000, FPS 2884.

average episode rewards is -115.6285285949707

 Scenario simple_spread Algo ua_rep_mappo Exp b2_calibrated_v4 updates 2325/6250 episodes, total num timesteps 7443200/20000000, FPS 2884.

average episode rewards is -117.07148551940918

 Scenario simple_spread Algo ua_rep_mappo Exp b2_calibrated_v4 updates 2330/6250 episodes, total num timesteps 7459200/20000000, FPS 2884.

average episode rewards is -114.6561861038208

 Scenario simple_spread Algo ua_rep_mappo Exp b2_calibrated_v4 updates 2335/6250 episodes, total num timesteps 7475200/20000000, FPS 2884.

average episode rewards is -115.45428037643433

 Scenario simple_spread Algo ua_rep_mappo Exp b2_calibrated_v4 updates 2340/6250 episodes, total num timesteps 7491200/20000000, FPS 2884.

average episode rewards is -114.7625207901001

 Scenario simple_spread Algo ua_rep_mappo Exp b2_calibrated_v4 updates 2345/6250 episodes, total num timesteps 7507200/20000000, FPS 2884.

average episode rewards is -115.9765362739563

 Scenario simple_spread Algo ua_rep_mappo Exp b2_calibrated_v4 updates 2350/6250 episodes, total num timesteps 7523200/20000000, FPS 2884.

average episode rewards is -115.75182676315308

 Scenario simple_spread Algo ua_rep_mappo Exp b2_calibrated_v4 updates 2355/6250 episodes, total num timesteps 7539200/20000000, FPS 2884.

average episode rewards is -116.9406533241272

 Scenario simple_spread Algo ua_rep_mappo Exp b2_calibrated_v4 updates 2360/6250 episodes, total num timesteps 7555200/20000000, FPS 2884.

average episode rewards is -116.63321256637573

 Scenario simple_spread Algo ua_rep_mappo Exp b2_calibrated_v4 updates 2365/6250 episodes, total num timesteps 7571200/20000000, FPS 2883.

average episode rewards is -115.44100046157837

 Scenario simple_spread Algo ua_rep_mappo Exp b2_calibrated_v4 updates 2370/6250 episodes, total num timesteps 7587200/20000000, FPS 2884.

average episode rewards is -118.23663711547852

 Scenario simple_spread Algo ua_rep_mappo Exp b2_calibrated_v4 updates 2375/6250 episodes, total num timesteps 7603200/20000000, FPS 2884.

average episode rewards is -117.49675273895264

 Scenario simple_spread Algo ua_rep_mappo Exp b2_calibrated_v4 updates 2380/6250 episodes, total num timesteps 7619200/20000000, FPS 2884.

average episode rewards is -115.64434766769409

 Scenario simple_spread Algo ua_rep_mappo Exp b2_calibrated_v4 updates 2385/6250 episodes, total num timesteps 7635200/20000000, FPS 2885.

average episode rewards is -116.06787443161011

 Scenario simple_spread Algo ua_rep_mappo Exp b2_calibrated_v4 updates 2390/6250 episodes, total num timesteps 7651200/20000000, FPS 2885.

average episode rewards is -116.57179594039917

 Scenario simple_spread Algo ua_rep_mappo Exp b2_calibrated_v4 updates 2395/6250 episodes, total num timesteps 7667200/20000000, FPS 2885.

average episode rewards is -116.73803329467773

 Scenario simple_spread Algo ua_rep_mappo Exp b2_calibrated_v4 updates 2400/6250 episodes, total num timesteps 7683200/20000000, FPS 2885.

average episode rewards is -116.04125499725342

 Scenario simple_spread Algo ua_rep_mappo Exp b2_calibrated_v4 updates 2405/6250 episodes, total num timesteps 7699200/20000000, FPS 2885.

average episode rewards is -115.84954261779785

 Scenario simple_spread Algo ua_rep_mappo Exp b2_calibrated_v4 updates 2410/6250 episodes, total num timesteps 7715200/20000000, FPS 2885.

average episode rewards is -116.14221334457397

 Scenario simple_spread Algo ua_rep_mappo Exp b2_calibrated_v4 updates 2415/6250 episodes, total num timesteps 7731200/20000000, FPS 2885.

average episode rewards is -117.14526414871216

 Scenario simple_spread Algo ua_rep_mappo Exp b2_calibrated_v4 updates 2420/6250 episodes, total num timesteps 7747200/20000000, FPS 2885.

average episode rewards is -116.00484848022461

 Scenario simple_spread Algo ua_rep_mappo Exp b2_calibrated_v4 updates 2425/6250 episodes, total num timesteps 7763200/20000000, FPS 2885.

average episode rewards is -115.49829244613647

 Scenario simple_spread Algo ua_rep_mappo Exp b2_calibrated_v4 updates 2430/6250 episodes, total num timesteps 7779200/20000000, FPS 2885.

average episode rewards is -116.08947515487671

 Scenario simple_spread Algo ua_rep_mappo Exp b2_calibrated_v4 updates 2435/6250 episodes, total num timesteps 7795200/20000000, FPS 2885.

average episode rewards is -115.48076868057251

 Scenario simple_spread Algo ua_rep_mappo Exp b2_calibrated_v4 updates 2440/6250 episodes, total num timesteps 7811200/20000000, FPS 2884.

average episode rewards is -117.5879955291748

 Scenario simple_spread Algo ua_rep_mappo Exp b2_calibrated_v4 updates 2445/6250 episodes, total num timesteps 7827200/20000000, FPS 2885.

average episode rewards is -116.2197470664978

 Scenario simple_spread Algo ua_rep_mappo Exp b2_calibrated_v4 updates 2450/6250 episodes, total num timesteps 7843200/20000000, FPS 2884.

average episode rewards is -115.46913385391235

 Scenario simple_spread Algo ua_rep_mappo Exp b2_calibrated_v4 updates 2455/6250 episodes, total num timesteps 7859200/20000000, FPS 2884.

average episode rewards is -114.73000049591064

 Scenario simple_spread Algo ua_rep_mappo Exp b2_calibrated_v4 updates 2460/6250 episodes, total num timesteps 7875200/20000000, FPS 2884.

average episode rewards is -115.24227857589722

 Scenario simple_spread Algo ua_rep_mappo Exp b2_calibrated_v4 updates 2465/6250 episodes, total num timesteps 7891200/20000000, FPS 2884.

average episode rewards is -115.18665552139282

 Scenario simple_spread Algo ua_rep_mappo Exp b2_calibrated_v4 updates 2470/6250 episodes, total num timesteps 7907200/20000000, FPS 2884.

average episode rewards is -114.79634046554565

 Scenario simple_spread Algo ua_rep_mappo Exp b2_calibrated_v4 updates 2475/6250 episodes, total num timesteps 7923200/20000000, FPS 2884.

average episode rewards is -116.31522178649902

 Scenario simple_spread Algo ua_rep_mappo Exp b2_calibrated_v4 updates 2480/6250 episodes, total num timesteps 7939200/20000000, FPS 2884.

average episode rewards is -115.82832336425781

 Scenario simple_spread Algo ua_rep_mappo Exp b2_calibrated_v4 updates 2485/6250 episodes, total num timesteps 7955200/20000000, FPS 2884.

average episode rewards is -114.56083059310913

 Scenario simple_spread Algo ua_rep_mappo Exp b2_calibrated_v4 updates 2490/6250 episodes, total num timesteps 7971200/20000000, FPS 2883.

average episode rewards is -117.59943962097168

 Scenario simple_spread Algo ua_rep_mappo Exp b2_calibrated_v4 updates 2495/6250 episodes, total num timesteps 7987200/20000000, FPS 2883.

average episode rewards is -117.7791953086853

 Scenario simple_spread Algo ua_rep_mappo Exp b2_calibrated_v4 updates 2500/6250 episodes, total num timesteps 8003200/20000000, FPS 2884.

average episode rewards is -115.42344093322754

 Scenario simple_spread Algo ua_rep_mappo Exp b2_calibrated_v4 updates 2505/6250 episodes, total num timesteps 8019200/20000000, FPS 2885.

average episode rewards is -113.56558799743652

 Scenario simple_spread Algo ua_rep_mappo Exp b2_calibrated_v4 updates 2510/6250 episodes, total num timesteps 8035200/20000000, FPS 2885.

average episode rewards is -117.96519756317139

 Scenario simple_spread Algo ua_rep_mappo Exp b2_calibrated_v4 updates 2515/6250 episodes, total num timesteps 8051200/20000000, FPS 2885.

average episode rewards is -116.01322889328003

 Scenario simple_spread Algo ua_rep_mappo Exp b2_calibrated_v4 updates 2520/6250 episodes, total num timesteps 8067200/20000000, FPS 2885.

average episode rewards is -117.35637187957764

 Scenario simple_spread Algo ua_rep_mappo Exp b2_calibrated_v4 updates 2525/6250 episodes, total num timesteps 8083200/20000000, FPS 2885.

average episode rewards is -116.3182020187378

 Scenario simple_spread Algo ua_rep_mappo Exp b2_calibrated_v4 updates 2530/6250 episodes, total num timesteps 8099200/20000000, FPS 2885.

average episode rewards is -117.15291738510132

 Scenario simple_spread Algo ua_rep_mappo Exp b2_calibrated_v4 updates 2535/6250 episodes, total num timesteps 8115200/20000000, FPS 2885.

average episode rewards is -115.54269790649414

 Scenario simple_spread Algo ua_rep_mappo Exp b2_calibrated_v4 updates 2540/6250 episodes, total num timesteps 8131200/20000000, FPS 2885.

average episode rewards is -115.64134359359741

 Scenario simple_spread Algo ua_rep_mappo Exp b2_calibrated_v4 updates 2545/6250 episodes, total num timesteps 8147200/20000000, FPS 2885.

average episode rewards is -117.25260019302368

 Scenario simple_spread Algo ua_rep_mappo Exp b2_calibrated_v4 updates 2550/6250 episodes, total num timesteps 8163200/20000000, FPS 2885.

average episode rewards is -115.49464464187622

 Scenario simple_spread Algo ua_rep_mappo Exp b2_calibrated_v4 updates 2555/6250 episodes, total num timesteps 8179200/20000000, FPS 2885.

average episode rewards is -116.04764461517334

 Scenario simple_spread Algo ua_rep_mappo Exp b2_calibrated_v4 updates 2560/6250 episodes, total num timesteps 8195200/20000000, FPS 2885.

average episode rewards is -115.7562255859375

 Scenario simple_spread Algo ua_rep_mappo Exp b2_calibrated_v4 updates 2565/6250 episodes, total num timesteps 8211200/20000000, FPS 2885.

average episode rewards is -114.02822732925415

 Scenario simple_spread Algo ua_rep_mappo Exp b2_calibrated_v4 updates 2570/6250 episodes, total num timesteps 8227200/20000000, FPS 2885.

average episode rewards is -115.16817808151245

 Scenario simple_spread Algo ua_rep_mappo Exp b2_calibrated_v4 updates 2575/6250 episodes, total num timesteps 8243200/20000000, FPS 2885.

average episode rewards is -117.09765195846558

 Scenario simple_spread Algo ua_rep_mappo Exp b2_calibrated_v4 updates 2580/6250 episodes, total num timesteps 8259200/20000000, FPS 2886.

average episode rewards is -114.95628356933594

 Scenario simple_spread Algo ua_rep_mappo Exp b2_calibrated_v4 updates 2585/6250 episodes, total num timesteps 8275200/20000000, FPS 2885.

average episode rewards is -115.97639322280884

 Scenario simple_spread Algo ua_rep_mappo Exp b2_calibrated_v4 updates 2590/6250 episodes, total num timesteps 8291200/20000000, FPS 2885.

average episode rewards is -114.92791175842285

 Scenario simple_spread Algo ua_rep_mappo Exp b2_calibrated_v4 updates 2595/6250 episodes, total num timesteps 8307200/20000000, FPS 2885.

average episode rewards is -113.43448162078857

 Scenario simple_spread Algo ua_rep_mappo Exp b2_calibrated_v4 updates 2600/6250 episodes, total num timesteps 8323200/20000000, FPS 2885.

average episode rewards is -115.40501117706299

 Scenario simple_spread Algo ua_rep_mappo Exp b2_calibrated_v4 updates 2605/6250 episodes, total num timesteps 8339200/20000000, FPS 2885.

average episode rewards is -116.4063811302185

 Scenario simple_spread Algo ua_rep_mappo Exp b2_calibrated_v4 updates 2610/6250 episodes, total num timesteps 8355200/20000000, FPS 2885.

average episode rewards is -116.76077842712402

 Scenario simple_spread Algo ua_rep_mappo Exp b2_calibrated_v4 updates 2615/6250 episodes, total num timesteps 8371200/20000000, FPS 2885.

average episode rewards is -115.08634090423584

 Scenario simple_spread Algo ua_rep_mappo Exp b2_calibrated_v4 updates 2620/6250 episodes, total num timesteps 8387200/20000000, FPS 2885.

average episode rewards is -113.61358165740967

 Scenario simple_spread Algo ua_rep_mappo Exp b2_calibrated_v4 updates 2625/6250 episodes, total num timesteps 8403200/20000000, FPS 2885.

average episode rewards is -116.05556011199951

 Scenario simple_spread Algo ua_rep_mappo Exp b2_calibrated_v4 updates 2630/6250 episodes, total num timesteps 8419200/20000000, FPS 2884.

average episode rewards is -115.28657674789429

 Scenario simple_spread Algo ua_rep_mappo Exp b2_calibrated_v4 updates 2635/6250 episodes, total num timesteps 8435200/20000000, FPS 2884.

average episode rewards is -116.30932092666626

 Scenario simple_spread Algo ua_rep_mappo Exp b2_calibrated_v4 updates 2640/6250 episodes, total num timesteps 8451200/20000000, FPS 2884.

average episode rewards is -113.78308534622192

 Scenario simple_spread Algo ua_rep_mappo Exp b2_calibrated_v4 updates 2645/6250 episodes, total num timesteps 8467200/20000000, FPS 2884.

average episode rewards is -113.43997716903687

 Scenario simple_spread Algo ua_rep_mappo Exp b2_calibrated_v4 updates 2650/6250 episodes, total num timesteps 8483200/20000000, FPS 2884.

average episode rewards is -116.51581525802612

 Scenario simple_spread Algo ua_rep_mappo Exp b2_calibrated_v4 updates 2655/6250 episodes, total num timesteps 8499200/20000000, FPS 2884.

average episode rewards is -114.73543643951416

 Scenario simple_spread Algo ua_rep_mappo Exp b2_calibrated_v4 updates 2660/6250 episodes, total num timesteps 8515200/20000000, FPS 2884.

average episode rewards is -115.38316011428833

 Scenario simple_spread Algo ua_rep_mappo Exp b2_calibrated_v4 updates 2665/6250 episodes, total num timesteps 8531200/20000000, FPS 2885.

average episode rewards is -114.29553031921387

 Scenario simple_spread Algo ua_rep_mappo Exp b2_calibrated_v4 updates 2670/6250 episodes, total num timesteps 8547200/20000000, FPS 2885.

average episode rewards is -115.13262987136841

 Scenario simple_spread Algo ua_rep_mappo Exp b2_calibrated_v4 updates 2675/6250 episodes, total num timesteps 8563200/20000000, FPS 2885.

average episode rewards is -115.01038074493408

 Scenario simple_spread Algo ua_rep_mappo Exp b2_calibrated_v4 updates 2680/6250 episodes, total num timesteps 8579200/20000000, FPS 2885.

average episode rewards is -117.26304292678833

 Scenario simple_spread Algo ua_rep_mappo Exp b2_calibrated_v4 updates 2685/6250 episodes, total num timesteps 8595200/20000000, FPS 2885.

average episode rewards is -116.18180274963379

 Scenario simple_spread Algo ua_rep_mappo Exp b2_calibrated_v4 updates 2690/6250 episodes, total num timesteps 8611200/20000000, FPS 2885.

average episode rewards is -117.02463626861572

 Scenario simple_spread Algo ua_rep_mappo Exp b2_calibrated_v4 updates 2695/6250 episodes, total num timesteps 8627200/20000000, FPS 2885.

average episode rewards is -117.18294620513916

 Scenario simple_spread Algo ua_rep_mappo Exp b2_calibrated_v4 updates 2700/6250 episodes, total num timesteps 8643200/20000000, FPS 2885.

average episode rewards is -115.69787263870239

 Scenario simple_spread Algo ua_rep_mappo Exp b2_calibrated_v4 updates 2705/6250 episodes, total num timesteps 8659200/20000000, FPS 2885.

average episode rewards is -116.56122207641602

 Scenario simple_spread Algo ua_rep_mappo Exp b2_calibrated_v4 updates 2710/6250 episodes, total num timesteps 8675200/20000000, FPS 2885.

average episode rewards is -115.53763151168823

 Scenario simple_spread Algo ua_rep_mappo Exp b2_calibrated_v4 updates 2715/6250 episodes, total num timesteps 8691200/20000000, FPS 2885.

average episode rewards is -115.12410640716553

 Scenario simple_spread Algo ua_rep_mappo Exp b2_calibrated_v4 updates 2720/6250 episodes, total num timesteps 8707200/20000000, FPS 2885.

average episode rewards is -112.92301416397095

 Scenario simple_spread Algo ua_rep_mappo Exp b2_calibrated_v4 updates 2725/6250 episodes, total num timesteps 8723200/20000000, FPS 2885.

average episode rewards is -114.4899845123291

 Scenario simple_spread Algo ua_rep_mappo Exp b2_calibrated_v4 updates 2730/6250 episodes, total num timesteps 8739200/20000000, FPS 2885.

average episode rewards is -116.01420640945435

 Scenario simple_spread Algo ua_rep_mappo Exp b2_calibrated_v4 updates 2735/6250 episodes, total num timesteps 8755200/20000000, FPS 2885.

average episode rewards is -115.37593603134155

 Scenario simple_spread Algo ua_rep_mappo Exp b2_calibrated_v4 updates 2740/6250 episodes, total num timesteps 8771200/20000000, FPS 2885.

average episode rewards is -113.24096918106079

 Scenario simple_spread Algo ua_rep_mappo Exp b2_calibrated_v4 updates 2745/6250 episodes, total num timesteps 8787200/20000000, FPS 2885.

average episode rewards is -115.58548212051392

 Scenario simple_spread Algo ua_rep_mappo Exp b2_calibrated_v4 updates 2750/6250 episodes, total num timesteps 8803200/20000000, FPS 2885.

average episode rewards is -114.9147629737854

 Scenario simple_spread Algo ua_rep_mappo Exp b2_calibrated_v4 updates 2755/6250 episodes, total num timesteps 8819200/20000000, FPS 2884.

average episode rewards is -116.49614572525024

 Scenario simple_spread Algo ua_rep_mappo Exp b2_calibrated_v4 updates 2760/6250 episodes, total num timesteps 8835200/20000000, FPS 2884.

average episode rewards is -113.83146047592163

 Scenario simple_spread Algo ua_rep_mappo Exp b2_calibrated_v4 updates 2765/6250 episodes, total num timesteps 8851200/20000000, FPS 2884.

average episode rewards is -115.29419422149658

 Scenario simple_spread Algo ua_rep_mappo Exp b2_calibrated_v4 updates 2770/6250 episodes, total num timesteps 8867200/20000000, FPS 2884.

average episode rewards is -113.17662000656128

 Scenario simple_spread Algo ua_rep_mappo Exp b2_calibrated_v4 updates 2775/6250 episodes, total num timesteps 8883200/20000000, FPS 2884.

average episode rewards is -113.62649202346802

 Scenario simple_spread Algo ua_rep_mappo Exp b2_calibrated_v4 updates 2780/6250 episodes, total num timesteps 8899200/20000000, FPS 2884.

average episode rewards is -117.64671802520752

 Scenario simple_spread Algo ua_rep_mappo Exp b2_calibrated_v4 updates 2785/6250 episodes, total num timesteps 8915200/20000000, FPS 2884.

average episode rewards is -114.23842906951904

 Scenario simple_spread Algo ua_rep_mappo Exp b2_calibrated_v4 updates 2790/6250 episodes, total num timesteps 8931200/20000000, FPS 2884.

average episode rewards is -116.3787841796875

 Scenario simple_spread Algo ua_rep_mappo Exp b2_calibrated_v4 updates 2795/6250 episodes, total num timesteps 8947200/20000000, FPS 2884.

average episode rewards is -116.15109443664551

 Scenario simple_spread Algo ua_rep_mappo Exp b2_calibrated_v4 updates 2800/6250 episodes, total num timesteps 8963200/20000000, FPS 2884.

average episode rewards is -114.64638710021973

 Scenario simple_spread Algo ua_rep_mappo Exp b2_calibrated_v4 updates 2805/6250 episodes, total num timesteps 8979200/20000000, FPS 2884.

average episode rewards is -114.51936960220337

 Scenario simple_spread Algo ua_rep_mappo Exp b2_calibrated_v4 updates 2810/6250 episodes, total num timesteps 8995200/20000000, FPS 2884.

average episode rewards is -117.42438077926636

 Scenario simple_spread Algo ua_rep_mappo Exp b2_calibrated_v4 updates 2815/6250 episodes, total num timesteps 9011200/20000000, FPS 2884.

average episode rewards is -114.53748941421509

 Scenario simple_spread Algo ua_rep_mappo Exp b2_calibrated_v4 updates 2820/6250 episodes, total num timesteps 9027200/20000000, FPS 2885.

average episode rewards is -115.19911289215088

 Scenario simple_spread Algo ua_rep_mappo Exp b2_calibrated_v4 updates 2825/6250 episodes, total num timesteps 9043200/20000000, FPS 2885.

average episode rewards is -115.48714637756348

 Scenario simple_spread Algo ua_rep_mappo Exp b2_calibrated_v4 updates 2830/6250 episodes, total num timesteps 9059200/20000000, FPS 2885.

average episode rewards is -115.24937152862549

 Scenario simple_spread Algo ua_rep_mappo Exp b2_calibrated_v4 updates 2835/6250 episodes, total num timesteps 9075200/20000000, FPS 2885.

average episode rewards is -116.37133359909058

 Scenario simple_spread Algo ua_rep_mappo Exp b2_calibrated_v4 updates 2840/6250 episodes, total num timesteps 9091200/20000000, FPS 2885.

average episode rewards is -114.82256650924683

 Scenario simple_spread Algo ua_rep_mappo Exp b2_calibrated_v4 updates 2845/6250 episodes, total num timesteps 9107200/20000000, FPS 2885.

average episode rewards is -116.51833057403564

 Scenario simple_spread Algo ua_rep_mappo Exp b2_calibrated_v4 updates 2850/6250 episodes, total num timesteps 9123200/20000000, FPS 2885.

average episode rewards is -116.01533889770508

 Scenario simple_spread Algo ua_rep_mappo Exp b2_calibrated_v4 updates 2855/6250 episodes, total num timesteps 9139200/20000000, FPS 2885.

average episode rewards is -116.07130765914917

 Scenario simple_spread Algo ua_rep_mappo Exp b2_calibrated_v4 updates 2860/6250 episodes, total num timesteps 9155200/20000000, FPS 2885.

average episode rewards is -116.23615026473999

 Scenario simple_spread Algo ua_rep_mappo Exp b2_calibrated_v4 updates 2865/6250 episodes, total num timesteps 9171200/20000000, FPS 2885.

average episode rewards is -112.87872791290283

 Scenario simple_spread Algo ua_rep_mappo Exp b2_calibrated_v4 updates 2870/6250 episodes, total num timesteps 9187200/20000000, FPS 2885.

average episode rewards is -114.62115049362183

 Scenario simple_spread Algo ua_rep_mappo Exp b2_calibrated_v4 updates 2875/6250 episodes, total num timesteps 9203200/20000000, FPS 2885.

average episode rewards is -114.77775573730469

 Scenario simple_spread Algo ua_rep_mappo Exp b2_calibrated_v4 updates 2880/6250 episodes, total num timesteps 9219200/20000000, FPS 2885.

average episode rewards is -114.27314281463623

 Scenario simple_spread Algo ua_rep_mappo Exp b2_calibrated_v4 updates 2885/6250 episodes, total num timesteps 9235200/20000000, FPS 2885.

average episode rewards is -114.69724178314209

 Scenario simple_spread Algo ua_rep_mappo Exp b2_calibrated_v4 updates 2890/6250 episodes, total num timesteps 9251200/20000000, FPS 2885.

average episode rewards is -115.84222316741943

 Scenario simple_spread Algo ua_rep_mappo Exp b2_calibrated_v4 updates 2895/6250 episodes, total num timesteps 9267200/20000000, FPS 2885.

average episode rewards is -117.9316520690918

 Scenario simple_spread Algo ua_rep_mappo Exp b2_calibrated_v4 updates 2900/6250 episodes, total num timesteps 9283200/20000000, FPS 2885.

average episode rewards is -113.87038230895996

 Scenario simple_spread Algo ua_rep_mappo Exp b2_calibrated_v4 updates 2905/6250 episodes, total num timesteps 9299200/20000000, FPS 2885.

average episode rewards is -115.15969038009644

 Scenario simple_spread Algo ua_rep_mappo Exp b2_calibrated_v4 updates 2910/6250 episodes, total num timesteps 9315200/20000000, FPS 2885.

average episode rewards is -116.5655255317688

 Scenario simple_spread Algo ua_rep_mappo Exp b2_calibrated_v4 updates 2915/6250 episodes, total num timesteps 9331200/20000000, FPS 2885.

average episode rewards is -118.1862473487854

 Scenario simple_spread Algo ua_rep_mappo Exp b2_calibrated_v4 updates 2920/6250 episodes, total num timesteps 9347200/20000000, FPS 2885.

average episode rewards is -116.63843393325806

 Scenario simple_spread Algo ua_rep_mappo Exp b2_calibrated_v4 updates 2925/6250 episodes, total num timesteps 9363200/20000000, FPS 2885.

average episode rewards is -114.11346197128296

 Scenario simple_spread Algo ua_rep_mappo Exp b2_calibrated_v4 updates 2930/6250 episodes, total num timesteps 9379200/20000000, FPS 2886.

average episode rewards is -113.156259059906

 Scenario simple_spread Algo ua_rep_mappo Exp b2_calibrated_v4 updates 2935/6250 episodes, total num timesteps 9395200/20000000, FPS 2886.

average episode rewards is -116.0667896270752

 Scenario simple_spread Algo ua_rep_mappo Exp b2_calibrated_v4 updates 2940/6250 episodes, total num timesteps 9411200/20000000, FPS 2886.

average episode rewards is -116.38423204421997

 Scenario simple_spread Algo ua_rep_mappo Exp b2_calibrated_v4 updates 2945/6250 episodes, total num timesteps 9427200/20000000, FPS 2886.

average episode rewards is -113.14280033111572

 Scenario simple_spread Algo ua_rep_mappo Exp b2_calibrated_v4 updates 2950/6250 episodes, total num timesteps 9443200/20000000, FPS 2886.

average episode rewards is -116.29577875137329

 Scenario simple_spread Algo ua_rep_mappo Exp b2_calibrated_v4 updates 2955/6250 episodes, total num timesteps 9459200/20000000, FPS 2886.

average episode rewards is -114.25306797027588

 Scenario simple_spread Algo ua_rep_mappo Exp b2_calibrated_v4 updates 2960/6250 episodes, total num timesteps 9475200/20000000, FPS 2886.

average episode rewards is -116.32115840911865

 Scenario simple_spread Algo ua_rep_mappo Exp b2_calibrated_v4 updates 2965/6250 episodes, total num timesteps 9491200/20000000, FPS 2886.

average episode rewards is -115.02608060836792

 Scenario simple_spread Algo ua_rep_mappo Exp b2_calibrated_v4 updates 2970/6250 episodes, total num timesteps 9507200/20000000, FPS 2886.

average episode rewards is -117.88359880447388

 Scenario simple_spread Algo ua_rep_mappo Exp b2_calibrated_v4 updates 2975/6250 episodes, total num timesteps 9523200/20000000, FPS 2886.

average episode rewards is -113.935387134552

 Scenario simple_spread Algo ua_rep_mappo Exp b2_calibrated_v4 updates 2980/6250 episodes, total num timesteps 9539200/20000000, FPS 2886.

average episode rewards is -114.35842514038086

 Scenario simple_spread Algo ua_rep_mappo Exp b2_calibrated_v4 updates 2985/6250 episodes, total num timesteps 9555200/20000000, FPS 2886.

average episode rewards is -114.50685262680054

 Scenario simple_spread Algo ua_rep_mappo Exp b2_calibrated_v4 updates 2990/6250 episodes, total num timesteps 9571200/20000000, FPS 2886.

average episode rewards is -114.91892337799072

 Scenario simple_spread Algo ua_rep_mappo Exp b2_calibrated_v4 updates 2995/6250 episodes, total num timesteps 9587200/20000000, FPS 2886.

average episode rewards is -116.10753536224365

 Scenario simple_spread Algo ua_rep_mappo Exp b2_calibrated_v4 updates 3000/6250 episodes, total num timesteps 9603200/20000000, FPS 2886.

average episode rewards is -115.29563665390015

 Scenario simple_spread Algo ua_rep_mappo Exp b2_calibrated_v4 updates 3005/6250 episodes, total num timesteps 9619200/20000000, FPS 2886.

average episode rewards is -114.19222354888916

 Scenario simple_spread Algo ua_rep_mappo Exp b2_calibrated_v4 updates 3010/6250 episodes, total num timesteps 9635200/20000000, FPS 2886.

average episode rewards is -116.23952388763428

 Scenario simple_spread Algo ua_rep_mappo Exp b2_calibrated_v4 updates 3015/6250 episodes, total num timesteps 9651200/20000000, FPS 2886.

average episode rewards is -115.95851182937622

 Scenario simple_spread Algo ua_rep_mappo Exp b2_calibrated_v4 updates 3020/6250 episodes, total num timesteps 9667200/20000000, FPS 2886.

average episode rewards is -113.64545822143555

 Scenario simple_spread Algo ua_rep_mappo Exp b2_calibrated_v4 updates 3025/6250 episodes, total num timesteps 9683200/20000000, FPS 2886.

average episode rewards is -115.01930952072144

 Scenario simple_spread Algo ua_rep_mappo Exp b2_calibrated_v4 updates 3030/6250 episodes, total num timesteps 9699200/20000000, FPS 2886.

average episode rewards is -115.96881151199341

 Scenario simple_spread Algo ua_rep_mappo Exp b2_calibrated_v4 updates 3035/6250 episodes, total num timesteps 9715200/20000000, FPS 2886.

average episode rewards is -112.99879550933838

 Scenario simple_spread Algo ua_rep_mappo Exp b2_calibrated_v4 updates 3040/6250 episodes, total num timesteps 9731200/20000000, FPS 2886.

average episode rewards is -112.42084503173828

 Scenario simple_spread Algo ua_rep_mappo Exp b2_calibrated_v4 updates 3045/6250 episodes, total num timesteps 9747200/20000000, FPS 2886.

average episode rewards is -114.09661769866943

 Scenario simple_spread Algo ua_rep_mappo Exp b2_calibrated_v4 updates 3050/6250 episodes, total num timesteps 9763200/20000000, FPS 2886.

average episode rewards is -117.0670747756958

 Scenario simple_spread Algo ua_rep_mappo Exp b2_calibrated_v4 updates 3055/6250 episodes, total num timesteps 9779200/20000000, FPS 2886.

average episode rewards is -115.91317653656006

 Scenario simple_spread Algo ua_rep_mappo Exp b2_calibrated_v4 updates 3060/6250 episodes, total num timesteps 9795200/20000000, FPS 2887.

average episode rewards is -115.15686511993408

 Scenario simple_spread Algo ua_rep_mappo Exp b2_calibrated_v4 updates 3065/6250 episodes, total num timesteps 9811200/20000000, FPS 2887.

average episode rewards is -114.25749063491821

 Scenario simple_spread Algo ua_rep_mappo Exp b2_calibrated_v4 updates 3070/6250 episodes, total num timesteps 9827200/20000000, FPS 2887.

average episode rewards is -114.8897647857666

 Scenario simple_spread Algo ua_rep_mappo Exp b2_calibrated_v4 updates 3075/6250 episodes, total num timesteps 9843200/20000000, FPS 2887.

average episode rewards is -114.38359022140503

 Scenario simple_spread Algo ua_rep_mappo Exp b2_calibrated_v4 updates 3080/6250 episodes, total num timesteps 9859200/20000000, FPS 2887.

average episode rewards is -116.19200706481934

 Scenario simple_spread Algo ua_rep_mappo Exp b2_calibrated_v4 updates 3085/6250 episodes, total num timesteps 9875200/20000000, FPS 2887.

average episode rewards is -115.62744379043579

 Scenario simple_spread Algo ua_rep_mappo Exp b2_calibrated_v4 updates 3090/6250 episodes, total num timesteps 9891200/20000000, FPS 2887.

average episode rewards is -114.24938440322876

 Scenario simple_spread Algo ua_rep_mappo Exp b2_calibrated_v4 updates 3095/6250 episodes, total num timesteps 9907200/20000000, FPS 2887.

average episode rewards is -112.14908361434937

 Scenario simple_spread Algo ua_rep_mappo Exp b2_calibrated_v4 updates 3100/6250 episodes, total num timesteps 9923200/20000000, FPS 2887.

average episode rewards is -116.45088195800781

 Scenario simple_spread Algo ua_rep_mappo Exp b2_calibrated_v4 updates 3105/6250 episodes, total num timesteps 9939200/20000000, FPS 2887.

average episode rewards is -114.96984958648682

 Scenario simple_spread Algo ua_rep_mappo Exp b2_calibrated_v4 updates 3110/6250 episodes, total num timesteps 9955200/20000000, FPS 2887.

average episode rewards is -114.17056322097778

 Scenario simple_spread Algo ua_rep_mappo Exp b2_calibrated_v4 updates 3115/6250 episodes, total num timesteps 9971200/20000000, FPS 2887.

average episode rewards is -115.17432928085327

 Scenario simple_spread Algo ua_rep_mappo Exp b2_calibrated_v4 updates 3120/6250 episodes, total num timesteps 9987200/20000000, FPS 2887.

average episode rewards is -115.72607755661011

 Scenario simple_spread Algo ua_rep_mappo Exp b2_calibrated_v4 updates 3125/6250 episodes, total num timesteps 10003200/20000000, FPS 2887.

average episode rewards is -115.9306287765503

 Scenario simple_spread Algo ua_rep_mappo Exp b2_calibrated_v4 updates 3130/6250 episodes, total num timesteps 10019200/20000000, FPS 2887.

average episode rewards is -115.42184352874756

 Scenario simple_spread Algo ua_rep_mappo Exp b2_calibrated_v4 updates 3135/6250 episodes, total num timesteps 10035200/20000000, FPS 2887.

average episode rewards is -115.91613292694092

 Scenario simple_spread Algo ua_rep_mappo Exp b2_calibrated_v4 updates 3140/6250 episodes, total num timesteps 10051200/20000000, FPS 2887.

average episode rewards is -117.18646287918091

 Scenario simple_spread Algo ua_rep_mappo Exp b2_calibrated_v4 updates 3145/6250 episodes, total num timesteps 10067200/20000000, FPS 2887.

average episode rewards is -115.17127752304077

 Scenario simple_spread Algo ua_rep_mappo Exp b2_calibrated_v4 updates 3150/6250 episodes, total num timesteps 10083200/20000000, FPS 2887.

average episode rewards is -115.65028429031372

 Scenario simple_spread Algo ua_rep_mappo Exp b2_calibrated_v4 updates 3155/6250 episodes, total num timesteps 10099200/20000000, FPS 2887.

average episode rewards is -116.6075587272644

 Scenario simple_spread Algo ua_rep_mappo Exp b2_calibrated_v4 updates 3160/6250 episodes, total num timesteps 10115200/20000000, FPS 2887.

average episode rewards is -116.12802743911743

 Scenario simple_spread Algo ua_rep_mappo Exp b2_calibrated_v4 updates 3165/6250 episodes, total num timesteps 10131200/20000000, FPS 2887.

average episode rewards is -115.54826498031616

 Scenario simple_spread Algo ua_rep_mappo Exp b2_calibrated_v4 updates 3170/6250 episodes, total num timesteps 10147200/20000000, FPS 2887.

average episode rewards is -117.95870065689087

 Scenario simple_spread Algo ua_rep_mappo Exp b2_calibrated_v4 updates 3175/6250 episodes, total num timesteps 10163200/20000000, FPS 2887.

average episode rewards is -116.85374975204468

 Scenario simple_spread Algo ua_rep_mappo Exp b2_calibrated_v4 updates 3180/6250 episodes, total num timesteps 10179200/20000000, FPS 2887.

average episode rewards is -115.37456512451172

 Scenario simple_spread Algo ua_rep_mappo Exp b2_calibrated_v4 updates 3185/6250 episodes, total num timesteps 10195200/20000000, FPS 2887.

average episode rewards is -115.80898761749268

 Scenario simple_spread Algo ua_rep_mappo Exp b2_calibrated_v4 updates 3190/6250 episodes, total num timesteps 10211200/20000000, FPS 2888.

average episode rewards is -115.6126618385315

 Scenario simple_spread Algo ua_rep_mappo Exp b2_calibrated_v4 updates 3195/6250 episodes, total num timesteps 10227200/20000000, FPS 2888.

average episode rewards is -115.64598083496094

 Scenario simple_spread Algo ua_rep_mappo Exp b2_calibrated_v4 updates 3200/6250 episodes, total num timesteps 10243200/20000000, FPS 2888.

average episode rewards is -116.2577748298645

 Scenario simple_spread Algo ua_rep_mappo Exp b2_calibrated_v4 updates 3205/6250 episodes, total num timesteps 10259200/20000000, FPS 2888.

average episode rewards is -115.31333923339844

 Scenario simple_spread Algo ua_rep_mappo Exp b2_calibrated_v4 updates 3210/6250 episodes, total num timesteps 10275200/20000000, FPS 2887.

average episode rewards is -114.84284400939941

 Scenario simple_spread Algo ua_rep_mappo Exp b2_calibrated_v4 updates 3215/6250 episodes, total num timesteps 10291200/20000000, FPS 2887.

average episode rewards is -112.95802593231201

 Scenario simple_spread Algo ua_rep_mappo Exp b2_calibrated_v4 updates 3220/6250 episodes, total num timesteps 10307200/20000000, FPS 2887.

average episode rewards is -115.47083854675293

 Scenario simple_spread Algo ua_rep_mappo Exp b2_calibrated_v4 updates 3225/6250 episodes, total num timesteps 10323200/20000000, FPS 2887.

average episode rewards is -116.0707950592041

 Scenario simple_spread Algo ua_rep_mappo Exp b2_calibrated_v4 updates 3230/6250 episodes, total num timesteps 10339200/20000000, FPS 2887.

average episode rewards is -117.27432012557983

 Scenario simple_spread Algo ua_rep_mappo Exp b2_calibrated_v4 updates 3235/6250 episodes, total num timesteps 10355200/20000000, FPS 2887.

average episode rewards is -114.34910297393799

 Scenario simple_spread Algo ua_rep_mappo Exp b2_calibrated_v4 updates 3240/6250 episodes, total num timesteps 10371200/20000000, FPS 2887.

average episode rewards is -113.14008235931396

 Scenario simple_spread Algo ua_rep_mappo Exp b2_calibrated_v4 updates 3245/6250 episodes, total num timesteps 10387200/20000000, FPS 2887.

average episode rewards is -112.36821413040161

 Scenario simple_spread Algo ua_rep_mappo Exp b2_calibrated_v4 updates 3250/6250 episodes, total num timesteps 10403200/20000000, FPS 2887.

average episode rewards is -115.06985425949097

 Scenario simple_spread Algo ua_rep_mappo Exp b2_calibrated_v4 updates 3255/6250 episodes, total num timesteps 10419200/20000000, FPS 2887.

average episode rewards is -113.23950290679932

 Scenario simple_spread Algo ua_rep_mappo Exp b2_calibrated_v4 updates 3260/6250 episodes, total num timesteps 10435200/20000000, FPS 2887.

average episode rewards is -114.60602283477783

 Scenario simple_spread Algo ua_rep_mappo Exp b2_calibrated_v4 updates 3265/6250 episodes, total num timesteps 10451200/20000000, FPS 2887.

average episode rewards is -112.61075735092163

 Scenario simple_spread Algo ua_rep_mappo Exp b2_calibrated_v4 updates 3270/6250 episodes, total num timesteps 10467200/20000000, FPS 2887.

average episode rewards is -114.77664709091187

 Scenario simple_spread Algo ua_rep_mappo Exp b2_calibrated_v4 updates 3275/6250 episodes, total num timesteps 10483200/20000000, FPS 2887.

average episode rewards is -114.79324102401733

 Scenario simple_spread Algo ua_rep_mappo Exp b2_calibrated_v4 updates 3280/6250 episodes, total num timesteps 10499200/20000000, FPS 2887.

average episode rewards is -114.1334056854248

 Scenario simple_spread Algo ua_rep_mappo Exp b2_calibrated_v4 updates 3285/6250 episodes, total num timesteps 10515200/20000000, FPS 2887.

average episode rewards is -117.12855100631714

 Scenario simple_spread Algo ua_rep_mappo Exp b2_calibrated_v4 updates 3290/6250 episodes, total num timesteps 10531200/20000000, FPS 2887.

average episode rewards is -115.02236127853394

 Scenario simple_spread Algo ua_rep_mappo Exp b2_calibrated_v4 updates 3295/6250 episodes, total num timesteps 10547200/20000000, FPS 2887.

average episode rewards is -114.40619230270386

 Scenario simple_spread Algo ua_rep_mappo Exp b2_calibrated_v4 updates 3300/6250 episodes, total num timesteps 10563200/20000000, FPS 2886.

average episode rewards is -114.7596001625061

 Scenario simple_spread Algo ua_rep_mappo Exp b2_calibrated_v4 updates 3305/6250 episodes, total num timesteps 10579200/20000000, FPS 2887.

average episode rewards is -116.23834371566772

 Scenario simple_spread Algo ua_rep_mappo Exp b2_calibrated_v4 updates 3310/6250 episodes, total num timesteps 10595200/20000000, FPS 2886.

average episode rewards is -115.3657078742981

 Scenario simple_spread Algo ua_rep_mappo Exp b2_calibrated_v4 updates 3315/6250 episodes, total num timesteps 10611200/20000000, FPS 2887.

average episode rewards is -113.97719383239746

 Scenario simple_spread Algo ua_rep_mappo Exp b2_calibrated_v4 updates 3320/6250 episodes, total num timesteps 10627200/20000000, FPS 2887.

average episode rewards is -114.11114931106567

 Scenario simple_spread Algo ua_rep_mappo Exp b2_calibrated_v4 updates 3325/6250 episodes, total num timesteps 10643200/20000000, FPS 2887.

average episode rewards is -117.02687740325928

 Scenario simple_spread Algo ua_rep_mappo Exp b2_calibrated_v4 updates 3330/6250 episodes, total num timesteps 10659200/20000000, FPS 2887.

average episode rewards is -112.63750791549683

 Scenario simple_spread Algo ua_rep_mappo Exp b2_calibrated_v4 updates 3335/6250 episodes, total num timesteps 10675200/20000000, FPS 2887.

average episode rewards is -114.25167322158813

 Scenario simple_spread Algo ua_rep_mappo Exp b2_calibrated_v4 updates 3340/6250 episodes, total num timesteps 10691200/20000000, FPS 2887.

average episode rewards is -114.56736326217651

 Scenario simple_spread Algo ua_rep_mappo Exp b2_calibrated_v4 updates 3345/6250 episodes, total num timesteps 10707200/20000000, FPS 2887.

average episode rewards is -118.25058460235596

 Scenario simple_spread Algo ua_rep_mappo Exp b2_calibrated_v4 updates 3350/6250 episodes, total num timesteps 10723200/20000000, FPS 2887.

average episode rewards is -114.20515775680542

 Scenario simple_spread Algo ua_rep_mappo Exp b2_calibrated_v4 updates 3355/6250 episodes, total num timesteps 10739200/20000000, FPS 2887.

average episode rewards is -114.9146318435669

 Scenario simple_spread Algo ua_rep_mappo Exp b2_calibrated_v4 updates 3360/6250 episodes, total num timesteps 10755200/20000000, FPS 2887.

average episode rewards is -116.23191833496094

 Scenario simple_spread Algo ua_rep_mappo Exp b2_calibrated_v4 updates 3365/6250 episodes, total num timesteps 10771200/20000000, FPS 2887.

average episode rewards is -114.182448387146

 Scenario simple_spread Algo ua_rep_mappo Exp b2_calibrated_v4 updates 3370/6250 episodes, total num timesteps 10787200/20000000, FPS 2887.

average episode rewards is -118.48829984664917

 Scenario simple_spread Algo ua_rep_mappo Exp b2_calibrated_v4 updates 3375/6250 episodes, total num timesteps 10803200/20000000, FPS 2887.

average episode rewards is -114.17700052261353

 Scenario simple_spread Algo ua_rep_mappo Exp b2_calibrated_v4 updates 3380/6250 episodes, total num timesteps 10819200/20000000, FPS 2887.

average episode rewards is -115.3111219406128

 Scenario simple_spread Algo ua_rep_mappo Exp b2_calibrated_v4 updates 3385/6250 episodes, total num timesteps 10835200/20000000, FPS 2887.

average episode rewards is -114.45767879486084

 Scenario simple_spread Algo ua_rep_mappo Exp b2_calibrated_v4 updates 3390/6250 episodes, total num timesteps 10851200/20000000, FPS 2887.

average episode rewards is -114.77327346801758

 Scenario simple_spread Algo ua_rep_mappo Exp b2_calibrated_v4 updates 3395/6250 episodes, total num timesteps 10867200/20000000, FPS 2887.

average episode rewards is -113.66997957229614

 Scenario simple_spread Algo ua_rep_mappo Exp b2_calibrated_v4 updates 3400/6250 episodes, total num timesteps 10883200/20000000, FPS 2887.

average episode rewards is -116.30072593688965

 Scenario simple_spread Algo ua_rep_mappo Exp b2_calibrated_v4 updates 3405/6250 episodes, total num timesteps 10899200/20000000, FPS 2887.

average episode rewards is -111.0634446144104

 Scenario simple_spread Algo ua_rep_mappo Exp b2_calibrated_v4 updates 3410/6250 episodes, total num timesteps 10915200/20000000, FPS 2887.

average episode rewards is -113.72642517089844

 Scenario simple_spread Algo ua_rep_mappo Exp b2_calibrated_v4 updates 3415/6250 episodes, total num timesteps 10931200/20000000, FPS 2887.

average episode rewards is -116.50139093399048

 Scenario simple_spread Algo ua_rep_mappo Exp b2_calibrated_v4 updates 3420/6250 episodes, total num timesteps 10947200/20000000, FPS 2887.

average episode rewards is -117.00664758682251

 Scenario simple_spread Algo ua_rep_mappo Exp b2_calibrated_v4 updates 3425/6250 episodes, total num timesteps 10963200/20000000, FPS 2887.

average episode rewards is -116.82586669921875

 Scenario simple_spread Algo ua_rep_mappo Exp b2_calibrated_v4 updates 3430/6250 episodes, total num timesteps 10979200/20000000, FPS 2887.

average episode rewards is -114.50381278991699

 Scenario simple_spread Algo ua_rep_mappo Exp b2_calibrated_v4 updates 3435/6250 episodes, total num timesteps 10995200/20000000, FPS 2887.

average episode rewards is -115.84155559539795

 Scenario simple_spread Algo ua_rep_mappo Exp b2_calibrated_v4 updates 3440/6250 episodes, total num timesteps 11011200/20000000, FPS 2887.

average episode rewards is -115.81565141677856

 Scenario simple_spread Algo ua_rep_mappo Exp b2_calibrated_v4 updates 3445/6250 episodes, total num timesteps 11027200/20000000, FPS 2887.

average episode rewards is -113.40622901916504

 Scenario simple_spread Algo ua_rep_mappo Exp b2_calibrated_v4 updates 3450/6250 episodes, total num timesteps 11043200/20000000, FPS 2887.

average episode rewards is -115.50654172897339

 Scenario simple_spread Algo ua_rep_mappo Exp b2_calibrated_v4 updates 3455/6250 episodes, total num timesteps 11059200/20000000, FPS 2888.

average episode rewards is -115.7052993774414

 Scenario simple_spread Algo ua_rep_mappo Exp b2_calibrated_v4 updates 3460/6250 episodes, total num timesteps 11075200/20000000, FPS 2888.

average episode rewards is -115.35700559616089

 Scenario simple_spread Algo ua_rep_mappo Exp b2_calibrated_v4 updates 3465/6250 episodes, total num timesteps 11091200/20000000, FPS 2888.

average episode rewards is -114.47376012802124

 Scenario simple_spread Algo ua_rep_mappo Exp b2_calibrated_v4 updates 3470/6250 episodes, total num timesteps 11107200/20000000, FPS 2888.

average episode rewards is -113.33897113800049

 Scenario simple_spread Algo ua_rep_mappo Exp b2_calibrated_v4 updates 3475/6250 episodes, total num timesteps 11123200/20000000, FPS 2888.

average episode rewards is -114.25448656082153

 Scenario simple_spread Algo ua_rep_mappo Exp b2_calibrated_v4 updates 3480/6250 episodes, total num timesteps 11139200/20000000, FPS 2888.

average episode rewards is -116.82937145233154

 Scenario simple_spread Algo ua_rep_mappo Exp b2_calibrated_v4 updates 3485/6250 episodes, total num timesteps 11155200/20000000, FPS 2889.

average episode rewards is -114.72166776657104

 Scenario simple_spread Algo ua_rep_mappo Exp b2_calibrated_v4 updates 3490/6250 episodes, total num timesteps 11171200/20000000, FPS 2889.

average episode rewards is -114.25738334655762

 Scenario simple_spread Algo ua_rep_mappo Exp b2_calibrated_v4 updates 3495/6250 episodes, total num timesteps 11187200/20000000, FPS 2889.

average episode rewards is -117.05785989761353

 Scenario simple_spread Algo ua_rep_mappo Exp b2_calibrated_v4 updates 3500/6250 episodes, total num timesteps 11203200/20000000, FPS 2889.

average episode rewards is -117.44983196258545

 Scenario simple_spread Algo ua_rep_mappo Exp b2_calibrated_v4 updates 3505/6250 episodes, total num timesteps 11219200/20000000, FPS 2889.

average episode rewards is -112.37033605575562

 Scenario simple_spread Algo ua_rep_mappo Exp b2_calibrated_v4 updates 3510/6250 episodes, total num timesteps 11235200/20000000, FPS 2889.

average episode rewards is -111.86203956604004

 Scenario simple_spread Algo ua_rep_mappo Exp b2_calibrated_v4 updates 3515/6250 episodes, total num timesteps 11251200/20000000, FPS 2889.

average episode rewards is -117.0709490776062

 Scenario simple_spread Algo ua_rep_mappo Exp b2_calibrated_v4 updates 3520/6250 episodes, total num timesteps 11267200/20000000, FPS 2889.

average episode rewards is -115.17082452774048

 Scenario simple_spread Algo ua_rep_mappo Exp b2_calibrated_v4 updates 3525/6250 episodes, total num timesteps 11283200/20000000, FPS 2889.

average episode rewards is -114.7834300994873

 Scenario simple_spread Algo ua_rep_mappo Exp b2_calibrated_v4 updates 3530/6250 episodes, total num timesteps 11299200/20000000, FPS 2890.

average episode rewards is -114.18839693069458

 Scenario simple_spread Algo ua_rep_mappo Exp b2_calibrated_v4 updates 3535/6250 episodes, total num timesteps 11315200/20000000, FPS 2890.

average episode rewards is -114.44282531738281

 Scenario simple_spread Algo ua_rep_mappo Exp b2_calibrated_v4 updates 3540/6250 episodes, total num timesteps 11331200/20000000, FPS 2890.

average episode rewards is -112.84617185592651

 Scenario simple_spread Algo ua_rep_mappo Exp b2_calibrated_v4 updates 3545/6250 episodes, total num timesteps 11347200/20000000, FPS 2890.

average episode rewards is -117.31880903244019

 Scenario simple_spread Algo ua_rep_mappo Exp b2_calibrated_v4 updates 3550/6250 episodes, total num timesteps 11363200/20000000, FPS 2891.

average episode rewards is -112.88084983825684

 Scenario simple_spread Algo ua_rep_mappo Exp b2_calibrated_v4 updates 3555/6250 episodes, total num timesteps 11379200/20000000, FPS 2891.

average episode rewards is -116.92668199539185

 Scenario simple_spread Algo ua_rep_mappo Exp b2_calibrated_v4 updates 3560/6250 episodes, total num timesteps 11395200/20000000, FPS 2891.

average episode rewards is -117.459237575531

 Scenario simple_spread Algo ua_rep_mappo Exp b2_calibrated_v4 updates 3565/6250 episodes, total num timesteps 11411200/20000000, FPS 2891.

average episode rewards is -113.1773829460144

 Scenario simple_spread Algo ua_rep_mappo Exp b2_calibrated_v4 updates 3570/6250 episodes, total num timesteps 11427200/20000000, FPS 2891.

average episode rewards is -114.47757482528687

 Scenario simple_spread Algo ua_rep_mappo Exp b2_calibrated_v4 updates 3575/6250 episodes, total num timesteps 11443200/20000000, FPS 2891.

average episode rewards is -114.68522548675537

 Scenario simple_spread Algo ua_rep_mappo Exp b2_calibrated_v4 updates 3580/6250 episodes, total num timesteps 11459200/20000000, FPS 2891.

average episode rewards is -114.09887075424194

 Scenario simple_spread Algo ua_rep_mappo Exp b2_calibrated_v4 updates 3585/6250 episodes, total num timesteps 11475200/20000000, FPS 2892.

average episode rewards is -113.40504884719849

 Scenario simple_spread Algo ua_rep_mappo Exp b2_calibrated_v4 updates 3590/6250 episodes, total num timesteps 11491200/20000000, FPS 2892.

average episode rewards is -116.15134477615356

 Scenario simple_spread Algo ua_rep_mappo Exp b2_calibrated_v4 updates 3595/6250 episodes, total num timesteps 11507200/20000000, FPS 2892.

average episode rewards is -114.7061824798584

 Scenario simple_spread Algo ua_rep_mappo Exp b2_calibrated_v4 updates 3600/6250 episodes, total num timesteps 11523200/20000000, FPS 2892.

average episode rewards is -116.3078784942627

 Scenario simple_spread Algo ua_rep_mappo Exp b2_calibrated_v4 updates 3605/6250 episodes, total num timesteps 11539200/20000000, FPS 2892.

average episode rewards is -116.49739742279053

 Scenario simple_spread Algo ua_rep_mappo Exp b2_calibrated_v4 updates 3610/6250 episodes, total num timesteps 11555200/20000000, FPS 2892.

average episode rewards is -113.46108913421631

 Scenario simple_spread Algo ua_rep_mappo Exp b2_calibrated_v4 updates 3615/6250 episodes, total num timesteps 11571200/20000000, FPS 2893.

average episode rewards is -113.53567838668823

 Scenario simple_spread Algo ua_rep_mappo Exp b2_calibrated_v4 updates 3620/6250 episodes, total num timesteps 11587200/20000000, FPS 2893.

average episode rewards is -114.05802965164185

 Scenario simple_spread Algo ua_rep_mappo Exp b2_calibrated_v4 updates 3625/6250 episodes, total num timesteps 11603200/20000000, FPS 2893.

average episode rewards is -113.21673393249512

 Scenario simple_spread Algo ua_rep_mappo Exp b2_calibrated_v4 updates 3630/6250 episodes, total num timesteps 11619200/20000000, FPS 2893.

average episode rewards is -112.33328580856323

 Scenario simple_spread Algo ua_rep_mappo Exp b2_calibrated_v4 updates 3635/6250 episodes, total num timesteps 11635200/20000000, FPS 2893.

average episode rewards is -113.13525438308716

 Scenario simple_spread Algo ua_rep_mappo Exp b2_calibrated_v4 updates 3640/6250 episodes, total num timesteps 11651200/20000000, FPS 2893.

average episode rewards is -112.80155181884766

 Scenario simple_spread Algo ua_rep_mappo Exp b2_calibrated_v4 updates 3645/6250 episodes, total num timesteps 11667200/20000000, FPS 2893.

average episode rewards is -116.62400960922241

 Scenario simple_spread Algo ua_rep_mappo Exp b2_calibrated_v4 updates 3650/6250 episodes, total num timesteps 11683200/20000000, FPS 2893.

average episode rewards is -113.54414224624634

 Scenario simple_spread Algo ua_rep_mappo Exp b2_calibrated_v4 updates 3655/6250 episodes, total num timesteps 11699200/20000000, FPS 2893.

average episode rewards is -114.00728225708008

 Scenario simple_spread Algo ua_rep_mappo Exp b2_calibrated_v4 updates 3660/6250 episodes, total num timesteps 11715200/20000000, FPS 2893.

average episode rewards is -115.72955846786499

 Scenario simple_spread Algo ua_rep_mappo Exp b2_calibrated_v4 updates 3665/6250 episodes, total num timesteps 11731200/20000000, FPS 2893.

average episode rewards is -112.74569034576416

 Scenario simple_spread Algo ua_rep_mappo Exp b2_calibrated_v4 updates 3670/6250 episodes, total num timesteps 11747200/20000000, FPS 2893.

average episode rewards is -113.65597248077393

 Scenario simple_spread Algo ua_rep_mappo Exp b2_calibrated_v4 updates 3675/6250 episodes, total num timesteps 11763200/20000000, FPS 2894.

average episode rewards is -113.49682807922363

 Scenario simple_spread Algo ua_rep_mappo Exp b2_calibrated_v4 updates 3680/6250 episodes, total num timesteps 11779200/20000000, FPS 2894.

average episode rewards is -112.05548048019409

 Scenario simple_spread Algo ua_rep_mappo Exp b2_calibrated_v4 updates 3685/6250 episodes, total num timesteps 11795200/20000000, FPS 2894.

average episode rewards is -114.92846012115479

 Scenario simple_spread Algo ua_rep_mappo Exp b2_calibrated_v4 updates 3690/6250 episodes, total num timesteps 11811200/20000000, FPS 2894.

average episode rewards is -111.3008975982666

 Scenario simple_spread Algo ua_rep_mappo Exp b2_calibrated_v4 updates 3695/6250 episodes, total num timesteps 11827200/20000000, FPS 2894.

average episode rewards is -113.53262662887573

 Scenario simple_spread Algo ua_rep_mappo Exp b2_calibrated_v4 updates 3700/6250 episodes, total num timesteps 11843200/20000000, FPS 2894.

average episode rewards is -115.8585786819458

 Scenario simple_spread Algo ua_rep_mappo Exp b2_calibrated_v4 updates 3705/6250 episodes, total num timesteps 11859200/20000000, FPS 2894.

average episode rewards is -114.21170234680176

 Scenario simple_spread Algo ua_rep_mappo Exp b2_calibrated_v4 updates 3710/6250 episodes, total num timesteps 11875200/20000000, FPS 2893.

average episode rewards is -117.0168399810791

 Scenario simple_spread Algo ua_rep_mappo Exp b2_calibrated_v4 updates 3715/6250 episodes, total num timesteps 11891200/20000000, FPS 2893.

average episode rewards is -115.7820463180542

 Scenario simple_spread Algo ua_rep_mappo Exp b2_calibrated_v4 updates 3720/6250 episodes, total num timesteps 11907200/20000000, FPS 2893.

average episode rewards is -113.36777210235596

 Scenario simple_spread Algo ua_rep_mappo Exp b2_calibrated_v4 updates 3725/6250 episodes, total num timesteps 11923200/20000000, FPS 2893.

average episode rewards is -112.96802759170532

 Scenario simple_spread Algo ua_rep_mappo Exp b2_calibrated_v4 updates 3730/6250 episodes, total num timesteps 11939200/20000000, FPS 2894.

average episode rewards is -113.01065683364868

 Scenario simple_spread Algo ua_rep_mappo Exp b2_calibrated_v4 updates 3735/6250 episodes, total num timesteps 11955200/20000000, FPS 2894.

average episode rewards is -114.03236389160156

 Scenario simple_spread Algo ua_rep_mappo Exp b2_calibrated_v4 updates 3740/6250 episodes, total num timesteps 11971200/20000000, FPS 2894.

average episode rewards is -112.68208026885986

 Scenario simple_spread Algo ua_rep_mappo Exp b2_calibrated_v4 updates 3745/6250 episodes, total num timesteps 11987200/20000000, FPS 2894.

average episode rewards is -115.51108360290527

 Scenario simple_spread Algo ua_rep_mappo Exp b2_calibrated_v4 updates 3750/6250 episodes, total num timesteps 12003200/20000000, FPS 2893.

average episode rewards is -113.00480365753174

 Scenario simple_spread Algo ua_rep_mappo Exp b2_calibrated_v4 updates 3755/6250 episodes, total num timesteps 12019200/20000000, FPS 2893.

average episode rewards is -113.80785703659058

 Scenario simple_spread Algo ua_rep_mappo Exp b2_calibrated_v4 updates 3760/6250 episodes, total num timesteps 12035200/20000000, FPS 2893.

average episode rewards is -114.84570503234863

 Scenario simple_spread Algo ua_rep_mappo Exp b2_calibrated_v4 updates 3765/6250 episodes, total num timesteps 12051200/20000000, FPS 2893.

average episode rewards is -112.50197887420654

 Scenario simple_spread Algo ua_rep_mappo Exp b2_calibrated_v4 updates 3770/6250 episodes, total num timesteps 12067200/20000000, FPS 2893.

average episode rewards is -113.39892148971558

 Scenario simple_spread Algo ua_rep_mappo Exp b2_calibrated_v4 updates 3775/6250 episodes, total num timesteps 12083200/20000000, FPS 2893.

average episode rewards is -116.67380332946777

 Scenario simple_spread Algo ua_rep_mappo Exp b2_calibrated_v4 updates 3780/6250 episodes, total num timesteps 12099200/20000000, FPS 2893.

average episode rewards is -114.4177794456482

 Scenario simple_spread Algo ua_rep_mappo Exp b2_calibrated_v4 updates 3785/6250 episodes, total num timesteps 12115200/20000000, FPS 2894.

average episode rewards is -115.48237800598145

 Scenario simple_spread Algo ua_rep_mappo Exp b2_calibrated_v4 updates 3790/6250 episodes, total num timesteps 12131200/20000000, FPS 2893.

average episode rewards is -112.83941268920898

 Scenario simple_spread Algo ua_rep_mappo Exp b2_calibrated_v4 updates 3795/6250 episodes, total num timesteps 12147200/20000000, FPS 2894.

average episode rewards is -114.48180675506592

 Scenario simple_spread Algo ua_rep_mappo Exp b2_calibrated_v4 updates 3800/6250 episodes, total num timesteps 12163200/20000000, FPS 2894.

average episode rewards is -114.4505262374878

 Scenario simple_spread Algo ua_rep_mappo Exp b2_calibrated_v4 updates 3805/6250 episodes, total num timesteps 12179200/20000000, FPS 2894.

average episode rewards is -115.84032773971558

 Scenario simple_spread Algo ua_rep_mappo Exp b2_calibrated_v4 updates 3810/6250 episodes, total num timesteps 12195200/20000000, FPS 2893.

average episode rewards is -113.06374073028564

 Scenario simple_spread Algo ua_rep_mappo Exp b2_calibrated_v4 updates 3815/6250 episodes, total num timesteps 12211200/20000000, FPS 2893.

average episode rewards is -114.06174898147583

 Scenario simple_spread Algo ua_rep_mappo Exp b2_calibrated_v4 updates 3820/6250 episodes, total num timesteps 12227200/20000000, FPS 2893.

average episode rewards is -113.19153308868408

 Scenario simple_spread Algo ua_rep_mappo Exp b2_calibrated_v4 updates 3825/6250 episodes, total num timesteps 12243200/20000000, FPS 2893.

average episode rewards is -113.81415128707886

 Scenario simple_spread Algo ua_rep_mappo Exp b2_calibrated_v4 updates 3830/6250 episodes, total num timesteps 12259200/20000000, FPS 2893.

average episode rewards is -114.12926912307739

 Scenario simple_spread Algo ua_rep_mappo Exp b2_calibrated_v4 updates 3835/6250 episodes, total num timesteps 12275200/20000000, FPS 2893.

average episode rewards is -114.80170488357544

 Scenario simple_spread Algo ua_rep_mappo Exp b2_calibrated_v4 updates 3840/6250 episodes, total num timesteps 12291200/20000000, FPS 2893.

average episode rewards is -114.73922729492188

 Scenario simple_spread Algo ua_rep_mappo Exp b2_calibrated_v4 updates 3845/6250 episodes, total num timesteps 12307200/20000000, FPS 2893.

average episode rewards is -115.4999852180481

 Scenario simple_spread Algo ua_rep_mappo Exp b2_calibrated_v4 updates 3850/6250 episodes, total num timesteps 12323200/20000000, FPS 2894.

average episode rewards is -114.16505575180054

 Scenario simple_spread Algo ua_rep_mappo Exp b2_calibrated_v4 updates 3855/6250 episodes, total num timesteps 12339200/20000000, FPS 2894.

average episode rewards is -113.46598863601685

 Scenario simple_spread Algo ua_rep_mappo Exp b2_calibrated_v4 updates 3860/6250 episodes, total num timesteps 12355200/20000000, FPS 2894.

average episode rewards is -115.96012115478516

 Scenario simple_spread Algo ua_rep_mappo Exp b2_calibrated_v4 updates 3865/6250 episodes, total num timesteps 12371200/20000000, FPS 2894.

average episode rewards is -115.01225233078003

 Scenario simple_spread Algo ua_rep_mappo Exp b2_calibrated_v4 updates 3870/6250 episodes, total num timesteps 12387200/20000000, FPS 2894.

average episode rewards is -113.73990774154663

 Scenario simple_spread Algo ua_rep_mappo Exp b2_calibrated_v4 updates 3875/6250 episodes, total num timesteps 12403200/20000000, FPS 2893.

average episode rewards is -116.31278991699219

 Scenario simple_spread Algo ua_rep_mappo Exp b2_calibrated_v4 updates 3880/6250 episodes, total num timesteps 12419200/20000000, FPS 2893.

average episode rewards is -116.99479818344116

 Scenario simple_spread Algo ua_rep_mappo Exp b2_calibrated_v4 updates 3885/6250 episodes, total num timesteps 12435200/20000000, FPS 2893.

average episode rewards is -115.75838327407837

 Scenario simple_spread Algo ua_rep_mappo Exp b2_calibrated_v4 updates 3890/6250 episodes, total num timesteps 12451200/20000000, FPS 2893.

average episode rewards is -116.46250486373901

 Scenario simple_spread Algo ua_rep_mappo Exp b2_calibrated_v4 updates 3895/6250 episodes, total num timesteps 12467200/20000000, FPS 2894.

average episode rewards is -113.05632591247559

 Scenario simple_spread Algo ua_rep_mappo Exp b2_calibrated_v4 updates 3900/6250 episodes, total num timesteps 12483200/20000000, FPS 2894.

average episode rewards is -113.6333703994751

 Scenario simple_spread Algo ua_rep_mappo Exp b2_calibrated_v4 updates 3905/6250 episodes, total num timesteps 12499200/20000000, FPS 2894.

average episode rewards is -113.42562437057495

 Scenario simple_spread Algo ua_rep_mappo Exp b2_calibrated_v4 updates 3910/6250 episodes, total num timesteps 12515200/20000000, FPS 2894.

average episode rewards is -115.27109146118164

 Scenario simple_spread Algo ua_rep_mappo Exp b2_calibrated_v4 updates 3915/6250 episodes, total num timesteps 12531200/20000000, FPS 2894.

average episode rewards is -116.17767810821533

 Scenario simple_spread Algo ua_rep_mappo Exp b2_calibrated_v4 updates 3920/6250 episodes, total num timesteps 12547200/20000000, FPS 2894.

average episode rewards is -113.12828063964844

 Scenario simple_spread Algo ua_rep_mappo Exp b2_calibrated_v4 updates 3925/6250 episodes, total num timesteps 12563200/20000000, FPS 2894.

average episode rewards is -116.47495031356812

 Scenario simple_spread Algo ua_rep_mappo Exp b2_calibrated_v4 updates 3930/6250 episodes, total num timesteps 12579200/20000000, FPS 2894.

average episode rewards is -113.14387321472168

 Scenario simple_spread Algo ua_rep_mappo Exp b2_calibrated_v4 updates 3935/6250 episodes, total num timesteps 12595200/20000000, FPS 2894.

average episode rewards is -113.2170557975769

 Scenario simple_spread Algo ua_rep_mappo Exp b2_calibrated_v4 updates 3940/6250 episodes, total num timesteps 12611200/20000000, FPS 2894.

average episode rewards is -114.45978879928589

 Scenario simple_spread Algo ua_rep_mappo Exp b2_calibrated_v4 updates 3945/6250 episodes, total num timesteps 12627200/20000000, FPS 2894.

average episode rewards is -114.62098360061646

 Scenario simple_spread Algo ua_rep_mappo Exp b2_calibrated_v4 updates 3950/6250 episodes, total num timesteps 12643200/20000000, FPS 2894.

average episode rewards is -112.28188276290894

 Scenario simple_spread Algo ua_rep_mappo Exp b2_calibrated_v4 updates 3955/6250 episodes, total num timesteps 12659200/20000000, FPS 2894.

average episode rewards is -113.05118799209595

 Scenario simple_spread Algo ua_rep_mappo Exp b2_calibrated_v4 updates 3960/6250 episodes, total num timesteps 12675200/20000000, FPS 2894.

average episode rewards is -115.11733531951904

 Scenario simple_spread Algo ua_rep_mappo Exp b2_calibrated_v4 updates 3965/6250 episodes, total num timesteps 12691200/20000000, FPS 2894.

average episode rewards is -114.99999761581421

 Scenario simple_spread Algo ua_rep_mappo Exp b2_calibrated_v4 updates 3970/6250 episodes, total num timesteps 12707200/20000000, FPS 2894.

average episode rewards is -114.83384370803833

 Scenario simple_spread Algo ua_rep_mappo Exp b2_calibrated_v4 updates 3975/6250 episodes, total num timesteps 12723200/20000000, FPS 2894.

average episode rewards is -113.59330415725708

 Scenario simple_spread Algo ua_rep_mappo Exp b2_calibrated_v4 updates 3980/6250 episodes, total num timesteps 12739200/20000000, FPS 2894.

average episode rewards is -112.04088926315308

 Scenario simple_spread Algo ua_rep_mappo Exp b2_calibrated_v4 updates 3985/6250 episodes, total num timesteps 12755200/20000000, FPS 2895.

average episode rewards is -112.22995519638062

 Scenario simple_spread Algo ua_rep_mappo Exp b2_calibrated_v4 updates 3990/6250 episodes, total num timesteps 12771200/20000000, FPS 2895.

average episode rewards is -114.57662582397461

 Scenario simple_spread Algo ua_rep_mappo Exp b2_calibrated_v4 updates 3995/6250 episodes, total num timesteps 12787200/20000000, FPS 2895.

average episode rewards is -114.29502964019775

 Scenario simple_spread Algo ua_rep_mappo Exp b2_calibrated_v4 updates 4000/6250 episodes, total num timesteps 12803200/20000000, FPS 2895.

average episode rewards is -112.69354820251465

 Scenario simple_spread Algo ua_rep_mappo Exp b2_calibrated_v4 updates 4005/6250 episodes, total num timesteps 12819200/20000000, FPS 2895.

average episode rewards is -114.60263729095459

 Scenario simple_spread Algo ua_rep_mappo Exp b2_calibrated_v4 updates 4010/6250 episodes, total num timesteps 12835200/20000000, FPS 2895.

average episode rewards is -112.99412250518799

 Scenario simple_spread Algo ua_rep_mappo Exp b2_calibrated_v4 updates 4015/6250 episodes, total num timesteps 12851200/20000000, FPS 2895.

average episode rewards is -113.08777332305908

 Scenario simple_spread Algo ua_rep_mappo Exp b2_calibrated_v4 updates 4020/6250 episodes, total num timesteps 12867200/20000000, FPS 2895.

average episode rewards is -116.3630485534668

 Scenario simple_spread Algo ua_rep_mappo Exp b2_calibrated_v4 updates 4025/6250 episodes, total num timesteps 12883200/20000000, FPS 2895.

average episode rewards is -112.88161277770996

 Scenario simple_spread Algo ua_rep_mappo Exp b2_calibrated_v4 updates 4030/6250 episodes, total num timesteps 12899200/20000000, FPS 2895.

average episode rewards is -112.2189998626709

 Scenario simple_spread Algo ua_rep_mappo Exp b2_calibrated_v4 updates 4035/6250 episodes, total num timesteps 12915200/20000000, FPS 2895.

average episode rewards is -114.4044280052185

 Scenario simple_spread Algo ua_rep_mappo Exp b2_calibrated_v4 updates 4040/6250 episodes, total num timesteps 12931200/20000000, FPS 2895.

average episode rewards is -112.64923810958862

 Scenario simple_spread Algo ua_rep_mappo Exp b2_calibrated_v4 updates 4045/6250 episodes, total num timesteps 12947200/20000000, FPS 2896.

average episode rewards is -113.24894428253174

 Scenario simple_spread Algo ua_rep_mappo Exp b2_calibrated_v4 updates 4050/6250 episodes, total num timesteps 12963200/20000000, FPS 2896.

average episode rewards is -114.89803791046143

 Scenario simple_spread Algo ua_rep_mappo Exp b2_calibrated_v4 updates 4055/6250 episodes, total num timesteps 12979200/20000000, FPS 2896.

average episode rewards is -112.53284215927124

 Scenario simple_spread Algo ua_rep_mappo Exp b2_calibrated_v4 updates 4060/6250 episodes, total num timesteps 12995200/20000000, FPS 2896.

average episode rewards is -116.53764247894287

 Scenario simple_spread Algo ua_rep_mappo Exp b2_calibrated_v4 updates 4065/6250 episodes, total num timesteps 13011200/20000000, FPS 2896.

average episode rewards is -115.1213526725769

 Scenario simple_spread Algo ua_rep_mappo Exp b2_calibrated_v4 updates 4070/6250 episodes, total num timesteps 13027200/20000000, FPS 2897.

average episode rewards is -112.68131732940674

 Scenario simple_spread Algo ua_rep_mappo Exp b2_calibrated_v4 updates 4075/6250 episodes, total num timesteps 13043200/20000000, FPS 2897.

average episode rewards is -114.57194089889526

 Scenario simple_spread Algo ua_rep_mappo Exp b2_calibrated_v4 updates 4080/6250 episodes, total num timesteps 13059200/20000000, FPS 2897.

average episode rewards is -114.13123607635498

 Scenario simple_spread Algo ua_rep_mappo Exp b2_calibrated_v4 updates 4085/6250 episodes, total num timesteps 13075200/20000000, FPS 2897.

average episode rewards is -113.0639910697937

 Scenario simple_spread Algo ua_rep_mappo Exp b2_calibrated_v4 updates 4090/6250 episodes, total num timesteps 13091200/20000000, FPS 2897.

average episode rewards is -112.88344860076904

 Scenario simple_spread Algo ua_rep_mappo Exp b2_calibrated_v4 updates 4095/6250 episodes, total num timesteps 13107200/20000000, FPS 2897.

average episode rewards is -114.83187675476074

 Scenario simple_spread Algo ua_rep_mappo Exp b2_calibrated_v4 updates 4100/6250 episodes, total num timesteps 13123200/20000000, FPS 2897.

average episode rewards is -113.36233615875244

 Scenario simple_spread Algo ua_rep_mappo Exp b2_calibrated_v4 updates 4105/6250 episodes, total num timesteps 13139200/20000000, FPS 2897.

average episode rewards is -113.42644691467285

 Scenario simple_spread Algo ua_rep_mappo Exp b2_calibrated_v4 updates 4110/6250 episodes, total num timesteps 13155200/20000000, FPS 2897.

average episode rewards is -113.85948657989502

 Scenario simple_spread Algo ua_rep_mappo Exp b2_calibrated_v4 updates 4115/6250 episodes, total num timesteps 13171200/20000000, FPS 2897.

average episode rewards is -114.358389377594

 Scenario simple_spread Algo ua_rep_mappo Exp b2_calibrated_v4 updates 4120/6250 episodes, total num timesteps 13187200/20000000, FPS 2897.

average episode rewards is -115.44743776321411

 Scenario simple_spread Algo ua_rep_mappo Exp b2_calibrated_v4 updates 4125/6250 episodes, total num timesteps 13203200/20000000, FPS 2897.

average episode rewards is -114.74250555038452

 Scenario simple_spread Algo ua_rep_mappo Exp b2_calibrated_v4 updates 4130/6250 episodes, total num timesteps 13219200/20000000, FPS 2897.

average episode rewards is -113.90489339828491

 Scenario simple_spread Algo ua_rep_mappo Exp b2_calibrated_v4 updates 4135/6250 episodes, total num timesteps 13235200/20000000, FPS 2897.

average episode rewards is -114.60095643997192

 Scenario simple_spread Algo ua_rep_mappo Exp b2_calibrated_v4 updates 4140/6250 episodes, total num timesteps 13251200/20000000, FPS 2897.

average episode rewards is -114.58081007003784

 Scenario simple_spread Algo ua_rep_mappo Exp b2_calibrated_v4 updates 4145/6250 episodes, total num timesteps 13267200/20000000, FPS 2897.

average episode rewards is -112.08276748657227

 Scenario simple_spread Algo ua_rep_mappo Exp b2_calibrated_v4 updates 4150/6250 episodes, total num timesteps 13283200/20000000, FPS 2897.

average episode rewards is -114.19196128845215

 Scenario simple_spread Algo ua_rep_mappo Exp b2_calibrated_v4 updates 4155/6250 episodes, total num timesteps 13299200/20000000, FPS 2897.

average episode rewards is -111.2092137336731

 Scenario simple_spread Algo ua_rep_mappo Exp b2_calibrated_v4 updates 4160/6250 episodes, total num timesteps 13315200/20000000, FPS 2898.

average episode rewards is -112.978196144104

 Scenario simple_spread Algo ua_rep_mappo Exp b2_calibrated_v4 updates 4165/6250 episodes, total num timesteps 13331200/20000000, FPS 2898.

average episode rewards is -115.60038328170776

 Scenario simple_spread Algo ua_rep_mappo Exp b2_calibrated_v4 updates 4170/6250 episodes, total num timesteps 13347200/20000000, FPS 2898.

average episode rewards is -112.98282146453857

 Scenario simple_spread Algo ua_rep_mappo Exp b2_calibrated_v4 updates 4175/6250 episodes, total num timesteps 13363200/20000000, FPS 2898.

average episode rewards is -111.32253408432007

 Scenario simple_spread Algo ua_rep_mappo Exp b2_calibrated_v4 updates 4180/6250 episodes, total num timesteps 13379200/20000000, FPS 2898.

average episode rewards is -112.37316131591797

 Scenario simple_spread Algo ua_rep_mappo Exp b2_calibrated_v4 updates 4185/6250 episodes, total num timesteps 13395200/20000000, FPS 2898.

average episode rewards is -110.48495769500732

 Scenario simple_spread Algo ua_rep_mappo Exp b2_calibrated_v4 updates 4190/6250 episodes, total num timesteps 13411200/20000000, FPS 2898.

average episode rewards is -113.41192722320557

 Scenario simple_spread Algo ua_rep_mappo Exp b2_calibrated_v4 updates 4195/6250 episodes, total num timesteps 13427200/20000000, FPS 2898.

average episode rewards is -112.46856451034546

 Scenario simple_spread Algo ua_rep_mappo Exp b2_calibrated_v4 updates 4200/6250 episodes, total num timesteps 13443200/20000000, FPS 2898.

average episode rewards is -115.76991081237793

 Scenario simple_spread Algo ua_rep_mappo Exp b2_calibrated_v4 updates 4205/6250 episodes, total num timesteps 13459200/20000000, FPS 2898.

average episode rewards is -114.28506374359131

 Scenario simple_spread Algo ua_rep_mappo Exp b2_calibrated_v4 updates 4210/6250 episodes, total num timesteps 13475200/20000000, FPS 2899.

average episode rewards is -109.61402654647827

 Scenario simple_spread Algo ua_rep_mappo Exp b2_calibrated_v4 updates 4215/6250 episodes, total num timesteps 13491200/20000000, FPS 2899.

average episode rewards is -112.58666515350342

 Scenario simple_spread Algo ua_rep_mappo Exp b2_calibrated_v4 updates 4220/6250 episodes, total num timesteps 13507200/20000000, FPS 2899.

average episode rewards is -112.68436908721924

 Scenario simple_spread Algo ua_rep_mappo Exp b2_calibrated_v4 updates 4225/6250 episodes, total num timesteps 13523200/20000000, FPS 2899.

average episode rewards is -113.40994834899902

 Scenario simple_spread Algo ua_rep_mappo Exp b2_calibrated_v4 updates 4230/6250 episodes, total num timesteps 13539200/20000000, FPS 2899.

average episode rewards is -113.78083229064941

 Scenario simple_spread Algo ua_rep_mappo Exp b2_calibrated_v4 updates 4235/6250 episodes, total num timesteps 13555200/20000000, FPS 2900.

average episode rewards is -114.34012651443481

 Scenario simple_spread Algo ua_rep_mappo Exp b2_calibrated_v4 updates 4240/6250 episodes, total num timesteps 13571200/20000000, FPS 2900.

average episode rewards is -111.92138195037842

 Scenario simple_spread Algo ua_rep_mappo Exp b2_calibrated_v4 updates 4245/6250 episodes, total num timesteps 13587200/20000000, FPS 2900.

average episode rewards is -115.17661809921265

 Scenario simple_spread Algo ua_rep_mappo Exp b2_calibrated_v4 updates 4250/6250 episodes, total num timesteps 13603200/20000000, FPS 2899.

average episode rewards is -114.15610313415527

 Scenario simple_spread Algo ua_rep_mappo Exp b2_calibrated_v4 updates 4255/6250 episodes, total num timesteps 13619200/20000000, FPS 2900.

average episode rewards is -113.05080652236938

 Scenario simple_spread Algo ua_rep_mappo Exp b2_calibrated_v4 updates 4260/6250 episodes, total num timesteps 13635200/20000000, FPS 2900.

average episode rewards is -114.18399810791016

 Scenario simple_spread Algo ua_rep_mappo Exp b2_calibrated_v4 updates 4265/6250 episodes, total num timesteps 13651200/20000000, FPS 2900.

average episode rewards is -112.93536424636841

 Scenario simple_spread Algo ua_rep_mappo Exp b2_calibrated_v4 updates 4270/6250 episodes, total num timesteps 13667200/20000000, FPS 2900.

average episode rewards is -113.25165033340454

 Scenario simple_spread Algo ua_rep_mappo Exp b2_calibrated_v4 updates 4275/6250 episodes, total num timesteps 13683200/20000000, FPS 2900.

average episode rewards is -113.40876817703247

 Scenario simple_spread Algo ua_rep_mappo Exp b2_calibrated_v4 updates 4280/6250 episodes, total num timesteps 13699200/20000000, FPS 2900.

average episode rewards is -112.2758150100708

 Scenario simple_spread Algo ua_rep_mappo Exp b2_calibrated_v4 updates 4285/6250 episodes, total num timesteps 13715200/20000000, FPS 2900.

average episode rewards is -112.79407739639282

 Scenario simple_spread Algo ua_rep_mappo Exp b2_calibrated_v4 updates 4290/6250 episodes, total num timesteps 13731200/20000000, FPS 2900.

average episode rewards is -114.11582231521606

 Scenario simple_spread Algo ua_rep_mappo Exp b2_calibrated_v4 updates 4295/6250 episodes, total num timesteps 13747200/20000000, FPS 2900.

average episode rewards is -114.91897106170654

 Scenario simple_spread Algo ua_rep_mappo Exp b2_calibrated_v4 updates 4300/6250 episodes, total num timesteps 13763200/20000000, FPS 2900.

average episode rewards is -113.4824275970459

 Scenario simple_spread Algo ua_rep_mappo Exp b2_calibrated_v4 updates 4305/6250 episodes, total num timesteps 13779200/20000000, FPS 2900.

average episode rewards is -111.90452575683594

 Scenario simple_spread Algo ua_rep_mappo Exp b2_calibrated_v4 updates 4310/6250 episodes, total num timesteps 13795200/20000000, FPS 2901.

average episode rewards is -113.25013637542725

 Scenario simple_spread Algo ua_rep_mappo Exp b2_calibrated_v4 updates 4315/6250 episodes, total num timesteps 13811200/20000000, FPS 2901.

average episode rewards is -112.39328384399414

 Scenario simple_spread Algo ua_rep_mappo Exp b2_calibrated_v4 updates 4320/6250 episodes, total num timesteps 13827200/20000000, FPS 2901.

average episode rewards is -113.52896690368652

 Scenario simple_spread Algo ua_rep_mappo Exp b2_calibrated_v4 updates 4325/6250 episodes, total num timesteps 13843200/20000000, FPS 2901.

average episode rewards is -112.48576641082764

 Scenario simple_spread Algo ua_rep_mappo Exp b2_calibrated_v4 updates 4330/6250 episodes, total num timesteps 13859200/20000000, FPS 2901.

average episode rewards is -114.52807188034058

 Scenario simple_spread Algo ua_rep_mappo Exp b2_calibrated_v4 updates 4335/6250 episodes, total num timesteps 13875200/20000000, FPS 2901.

average episode rewards is -113.92087936401367

 Scenario simple_spread Algo ua_rep_mappo Exp b2_calibrated_v4 updates 4340/6250 episodes, total num timesteps 13891200/20000000, FPS 2901.

average episode rewards is -117.15961694717407

 Scenario simple_spread Algo ua_rep_mappo Exp b2_calibrated_v4 updates 4345/6250 episodes, total num timesteps 13907200/20000000, FPS 2901.

average episode rewards is -112.30897903442383

 Scenario simple_spread Algo ua_rep_mappo Exp b2_calibrated_v4 updates 4350/6250 episodes, total num timesteps 13923200/20000000, FPS 2901.

average episode rewards is -114.43346738815308

 Scenario simple_spread Algo ua_rep_mappo Exp b2_calibrated_v4 updates 4355/6250 episodes, total num timesteps 13939200/20000000, FPS 2901.

average episode rewards is -113.66056203842163

 Scenario simple_spread Algo ua_rep_mappo Exp b2_calibrated_v4 updates 4360/6250 episodes, total num timesteps 13955200/20000000, FPS 2901.

average episode rewards is -111.75065040588379

 Scenario simple_spread Algo ua_rep_mappo Exp b2_calibrated_v4 updates 4365/6250 episodes, total num timesteps 13971200/20000000, FPS 2901.

average episode rewards is -116.68180227279663

 Scenario simple_spread Algo ua_rep_mappo Exp b2_calibrated_v4 updates 4370/6250 episodes, total num timesteps 13987200/20000000, FPS 2902.

average episode rewards is -116.22214317321777

 Scenario simple_spread Algo ua_rep_mappo Exp b2_calibrated_v4 updates 4375/6250 episodes, total num timesteps 14003200/20000000, FPS 2901.

average episode rewards is -113.78155946731567

 Scenario simple_spread Algo ua_rep_mappo Exp b2_calibrated_v4 updates 4380/6250 episodes, total num timesteps 14019200/20000000, FPS 2902.

average episode rewards is -113.82423639297485

 Scenario simple_spread Algo ua_rep_mappo Exp b2_calibrated_v4 updates 4385/6250 episodes, total num timesteps 14035200/20000000, FPS 2902.

average episode rewards is -115.26269912719727

 Scenario simple_spread Algo ua_rep_mappo Exp b2_calibrated_v4 updates 4390/6250 episodes, total num timesteps 14051200/20000000, FPS 2902.

average episode rewards is -115.02703428268433

 Scenario simple_spread Algo ua_rep_mappo Exp b2_calibrated_v4 updates 4395/6250 episodes, total num timesteps 14067200/20000000, FPS 2902.

average episode rewards is -113.00480365753174

 Scenario simple_spread Algo ua_rep_mappo Exp b2_calibrated_v4 updates 4400/6250 episodes, total num timesteps 14083200/20000000, FPS 2902.

average episode rewards is -114.28905725479126

 Scenario simple_spread Algo ua_rep_mappo Exp b2_calibrated_v4 updates 4405/6250 episodes, total num timesteps 14099200/20000000, FPS 2902.

average episode rewards is -112.60695457458496

 Scenario simple_spread Algo ua_rep_mappo Exp b2_calibrated_v4 updates 4410/6250 episodes, total num timesteps 14115200/20000000, FPS 2902.

average episode rewards is -111.8528962135315

 Scenario simple_spread Algo ua_rep_mappo Exp b2_calibrated_v4 updates 4415/6250 episodes, total num timesteps 14131200/20000000, FPS 2902.

average episode rewards is -112.3947024345398

 Scenario simple_spread Algo ua_rep_mappo Exp b2_calibrated_v4 updates 4420/6250 episodes, total num timesteps 14147200/20000000, FPS 2902.

average episode rewards is -113.21812868118286

 Scenario simple_spread Algo ua_rep_mappo Exp b2_calibrated_v4 updates 4425/6250 episodes, total num timesteps 14163200/20000000, FPS 2902.

average episode rewards is -111.91930770874023

 Scenario simple_spread Algo ua_rep_mappo Exp b2_calibrated_v4 updates 4430/6250 episodes, total num timesteps 14179200/20000000, FPS 2902.

average episode rewards is -113.26438188552856

 Scenario simple_spread Algo ua_rep_mappo Exp b2_calibrated_v4 updates 4435/6250 episodes, total num timesteps 14195200/20000000, FPS 2903.

average episode rewards is -114.1412615776062

 Scenario simple_spread Algo ua_rep_mappo Exp b2_calibrated_v4 updates 4440/6250 episodes, total num timesteps 14211200/20000000, FPS 2903.

average episode rewards is -112.54007816314697

 Scenario simple_spread Algo ua_rep_mappo Exp b2_calibrated_v4 updates 4445/6250 episodes, total num timesteps 14227200/20000000, FPS 2903.

average episode rewards is -116.93944931030273

 Scenario simple_spread Algo ua_rep_mappo Exp b2_calibrated_v4 updates 4450/6250 episodes, total num timesteps 14243200/20000000, FPS 2903.

average episode rewards is -115.76824188232422

 Scenario simple_spread Algo ua_rep_mappo Exp b2_calibrated_v4 updates 4455/6250 episodes, total num timesteps 14259200/20000000, FPS 2903.

average episode rewards is -111.39265298843384

 Scenario simple_spread Algo ua_rep_mappo Exp b2_calibrated_v4 updates 4460/6250 episodes, total num timesteps 14275200/20000000, FPS 2903.

average episode rewards is -113.02366256713867

 Scenario simple_spread Algo ua_rep_mappo Exp b2_calibrated_v4 updates 4465/6250 episodes, total num timesteps 14291200/20000000, FPS 2903.

average episode rewards is -112.8369927406311

 Scenario simple_spread Algo ua_rep_mappo Exp b2_calibrated_v4 updates 4470/6250 episodes, total num timesteps 14307200/20000000, FPS 2904.

average episode rewards is -113.7442946434021

 Scenario simple_spread Algo ua_rep_mappo Exp b2_calibrated_v4 updates 4475/6250 episodes, total num timesteps 14323200/20000000, FPS 2904.

average episode rewards is -115.41460752487183

 Scenario simple_spread Algo ua_rep_mappo Exp b2_calibrated_v4 updates 4480/6250 episodes, total num timesteps 14339200/20000000, FPS 2904.

average episode rewards is -114.29181098937988

 Scenario simple_spread Algo ua_rep_mappo Exp b2_calibrated_v4 updates 4485/6250 episodes, total num timesteps 14355200/20000000, FPS 2904.

average episode rewards is -115.28083086013794

 Scenario simple_spread Algo ua_rep_mappo Exp b2_calibrated_v4 updates 4490/6250 episodes, total num timesteps 14371200/20000000, FPS 2904.

average episode rewards is -113.50528001785278

 Scenario simple_spread Algo ua_rep_mappo Exp b2_calibrated_v4 updates 4495/6250 episodes, total num timesteps 14387200/20000000, FPS 2904.

average episode rewards is -113.09795379638672

 Scenario simple_spread Algo ua_rep_mappo Exp b2_calibrated_v4 updates 4500/6250 episodes, total num timesteps 14403200/20000000, FPS 2904.

average episode rewards is -113.4947657585144

 Scenario simple_spread Algo ua_rep_mappo Exp b2_calibrated_v4 updates 4505/6250 episodes, total num timesteps 14419200/20000000, FPS 2904.

average episode rewards is -115.68886041641235

 Scenario simple_spread Algo ua_rep_mappo Exp b2_calibrated_v4 updates 4510/6250 episodes, total num timesteps 14435200/20000000, FPS 2904.

average episode rewards is -112.73342370986938

 Scenario simple_spread Algo ua_rep_mappo Exp b2_calibrated_v4 updates 4515/6250 episodes, total num timesteps 14451200/20000000, FPS 2904.

average episode rewards is -113.97640705108643

 Scenario simple_spread Algo ua_rep_mappo Exp b2_calibrated_v4 updates 4520/6250 episodes, total num timesteps 14467200/20000000, FPS 2905.

average episode rewards is -111.10832691192627

 Scenario simple_spread Algo ua_rep_mappo Exp b2_calibrated_v4 updates 4525/6250 episodes, total num timesteps 14483200/20000000, FPS 2905.

average episode rewards is -112.3218297958374

 Scenario simple_spread Algo ua_rep_mappo Exp b2_calibrated_v4 updates 4530/6250 episodes, total num timesteps 14499200/20000000, FPS 2905.

average episode rewards is -111.96800470352173

 Scenario simple_spread Algo ua_rep_mappo Exp b2_calibrated_v4 updates 4535/6250 episodes, total num timesteps 14515200/20000000, FPS 2905.

average episode rewards is -111.80201768875122

 Scenario simple_spread Algo ua_rep_mappo Exp b2_calibrated_v4 updates 4540/6250 episodes, total num timesteps 14531200/20000000, FPS 2904.

average episode rewards is -112.0187759399414

 Scenario simple_spread Algo ua_rep_mappo Exp b2_calibrated_v4 updates 4545/6250 episodes, total num timesteps 14547200/20000000, FPS 2904.

average episode rewards is -112.44761943817139

 Scenario simple_spread Algo ua_rep_mappo Exp b2_calibrated_v4 updates 4550/6250 episodes, total num timesteps 14563200/20000000, FPS 2904.

average episode rewards is -114.79382514953613

 Scenario simple_spread Algo ua_rep_mappo Exp b2_calibrated_v4 updates 4555/6250 episodes, total num timesteps 14579200/20000000, FPS 2904.

average episode rewards is -114.5123839378357

 Scenario simple_spread Algo ua_rep_mappo Exp b2_calibrated_v4 updates 4560/6250 episodes, total num timesteps 14595200/20000000, FPS 2904.

average episode rewards is -114.02417421340942

 Scenario simple_spread Algo ua_rep_mappo Exp b2_calibrated_v4 updates 4565/6250 episodes, total num timesteps 14611200/20000000, FPS 2904.

average episode rewards is -115.14055728912354

 Scenario simple_spread Algo ua_rep_mappo Exp b2_calibrated_v4 updates 4570/6250 episodes, total num timesteps 14627200/20000000, FPS 2904.

average episode rewards is -111.64467334747314

 Scenario simple_spread Algo ua_rep_mappo Exp b2_calibrated_v4 updates 4575/6250 episodes, total num timesteps 14643200/20000000, FPS 2904.

average episode rewards is -114.32451009750366

 Scenario simple_spread Algo ua_rep_mappo Exp b2_calibrated_v4 updates 4580/6250 episodes, total num timesteps 14659200/20000000, FPS 2904.

average episode rewards is -113.91608715057373

 Scenario simple_spread Algo ua_rep_mappo Exp b2_calibrated_v4 updates 4585/6250 episodes, total num timesteps 14675200/20000000, FPS 2904.

average episode rewards is -111.37239933013916

 Scenario simple_spread Algo ua_rep_mappo Exp b2_calibrated_v4 updates 4590/6250 episodes, total num timesteps 14691200/20000000, FPS 2904.

average episode rewards is -113.87192010879517

 Scenario simple_spread Algo ua_rep_mappo Exp b2_calibrated_v4 updates 4595/6250 episodes, total num timesteps 14707200/20000000, FPS 2904.

average episode rewards is -112.36132383346558

 Scenario simple_spread Algo ua_rep_mappo Exp b2_calibrated_v4 updates 4600/6250 episodes, total num timesteps 14723200/20000000, FPS 2904.

average episode rewards is -112.71411180496216

 Scenario simple_spread Algo ua_rep_mappo Exp b2_calibrated_v4 updates 4605/6250 episodes, total num timesteps 14739200/20000000, FPS 2904.

average episode rewards is -113.13486099243164

 Scenario simple_spread Algo ua_rep_mappo Exp b2_calibrated_v4 updates 4610/6250 episodes, total num timesteps 14755200/20000000, FPS 2904.

average episode rewards is -112.93579339981079

 Scenario simple_spread Algo ua_rep_mappo Exp b2_calibrated_v4 updates 4615/6250 episodes, total num timesteps 14771200/20000000, FPS 2904.

average episode rewards is -112.72779703140259

 Scenario simple_spread Algo ua_rep_mappo Exp b2_calibrated_v4 updates 4620/6250 episodes, total num timesteps 14787200/20000000, FPS 2904.

average episode rewards is -111.90863847732544

 Scenario simple_spread Algo ua_rep_mappo Exp b2_calibrated_v4 updates 4625/6250 episodes, total num timesteps 14803200/20000000, FPS 2904.

average episode rewards is -113.62076997756958

 Scenario simple_spread Algo ua_rep_mappo Exp b2_calibrated_v4 updates 4630/6250 episodes, total num timesteps 14819200/20000000, FPS 2905.

average episode rewards is -112.6550555229187

 Scenario simple_spread Algo ua_rep_mappo Exp b2_calibrated_v4 updates 4635/6250 episodes, total num timesteps 14835200/20000000, FPS 2905.

average episode rewards is -112.22225427627563

 Scenario simple_spread Algo ua_rep_mappo Exp b2_calibrated_v4 updates 4640/6250 episodes, total num timesteps 14851200/20000000, FPS 2905.

average episode rewards is -113.78717422485352

 Scenario simple_spread Algo ua_rep_mappo Exp b2_calibrated_v4 updates 4645/6250 episodes, total num timesteps 14867200/20000000, FPS 2905.

average episode rewards is -113.26740980148315

 Scenario simple_spread Algo ua_rep_mappo Exp b2_calibrated_v4 updates 4650/6250 episodes, total num timesteps 14883200/20000000, FPS 2906.

average episode rewards is -114.55293893814087

 Scenario simple_spread Algo ua_rep_mappo Exp b2_calibrated_v4 updates 4655/6250 episodes, total num timesteps 14899200/20000000, FPS 2906.

average episode rewards is -113.83365392684937

 Scenario simple_spread Algo ua_rep_mappo Exp b2_calibrated_v4 updates 4660/6250 episodes, total num timesteps 14915200/20000000, FPS 2906.

average episode rewards is -113.13505172729492

 Scenario simple_spread Algo ua_rep_mappo Exp b2_calibrated_v4 updates 4665/6250 episodes, total num timesteps 14931200/20000000, FPS 2906.

average episode rewards is -113.42853307723999

 Scenario simple_spread Algo ua_rep_mappo Exp b2_calibrated_v4 updates 4670/6250 episodes, total num timesteps 14947200/20000000, FPS 2906.

average episode rewards is -112.38512992858887

 Scenario simple_spread Algo ua_rep_mappo Exp b2_calibrated_v4 updates 4675/6250 episodes, total num timesteps 14963200/20000000, FPS 2906.

average episode rewards is -113.14531564712524

 Scenario simple_spread Algo ua_rep_mappo Exp b2_calibrated_v4 updates 4680/6250 episodes, total num timesteps 14979200/20000000, FPS 2906.

average episode rewards is -112.61981725692749

 Scenario simple_spread Algo ua_rep_mappo Exp b2_calibrated_v4 updates 4685/6250 episodes, total num timesteps 14995200/20000000, FPS 2906.

average episode rewards is -114.4528865814209

 Scenario simple_spread Algo ua_rep_mappo Exp b2_calibrated_v4 updates 4690/6250 episodes, total num timesteps 15011200/20000000, FPS 2906.

average episode rewards is -113.5194182395935

 Scenario simple_spread Algo ua_rep_mappo Exp b2_calibrated_v4 updates 4695/6250 episodes, total num timesteps 15027200/20000000, FPS 2906.

average episode rewards is -110.65860986709595

 Scenario simple_spread Algo ua_rep_mappo Exp b2_calibrated_v4 updates 4700/6250 episodes, total num timesteps 15043200/20000000, FPS 2906.

average episode rewards is -114.22908306121826

 Scenario simple_spread Algo ua_rep_mappo Exp b2_calibrated_v4 updates 4705/6250 episodes, total num timesteps 15059200/20000000, FPS 2906.

average episode rewards is -113.78304958343506

 Scenario simple_spread Algo ua_rep_mappo Exp b2_calibrated_v4 updates 4710/6250 episodes, total num timesteps 15075200/20000000, FPS 2906.

average episode rewards is -110.1048231124878

 Scenario simple_spread Algo ua_rep_mappo Exp b2_calibrated_v4 updates 4715/6250 episodes, total num timesteps 15091200/20000000, FPS 2906.

average episode rewards is -114.74146842956543

 Scenario simple_spread Algo ua_rep_mappo Exp b2_calibrated_v4 updates 4720/6250 episodes, total num timesteps 15107200/20000000, FPS 2907.

average episode rewards is -110.94809770584106

 Scenario simple_spread Algo ua_rep_mappo Exp b2_calibrated_v4 updates 4725/6250 episodes, total num timesteps 15123200/20000000, FPS 2907.

average episode rewards is -112.19208240509033

 Scenario simple_spread Algo ua_rep_mappo Exp b2_calibrated_v4 updates 4730/6250 episodes, total num timesteps 15139200/20000000, FPS 2907.

average episode rewards is -113.29026222229004

 Scenario simple_spread Algo ua_rep_mappo Exp b2_calibrated_v4 updates 4735/6250 episodes, total num timesteps 15155200/20000000, FPS 2907.

average episode rewards is -111.27182245254517

 Scenario simple_spread Algo ua_rep_mappo Exp b2_calibrated_v4 updates 4740/6250 episodes, total num timesteps 15171200/20000000, FPS 2907.

average episode rewards is -110.6818675994873

 Scenario simple_spread Algo ua_rep_mappo Exp b2_calibrated_v4 updates 4745/6250 episodes, total num timesteps 15187200/20000000, FPS 2908.

average episode rewards is -112.42443323135376

 Scenario simple_spread Algo ua_rep_mappo Exp b2_calibrated_v4 updates 4750/6250 episodes, total num timesteps 15203200/20000000, FPS 2908.

average episode rewards is -112.55582571029663

 Scenario simple_spread Algo ua_rep_mappo Exp b2_calibrated_v4 updates 4755/6250 episodes, total num timesteps 15219200/20000000, FPS 2908.

average episode rewards is -111.6279125213623

 Scenario simple_spread Algo ua_rep_mappo Exp b2_calibrated_v4 updates 4760/6250 episodes, total num timesteps 15235200/20000000, FPS 2908.

average episode rewards is -112.72071599960327

 Scenario simple_spread Algo ua_rep_mappo Exp b2_calibrated_v4 updates 4765/6250 episodes, total num timesteps 15251200/20000000, FPS 2908.

average episode rewards is -113.3177638053894

 Scenario simple_spread Algo ua_rep_mappo Exp b2_calibrated_v4 updates 4770/6250 episodes, total num timesteps 15267200/20000000, FPS 2908.

average episode rewards is -111.32349967956543

 Scenario simple_spread Algo ua_rep_mappo Exp b2_calibrated_v4 updates 4775/6250 episodes, total num timesteps 15283200/20000000, FPS 2908.

average episode rewards is -111.54510974884033

 Scenario simple_spread Algo ua_rep_mappo Exp b2_calibrated_v4 updates 4780/6250 episodes, total num timesteps 15299200/20000000, FPS 2908.

average episode rewards is -113.29162120819092

 Scenario simple_spread Algo ua_rep_mappo Exp b2_calibrated_v4 updates 4785/6250 episodes, total num timesteps 15315200/20000000, FPS 2908.

average episode rewards is -112.08058595657349

 Scenario simple_spread Algo ua_rep_mappo Exp b2_calibrated_v4 updates 4790/6250 episodes, total num timesteps 15331200/20000000, FPS 2909.

average episode rewards is -112.98258304595947

 Scenario simple_spread Algo ua_rep_mappo Exp b2_calibrated_v4 updates 4795/6250 episodes, total num timesteps 15347200/20000000, FPS 2909.

average episode rewards is -112.06625699996948

 Scenario simple_spread Algo ua_rep_mappo Exp b2_calibrated_v4 updates 4800/6250 episodes, total num timesteps 15363200/20000000, FPS 2909.

average episode rewards is -112.54805326461792

 Scenario simple_spread Algo ua_rep_mappo Exp b2_calibrated_v4 updates 4805/6250 episodes, total num timesteps 15379200/20000000, FPS 2909.

average episode rewards is -110.53900718688965

 Scenario simple_spread Algo ua_rep_mappo Exp b2_calibrated_v4 updates 4810/6250 episodes, total num timesteps 15395200/20000000, FPS 2909.

average episode rewards is -115.76884984970093

 Scenario simple_spread Algo ua_rep_mappo Exp b2_calibrated_v4 updates 4815/6250 episodes, total num timesteps 15411200/20000000, FPS 2910.

average episode rewards is -113.95279169082642

 Scenario simple_spread Algo ua_rep_mappo Exp b2_calibrated_v4 updates 4820/6250 episodes, total num timesteps 15427200/20000000, FPS 2910.

average episode rewards is -112.59465217590332

 Scenario simple_spread Algo ua_rep_mappo Exp b2_calibrated_v4 updates 4825/6250 episodes, total num timesteps 15443200/20000000, FPS 2910.

average episode rewards is -112.91512250900269

 Scenario simple_spread Algo ua_rep_mappo Exp b2_calibrated_v4 updates 4830/6250 episodes, total num timesteps 15459200/20000000, FPS 2910.

average episode rewards is -111.13982200622559

 Scenario simple_spread Algo ua_rep_mappo Exp b2_calibrated_v4 updates 4835/6250 episodes, total num timesteps 15475200/20000000, FPS 2910.

average episode rewards is -111.48563623428345

 Scenario simple_spread Algo ua_rep_mappo Exp b2_calibrated_v4 updates 4840/6250 episodes, total num timesteps 15491200/20000000, FPS 2910.

average episode rewards is -112.00209856033325

 Scenario simple_spread Algo ua_rep_mappo Exp b2_calibrated_v4 updates 4845/6250 episodes, total num timesteps 15507200/20000000, FPS 2911.

average episode rewards is -113.31965923309326

 Scenario simple_spread Algo ua_rep_mappo Exp b2_calibrated_v4 updates 4850/6250 episodes, total num timesteps 15523200/20000000, FPS 2911.

average episode rewards is -112.40415573120117

 Scenario simple_spread Algo ua_rep_mappo Exp b2_calibrated_v4 updates 4855/6250 episodes, total num timesteps 15539200/20000000, FPS 2911.

average episode rewards is -114.24423456192017

 Scenario simple_spread Algo ua_rep_mappo Exp b2_calibrated_v4 updates 4860/6250 episodes, total num timesteps 15555200/20000000, FPS 2911.

average episode rewards is -113.45455646514893

 Scenario simple_spread Algo ua_rep_mappo Exp b2_calibrated_v4 updates 4865/6250 episodes, total num timesteps 15571200/20000000, FPS 2912.

average episode rewards is -113.65646123886108

 Scenario simple_spread Algo ua_rep_mappo Exp b2_calibrated_v4 updates 4870/6250 episodes, total num timesteps 15587200/20000000, FPS 2912.

average episode rewards is -113.5313630104065

 Scenario simple_spread Algo ua_rep_mappo Exp b2_calibrated_v4 updates 4875/6250 episodes, total num timesteps 15603200/20000000, FPS 2912.

average episode rewards is -112.72217035293579

 Scenario simple_spread Algo ua_rep_mappo Exp b2_calibrated_v4 updates 4880/6250 episodes, total num timesteps 15619200/20000000, FPS 2912.

average episode rewards is -113.81591558456421

 Scenario simple_spread Algo ua_rep_mappo Exp b2_calibrated_v4 updates 4885/6250 episodes, total num timesteps 15635200/20000000, FPS 2912.

average episode rewards is -113.79668712615967

 Scenario simple_spread Algo ua_rep_mappo Exp b2_calibrated_v4 updates 4890/6250 episodes, total num timesteps 15651200/20000000, FPS 2912.

average episode rewards is -114.48855400085449

 Scenario simple_spread Algo ua_rep_mappo Exp b2_calibrated_v4 updates 4895/6250 episodes, total num timesteps 15667200/20000000, FPS 2912.

average episode rewards is -115.3246283531189

 Scenario simple_spread Algo ua_rep_mappo Exp b2_calibrated_v4 updates 4900/6250 episodes, total num timesteps 15683200/20000000, FPS 2912.

average episode rewards is -112.99141645431519

 Scenario simple_spread Algo ua_rep_mappo Exp b2_calibrated_v4 updates 4905/6250 episodes, total num timesteps 15699200/20000000, FPS 2912.

average episode rewards is -115.2456521987915

 Scenario simple_spread Algo ua_rep_mappo Exp b2_calibrated_v4 updates 4910/6250 episodes, total num timesteps 15715200/20000000, FPS 2912.

average episode rewards is -110.45199632644653

 Scenario simple_spread Algo ua_rep_mappo Exp b2_calibrated_v4 updates 4915/6250 episodes, total num timesteps 15731200/20000000, FPS 2913.

average episode rewards is -114.93070125579834

 Scenario simple_spread Algo ua_rep_mappo Exp b2_calibrated_v4 updates 4920/6250 episodes, total num timesteps 15747200/20000000, FPS 2913.

average episode rewards is -111.71939373016357

 Scenario simple_spread Algo ua_rep_mappo Exp b2_calibrated_v4 updates 4925/6250 episodes, total num timesteps 15763200/20000000, FPS 2913.

average episode rewards is -111.25931739807129

 Scenario simple_spread Algo ua_rep_mappo Exp b2_calibrated_v4 updates 4930/6250 episodes, total num timesteps 15779200/20000000, FPS 2912.

average episode rewards is -113.78090381622314

 Scenario simple_spread Algo ua_rep_mappo Exp b2_calibrated_v4 updates 4935/6250 episodes, total num timesteps 15795200/20000000, FPS 2913.

average episode rewards is -110.36335229873657

 Scenario simple_spread Algo ua_rep_mappo Exp b2_calibrated_v4 updates 4940/6250 episodes, total num timesteps 15811200/20000000, FPS 2913.

average episode rewards is -112.2344970703125

 Scenario simple_spread Algo ua_rep_mappo Exp b2_calibrated_v4 updates 4945/6250 episodes, total num timesteps 15827200/20000000, FPS 2913.

average episode rewards is -111.56734228134155

 Scenario simple_spread Algo ua_rep_mappo Exp b2_calibrated_v4 updates 4950/6250 episodes, total num timesteps 15843200/20000000, FPS 2913.

average episode rewards is -113.15445899963379

 Scenario simple_spread Algo ua_rep_mappo Exp b2_calibrated_v4 updates 4955/6250 episodes, total num timesteps 15859200/20000000, FPS 2913.

average episode rewards is -112.61309385299683

 Scenario simple_spread Algo ua_rep_mappo Exp b2_calibrated_v4 updates 4960/6250 episodes, total num timesteps 15875200/20000000, FPS 2913.

average episode rewards is -109.23734903335571

 Scenario simple_spread Algo ua_rep_mappo Exp b2_calibrated_v4 updates 4965/6250 episodes, total num timesteps 15891200/20000000, FPS 2913.

average episode rewards is -112.92644739151001

 Scenario simple_spread Algo ua_rep_mappo Exp b2_calibrated_v4 updates 4970/6250 episodes, total num timesteps 15907200/20000000, FPS 2913.

average episode rewards is -114.28322792053223

 Scenario simple_spread Algo ua_rep_mappo Exp b2_calibrated_v4 updates 4975/6250 episodes, total num timesteps 15923200/20000000, FPS 2913.

average episode rewards is -113.47405910491943

 Scenario simple_spread Algo ua_rep_mappo Exp b2_calibrated_v4 updates 4980/6250 episodes, total num timesteps 15939200/20000000, FPS 2913.

average episode rewards is -113.22503089904785

 Scenario simple_spread Algo ua_rep_mappo Exp b2_calibrated_v4 updates 4985/6250 episodes, total num timesteps 15955200/20000000, FPS 2913.

average episode rewards is -114.74522352218628

 Scenario simple_spread Algo ua_rep_mappo Exp b2_calibrated_v4 updates 4990/6250 episodes, total num timesteps 15971200/20000000, FPS 2913.

average episode rewards is -114.31635618209839

 Scenario simple_spread Algo ua_rep_mappo Exp b2_calibrated_v4 updates 4995/6250 episodes, total num timesteps 15987200/20000000, FPS 2913.

average episode rewards is -112.3166561126709

 Scenario simple_spread Algo ua_rep_mappo Exp b2_calibrated_v4 updates 5000/6250 episodes, total num timesteps 16003200/20000000, FPS 2913.

average episode rewards is -111.6784930229187

 Scenario simple_spread Algo ua_rep_mappo Exp b2_calibrated_v4 updates 5005/6250 episodes, total num timesteps 16019200/20000000, FPS 2913.

average episode rewards is -114.04104232788086

 Scenario simple_spread Algo ua_rep_mappo Exp b2_calibrated_v4 updates 5010/6250 episodes, total num timesteps 16035200/20000000, FPS 2913.

average episode rewards is -112.31350898742676

 Scenario simple_spread Algo ua_rep_mappo Exp b2_calibrated_v4 updates 5015/6250 episodes, total num timesteps 16051200/20000000, FPS 2913.

average episode rewards is -111.26859188079834

 Scenario simple_spread Algo ua_rep_mappo Exp b2_calibrated_v4 updates 5020/6250 episodes, total num timesteps 16067200/20000000, FPS 2913.

average episode rewards is -113.05691003799438

 Scenario simple_spread Algo ua_rep_mappo Exp b2_calibrated_v4 updates 5025/6250 episodes, total num timesteps 16083200/20000000, FPS 2914.

average episode rewards is -111.29661798477173

 Scenario simple_spread Algo ua_rep_mappo Exp b2_calibrated_v4 updates 5030/6250 episodes, total num timesteps 16099200/20000000, FPS 2914.

average episode rewards is -111.79414987564087

 Scenario simple_spread Algo ua_rep_mappo Exp b2_calibrated_v4 updates 5035/6250 episodes, total num timesteps 16115200/20000000, FPS 2914.

average episode rewards is -112.49510049819946

 Scenario simple_spread Algo ua_rep_mappo Exp b2_calibrated_v4 updates 5040/6250 episodes, total num timesteps 16131200/20000000, FPS 2914.

average episode rewards is -113.51748704910278

 Scenario simple_spread Algo ua_rep_mappo Exp b2_calibrated_v4 updates 5045/6250 episodes, total num timesteps 16147200/20000000, FPS 2914.

average episode rewards is -111.3561749458313

 Scenario simple_spread Algo ua_rep_mappo Exp b2_calibrated_v4 updates 5050/6250 episodes, total num timesteps 16163200/20000000, FPS 2915.

average episode rewards is -113.77698183059692

 Scenario simple_spread Algo ua_rep_mappo Exp b2_calibrated_v4 updates 5055/6250 episodes, total num timesteps 16179200/20000000, FPS 2915.

average episode rewards is -109.0516209602356

 Scenario simple_spread Algo ua_rep_mappo Exp b2_calibrated_v4 updates 5060/6250 episodes, total num timesteps 16195200/20000000, FPS 2915.

average episode rewards is -114.24548625946045

 Scenario simple_spread Algo ua_rep_mappo Exp b2_calibrated_v4 updates 5065/6250 episodes, total num timesteps 16211200/20000000, FPS 2915.

average episode rewards is -113.13803195953369

 Scenario simple_spread Algo ua_rep_mappo Exp b2_calibrated_v4 updates 5070/6250 episodes, total num timesteps 16227200/20000000, FPS 2915.

average episode rewards is -113.83943557739258

 Scenario simple_spread Algo ua_rep_mappo Exp b2_calibrated_v4 updates 5075/6250 episodes, total num timesteps 16243200/20000000, FPS 2915.

average episode rewards is -113.49772214889526

 Scenario simple_spread Algo ua_rep_mappo Exp b2_calibrated_v4 updates 5080/6250 episodes, total num timesteps 16259200/20000000, FPS 2915.

average episode rewards is -112.44629621505737

 Scenario simple_spread Algo ua_rep_mappo Exp b2_calibrated_v4 updates 5085/6250 episodes, total num timesteps 16275200/20000000, FPS 2915.

average episode rewards is -112.28804588317871

 Scenario simple_spread Algo ua_rep_mappo Exp b2_calibrated_v4 updates 5090/6250 episodes, total num timesteps 16291200/20000000, FPS 2915.

average episode rewards is -113.46983909606934

 Scenario simple_spread Algo ua_rep_mappo Exp b2_calibrated_v4 updates 5095/6250 episodes, total num timesteps 16307200/20000000, FPS 2915.

average episode rewards is -113.59018087387085

 Scenario simple_spread Algo ua_rep_mappo Exp b2_calibrated_v4 updates 5100/6250 episodes, total num timesteps 16323200/20000000, FPS 2915.

average episode rewards is -111.54506206512451

 Scenario simple_spread Algo ua_rep_mappo Exp b2_calibrated_v4 updates 5105/6250 episodes, total num timesteps 16339200/20000000, FPS 2916.

average episode rewards is -112.2301459312439

 Scenario simple_spread Algo ua_rep_mappo Exp b2_calibrated_v4 updates 5110/6250 episodes, total num timesteps 16355200/20000000, FPS 2916.

average episode rewards is -112.431800365448

 Scenario simple_spread Algo ua_rep_mappo Exp b2_calibrated_v4 updates 5115/6250 episodes, total num timesteps 16371200/20000000, FPS 2916.

average episode rewards is -114.38208818435669

 Scenario simple_spread Algo ua_rep_mappo Exp b2_calibrated_v4 updates 5120/6250 episodes, total num timesteps 16387200/20000000, FPS 2916.

average episode rewards is -114.12578821182251

 Scenario simple_spread Algo ua_rep_mappo Exp b2_calibrated_v4 updates 5125/6250 episodes, total num timesteps 16403200/20000000, FPS 2916.

average episode rewards is -111.13131046295166

 Scenario simple_spread Algo ua_rep_mappo Exp b2_calibrated_v4 updates 5130/6250 episodes, total num timesteps 16419200/20000000, FPS 2916.

average episode rewards is -113.13881874084473

 Scenario simple_spread Algo ua_rep_mappo Exp b2_calibrated_v4 updates 5135/6250 episodes, total num timesteps 16435200/20000000, FPS 2916.

average episode rewards is -114.10882472991943

 Scenario simple_spread Algo ua_rep_mappo Exp b2_calibrated_v4 updates 5140/6250 episodes, total num timesteps 16451200/20000000, FPS 2916.

average episode rewards is -111.15659475326538

 Scenario simple_spread Algo ua_rep_mappo Exp b2_calibrated_v4 updates 5145/6250 episodes, total num timesteps 16467200/20000000, FPS 2916.

average episode rewards is -111.1310601234436

 Scenario simple_spread Algo ua_rep_mappo Exp b2_calibrated_v4 updates 5150/6250 episodes, total num timesteps 16483200/20000000, FPS 2916.

average episode rewards is -111.61584854125977

 Scenario simple_spread Algo ua_rep_mappo Exp b2_calibrated_v4 updates 5155/6250 episodes, total num timesteps 16499200/20000000, FPS 2917.

average episode rewards is -113.68011236190796

 Scenario simple_spread Algo ua_rep_mappo Exp b2_calibrated_v4 updates 5160/6250 episodes, total num timesteps 16515200/20000000, FPS 2916.

average episode rewards is -112.1361494064331

 Scenario simple_spread Algo ua_rep_mappo Exp b2_calibrated_v4 updates 5165/6250 episodes, total num timesteps 16531200/20000000, FPS 2917.

average episode rewards is -112.82988786697388

 Scenario simple_spread Algo ua_rep_mappo Exp b2_calibrated_v4 updates 5170/6250 episodes, total num timesteps 16547200/20000000, FPS 2917.

average episode rewards is -113.79114389419556

 Scenario simple_spread Algo ua_rep_mappo Exp b2_calibrated_v4 updates 5175/6250 episodes, total num timesteps 16563200/20000000, FPS 2917.

average episode rewards is -111.01493835449219

 Scenario simple_spread Algo ua_rep_mappo Exp b2_calibrated_v4 updates 5180/6250 episodes, total num timesteps 16579200/20000000, FPS 2917.

average episode rewards is -112.79876232147217

 Scenario simple_spread Algo ua_rep_mappo Exp b2_calibrated_v4 updates 5185/6250 episodes, total num timesteps 16595200/20000000, FPS 2917.

average episode rewards is -113.41896057128906

 Scenario simple_spread Algo ua_rep_mappo Exp b2_calibrated_v4 updates 5190/6250 episodes, total num timesteps 16611200/20000000, FPS 2917.

average episode rewards is -114.50774669647217

 Scenario simple_spread Algo ua_rep_mappo Exp b2_calibrated_v4 updates 5195/6250 episodes, total num timesteps 16627200/20000000, FPS 2917.

average episode rewards is -113.03354501724243

 Scenario simple_spread Algo ua_rep_mappo Exp b2_calibrated_v4 updates 5200/6250 episodes, total num timesteps 16643200/20000000, FPS 2917.

average episode rewards is -112.19528913497925

 Scenario simple_spread Algo ua_rep_mappo Exp b2_calibrated_v4 updates 5205/6250 episodes, total num timesteps 16659200/20000000, FPS 2917.

average episode rewards is -113.82699012756348

 Scenario simple_spread Algo ua_rep_mappo Exp b2_calibrated_v4 updates 5210/6250 episodes, total num timesteps 16675200/20000000, FPS 2917.

average episode rewards is -114.53448534011841

 Scenario simple_spread Algo ua_rep_mappo Exp b2_calibrated_v4 updates 5215/6250 episodes, total num timesteps 16691200/20000000, FPS 2917.

average episode rewards is -114.08935785293579

 Scenario simple_spread Algo ua_rep_mappo Exp b2_calibrated_v4 updates 5220/6250 episodes, total num timesteps 16707200/20000000, FPS 2917.

average episode rewards is -111.62091493606567

 Scenario simple_spread Algo ua_rep_mappo Exp b2_calibrated_v4 updates 5225/6250 episodes, total num timesteps 16723200/20000000, FPS 2916.

average episode rewards is -112.9648208618164

 Scenario simple_spread Algo ua_rep_mappo Exp b2_calibrated_v4 updates 5230/6250 episodes, total num timesteps 16739200/20000000, FPS 2916.

average episode rewards is -111.61975860595703

 Scenario simple_spread Algo ua_rep_mappo Exp b2_calibrated_v4 updates 5235/6250 episodes, total num timesteps 16755200/20000000, FPS 2916.

average episode rewards is -113.59226703643799

 Scenario simple_spread Algo ua_rep_mappo Exp b2_calibrated_v4 updates 5240/6250 episodes, total num timesteps 16771200/20000000, FPS 2916.

average episode rewards is -111.05810403823853

 Scenario simple_spread Algo ua_rep_mappo Exp b2_calibrated_v4 updates 5245/6250 episodes, total num timesteps 16787200/20000000, FPS 2916.

average episode rewards is -115.77550172805786

 Scenario simple_spread Algo ua_rep_mappo Exp b2_calibrated_v4 updates 5250/6250 episodes, total num timesteps 16803200/20000000, FPS 2916.

average episode rewards is -111.91399097442627

 Scenario simple_spread Algo ua_rep_mappo Exp b2_calibrated_v4 updates 5255/6250 episodes, total num timesteps 16819200/20000000, FPS 2916.

average episode rewards is -113.32192420959473

 Scenario simple_spread Algo ua_rep_mappo Exp b2_calibrated_v4 updates 5260/6250 episodes, total num timesteps 16835200/20000000, FPS 2916.

average episode rewards is -113.0402684211731

 Scenario simple_spread Algo ua_rep_mappo Exp b2_calibrated_v4 updates 5265/6250 episodes, total num timesteps 16851200/20000000, FPS 2916.

average episode rewards is -112.42425441741943

 Scenario simple_spread Algo ua_rep_mappo Exp b2_calibrated_v4 updates 5270/6250 episodes, total num timesteps 16867200/20000000, FPS 2916.

average episode rewards is -113.9238953590393

 Scenario simple_spread Algo ua_rep_mappo Exp b2_calibrated_v4 updates 5275/6250 episodes, total num timesteps 16883200/20000000, FPS 2916.

average episode rewards is -112.38895654678345

 Scenario simple_spread Algo ua_rep_mappo Exp b2_calibrated_v4 updates 5280/6250 episodes, total num timesteps 16899200/20000000, FPS 2916.

average episode rewards is -114.3093466758728

 Scenario simple_spread Algo ua_rep_mappo Exp b2_calibrated_v4 updates 5285/6250 episodes, total num timesteps 16915200/20000000, FPS 2916.

average episode rewards is -112.96030282974243

 Scenario simple_spread Algo ua_rep_mappo Exp b2_calibrated_v4 updates 5290/6250 episodes, total num timesteps 16931200/20000000, FPS 2916.

average episode rewards is -112.77649402618408

 Scenario simple_spread Algo ua_rep_mappo Exp b2_calibrated_v4 updates 5295/6250 episodes, total num timesteps 16947200/20000000, FPS 2916.

average episode rewards is -113.8067364692688

 Scenario simple_spread Algo ua_rep_mappo Exp b2_calibrated_v4 updates 5300/6250 episodes, total num timesteps 16963200/20000000, FPS 2916.

average episode rewards is -112.64510154724121

 Scenario simple_spread Algo ua_rep_mappo Exp b2_calibrated_v4 updates 5305/6250 episodes, total num timesteps 16979200/20000000, FPS 2916.

average episode rewards is -113.63846063613892

 Scenario simple_spread Algo ua_rep_mappo Exp b2_calibrated_v4 updates 5310/6250 episodes, total num timesteps 16995200/20000000, FPS 2916.

average episode rewards is -113.87429237365723

 Scenario simple_spread Algo ua_rep_mappo Exp b2_calibrated_v4 updates 5315/6250 episodes, total num timesteps 17011200/20000000, FPS 2916.

average episode rewards is -113.05556297302246

 Scenario simple_spread Algo ua_rep_mappo Exp b2_calibrated_v4 updates 5320/6250 episodes, total num timesteps 17027200/20000000, FPS 2916.

average episode rewards is -112.37325668334961

 Scenario simple_spread Algo ua_rep_mappo Exp b2_calibrated_v4 updates 5325/6250 episodes, total num timesteps 17043200/20000000, FPS 2916.

average episode rewards is -113.87815475463867

 Scenario simple_spread Algo ua_rep_mappo Exp b2_calibrated_v4 updates 5330/6250 episodes, total num timesteps 17059200/20000000, FPS 2916.

average episode rewards is -112.39615678787231

 Scenario simple_spread Algo ua_rep_mappo Exp b2_calibrated_v4 updates 5335/6250 episodes, total num timesteps 17075200/20000000, FPS 2916.

average episode rewards is -112.1059775352478

 Scenario simple_spread Algo ua_rep_mappo Exp b2_calibrated_v4 updates 5340/6250 episodes, total num timesteps 17091200/20000000, FPS 2916.

average episode rewards is -112.85209655761719

 Scenario simple_spread Algo ua_rep_mappo Exp b2_calibrated_v4 updates 5345/6250 episodes, total num timesteps 17107200/20000000, FPS 2916.

average episode rewards is -109.99325513839722

 Scenario simple_spread Algo ua_rep_mappo Exp b2_calibrated_v4 updates 5350/6250 episodes, total num timesteps 17123200/20000000, FPS 2916.

average episode rewards is -112.20563650131226

 Scenario simple_spread Algo ua_rep_mappo Exp b2_calibrated_v4 updates 5355/6250 episodes, total num timesteps 17139200/20000000, FPS 2916.

average episode rewards is -113.10206651687622

 Scenario simple_spread Algo ua_rep_mappo Exp b2_calibrated_v4 updates 5360/6250 episodes, total num timesteps 17155200/20000000, FPS 2916.

average episode rewards is -113.8717770576477

 Scenario simple_spread Algo ua_rep_mappo Exp b2_calibrated_v4 updates 5365/6250 episodes, total num timesteps 17171200/20000000, FPS 2916.

average episode rewards is -113.94641399383545

 Scenario simple_spread Algo ua_rep_mappo Exp b2_calibrated_v4 updates 5370/6250 episodes, total num timesteps 17187200/20000000, FPS 2916.

average episode rewards is -112.67327070236206

 Scenario simple_spread Algo ua_rep_mappo Exp b2_calibrated_v4 updates 5375/6250 episodes, total num timesteps 17203200/20000000, FPS 2916.

average episode rewards is -114.00172710418701

 Scenario simple_spread Algo ua_rep_mappo Exp b2_calibrated_v4 updates 5380/6250 episodes, total num timesteps 17219200/20000000, FPS 2916.

average episode rewards is -112.6431941986084

 Scenario simple_spread Algo ua_rep_mappo Exp b2_calibrated_v4 updates 5385/6250 episodes, total num timesteps 17235200/20000000, FPS 2916.

average episode rewards is -111.92806959152222

 Scenario simple_spread Algo ua_rep_mappo Exp b2_calibrated_v4 updates 5390/6250 episodes, total num timesteps 17251200/20000000, FPS 2916.

average episode rewards is -111.61936521530151

 Scenario simple_spread Algo ua_rep_mappo Exp b2_calibrated_v4 updates 5395/6250 episodes, total num timesteps 17267200/20000000, FPS 2916.

average episode rewards is -112.63014078140259

 Scenario simple_spread Algo ua_rep_mappo Exp b2_calibrated_v4 updates 5400/6250 episodes, total num timesteps 17283200/20000000, FPS 2916.

average episode rewards is -114.02709484100342

 Scenario simple_spread Algo ua_rep_mappo Exp b2_calibrated_v4 updates 5405/6250 episodes, total num timesteps 17299200/20000000, FPS 2917.

average episode rewards is -113.65082263946533

 Scenario simple_spread Algo ua_rep_mappo Exp b2_calibrated_v4 updates 5410/6250 episodes, total num timesteps 17315200/20000000, FPS 2917.

average episode rewards is -111.6521954536438

 Scenario simple_spread Algo ua_rep_mappo Exp b2_calibrated_v4 updates 5415/6250 episodes, total num timesteps 17331200/20000000, FPS 2917.

average episode rewards is -111.03453636169434

 Scenario simple_spread Algo ua_rep_mappo Exp b2_calibrated_v4 updates 5420/6250 episodes, total num timesteps 17347200/20000000, FPS 2917.

average episode rewards is -113.93916606903076

 Scenario simple_spread Algo ua_rep_mappo Exp b2_calibrated_v4 updates 5425/6250 episodes, total num timesteps 17363200/20000000, FPS 2917.

average episode rewards is -111.92984580993652

 Scenario simple_spread Algo ua_rep_mappo Exp b2_calibrated_v4 updates 5430/6250 episodes, total num timesteps 17379200/20000000, FPS 2917.

average episode rewards is -112.5950813293457

 Scenario simple_spread Algo ua_rep_mappo Exp b2_calibrated_v4 updates 5435/6250 episodes, total num timesteps 17395200/20000000, FPS 2917.

average episode rewards is -111.36077642440796

 Scenario simple_spread Algo ua_rep_mappo Exp b2_calibrated_v4 updates 5440/6250 episodes, total num timesteps 17411200/20000000, FPS 2917.

average episode rewards is -112.76711225509644

 Scenario simple_spread Algo ua_rep_mappo Exp b2_calibrated_v4 updates 5445/6250 episodes, total num timesteps 17427200/20000000, FPS 2917.

average episode rewards is -113.64902257919312

 Scenario simple_spread Algo ua_rep_mappo Exp b2_calibrated_v4 updates 5450/6250 episodes, total num timesteps 17443200/20000000, FPS 2917.

average episode rewards is -112.44632005691528

 Scenario simple_spread Algo ua_rep_mappo Exp b2_calibrated_v4 updates 5455/6250 episodes, total num timesteps 17459200/20000000, FPS 2917.

average episode rewards is -111.76409721374512

 Scenario simple_spread Algo ua_rep_mappo Exp b2_calibrated_v4 updates 5460/6250 episodes, total num timesteps 17475200/20000000, FPS 2917.

average episode rewards is -112.2298002243042

 Scenario simple_spread Algo ua_rep_mappo Exp b2_calibrated_v4 updates 5465/6250 episodes, total num timesteps 17491200/20000000, FPS 2917.

average episode rewards is -112.96687126159668

 Scenario simple_spread Algo ua_rep_mappo Exp b2_calibrated_v4 updates 5470/6250 episodes, total num timesteps 17507200/20000000, FPS 2917.

average episode rewards is -112.87449598312378

 Scenario simple_spread Algo ua_rep_mappo Exp b2_calibrated_v4 updates 5475/6250 episodes, total num timesteps 17523200/20000000, FPS 2917.

average episode rewards is -113.52328062057495

 Scenario simple_spread Algo ua_rep_mappo Exp b2_calibrated_v4 updates 5480/6250 episodes, total num timesteps 17539200/20000000, FPS 2917.

average episode rewards is -113.29772472381592

 Scenario simple_spread Algo ua_rep_mappo Exp b2_calibrated_v4 updates 5485/6250 episodes, total num timesteps 17555200/20000000, FPS 2917.

average episode rewards is -112.89695501327515

 Scenario simple_spread Algo ua_rep_mappo Exp b2_calibrated_v4 updates 5490/6250 episodes, total num timesteps 17571200/20000000, FPS 2917.

average episode rewards is -114.63127136230469

 Scenario simple_spread Algo ua_rep_mappo Exp b2_calibrated_v4 updates 5495/6250 episodes, total num timesteps 17587200/20000000, FPS 2917.

average episode rewards is -112.95328140258789

 Scenario simple_spread Algo ua_rep_mappo Exp b2_calibrated_v4 updates 5500/6250 episodes, total num timesteps 17603200/20000000, FPS 2917.

average episode rewards is -113.18418979644775

 Scenario simple_spread Algo ua_rep_mappo Exp b2_calibrated_v4 updates 5505/6250 episodes, total num timesteps 17619200/20000000, FPS 2917.

average episode rewards is -115.08429050445557

 Scenario simple_spread Algo ua_rep_mappo Exp b2_calibrated_v4 updates 5510/6250 episodes, total num timesteps 17635200/20000000, FPS 2917.

average episode rewards is -112.68786191940308

 Scenario simple_spread Algo ua_rep_mappo Exp b2_calibrated_v4 updates 5515/6250 episodes, total num timesteps 17651200/20000000, FPS 2917.

average episode rewards is -109.98094081878662

 Scenario simple_spread Algo ua_rep_mappo Exp b2_calibrated_v4 updates 5520/6250 episodes, total num timesteps 17667200/20000000, FPS 2917.

average episode rewards is -112.41340637207031

 Scenario simple_spread Algo ua_rep_mappo Exp b2_calibrated_v4 updates 5525/6250 episodes, total num timesteps 17683200/20000000, FPS 2916.

average episode rewards is -113.46079111099243

 Scenario simple_spread Algo ua_rep_mappo Exp b2_calibrated_v4 updates 5530/6250 episodes, total num timesteps 17699200/20000000, FPS 2916.

average episode rewards is -114.24025297164917

 Scenario simple_spread Algo ua_rep_mappo Exp b2_calibrated_v4 updates 5535/6250 episodes, total num timesteps 17715200/20000000, FPS 2915.

average episode rewards is -113.43275308609009

 Scenario simple_spread Algo ua_rep_mappo Exp b2_calibrated_v4 updates 5540/6250 episodes, total num timesteps 17731200/20000000, FPS 2915.

average episode rewards is -110.90660095214844

 Scenario simple_spread Algo ua_rep_mappo Exp b2_calibrated_v4 updates 5545/6250 episodes, total num timesteps 17747200/20000000, FPS 2915.

average episode rewards is -114.00312185287476

 Scenario simple_spread Algo ua_rep_mappo Exp b2_calibrated_v4 updates 5550/6250 episodes, total num timesteps 17763200/20000000, FPS 2916.

average episode rewards is -112.98010349273682

 Scenario simple_spread Algo ua_rep_mappo Exp b2_calibrated_v4 updates 5555/6250 episodes, total num timesteps 17779200/20000000, FPS 2916.

average episode rewards is -114.1423225402832

 Scenario simple_spread Algo ua_rep_mappo Exp b2_calibrated_v4 updates 5560/6250 episodes, total num timesteps 17795200/20000000, FPS 2916.

average episode rewards is -112.14872598648071

 Scenario simple_spread Algo ua_rep_mappo Exp b2_calibrated_v4 updates 5565/6250 episodes, total num timesteps 17811200/20000000, FPS 2916.

average episode rewards is -116.89319610595703

 Scenario simple_spread Algo ua_rep_mappo Exp b2_calibrated_v4 updates 5570/6250 episodes, total num timesteps 17827200/20000000, FPS 2916.

average episode rewards is -114.71829414367676

 Scenario simple_spread Algo ua_rep_mappo Exp b2_calibrated_v4 updates 5575/6250 episodes, total num timesteps 17843200/20000000, FPS 2916.

average episode rewards is -115.27434587478638

 Scenario simple_spread Algo ua_rep_mappo Exp b2_calibrated_v4 updates 5580/6250 episodes, total num timesteps 17859200/20000000, FPS 2916.

average episode rewards is -112.91348934173584

 Scenario simple_spread Algo ua_rep_mappo Exp b2_calibrated_v4 updates 5585/6250 episodes, total num timesteps 17875200/20000000, FPS 2915.

average episode rewards is -112.14839220046997

 Scenario simple_spread Algo ua_rep_mappo Exp b2_calibrated_v4 updates 5590/6250 episodes, total num timesteps 17891200/20000000, FPS 2916.

average episode rewards is -112.30908632278442

 Scenario simple_spread Algo ua_rep_mappo Exp b2_calibrated_v4 updates 5595/6250 episodes, total num timesteps 17907200/20000000, FPS 2916.

average episode rewards is -110.44555902481079

 Scenario simple_spread Algo ua_rep_mappo Exp b2_calibrated_v4 updates 5600/6250 episodes, total num timesteps 17923200/20000000, FPS 2916.

average episode rewards is -109.55507755279541

 Scenario simple_spread Algo ua_rep_mappo Exp b2_calibrated_v4 updates 5605/6250 episodes, total num timesteps 17939200/20000000, FPS 2915.

average episode rewards is -111.07897758483887

 Scenario simple_spread Algo ua_rep_mappo Exp b2_calibrated_v4 updates 5610/6250 episodes, total num timesteps 17955200/20000000, FPS 2915.

average episode rewards is -113.07772397994995

 Scenario simple_spread Algo ua_rep_mappo Exp b2_calibrated_v4 updates 5615/6250 episodes, total num timesteps 17971200/20000000, FPS 2915.

average episode rewards is -111.82866096496582

 Scenario simple_spread Algo ua_rep_mappo Exp b2_calibrated_v4 updates 5620/6250 episodes, total num timesteps 17987200/20000000, FPS 2915.

average episode rewards is -111.99547052383423

 Scenario simple_spread Algo ua_rep_mappo Exp b2_calibrated_v4 updates 5625/6250 episodes, total num timesteps 18003200/20000000, FPS 2915.

average episode rewards is -110.94845533370972

 Scenario simple_spread Algo ua_rep_mappo Exp b2_calibrated_v4 updates 5630/6250 episodes, total num timesteps 18019200/20000000, FPS 2915.

average episode rewards is -113.19714784622192

 Scenario simple_spread Algo ua_rep_mappo Exp b2_calibrated_v4 updates 5635/6250 episodes, total num timesteps 18035200/20000000, FPS 2915.

average episode rewards is -112.49244213104248

 Scenario simple_spread Algo ua_rep_mappo Exp b2_calibrated_v4 updates 5640/6250 episodes, total num timesteps 18051200/20000000, FPS 2915.

average episode rewards is -111.48533821105957

 Scenario simple_spread Algo ua_rep_mappo Exp b2_calibrated_v4 updates 5645/6250 episodes, total num timesteps 18067200/20000000, FPS 2915.

average episode rewards is -112.30597496032715

 Scenario simple_spread Algo ua_rep_mappo Exp b2_calibrated_v4 updates 5650/6250 episodes, total num timesteps 18083200/20000000, FPS 2915.

average episode rewards is -111.2467885017395

 Scenario simple_spread Algo ua_rep_mappo Exp b2_calibrated_v4 updates 5655/6250 episodes, total num timesteps 18099200/20000000, FPS 2915.

average episode rewards is -111.55848503112793

 Scenario simple_spread Algo ua_rep_mappo Exp b2_calibrated_v4 updates 5660/6250 episodes, total num timesteps 18115200/20000000, FPS 2915.

average episode rewards is -111.98720932006836

 Scenario simple_spread Algo ua_rep_mappo Exp b2_calibrated_v4 updates 5665/6250 episodes, total num timesteps 18131200/20000000, FPS 2915.

average episode rewards is -113.09127807617188

 Scenario simple_spread Algo ua_rep_mappo Exp b2_calibrated_v4 updates 5670/6250 episodes, total num timesteps 18147200/20000000, FPS 2915.

average episode rewards is -112.97945976257324

 Scenario simple_spread Algo ua_rep_mappo Exp b2_calibrated_v4 updates 5675/6250 episodes, total num timesteps 18163200/20000000, FPS 2915.

average episode rewards is -115.524160861969

 Scenario simple_spread Algo ua_rep_mappo Exp b2_calibrated_v4 updates 5680/6250 episodes, total num timesteps 18179200/20000000, FPS 2915.

average episode rewards is -111.89888715744019

 Scenario simple_spread Algo ua_rep_mappo Exp b2_calibrated_v4 updates 5685/6250 episodes, total num timesteps 18195200/20000000, FPS 2915.

average episode rewards is -113.33993673324585

 Scenario simple_spread Algo ua_rep_mappo Exp b2_calibrated_v4 updates 5690/6250 episodes, total num timesteps 18211200/20000000, FPS 2915.

average episode rewards is -111.16863489151001

 Scenario simple_spread Algo ua_rep_mappo Exp b2_calibrated_v4 updates 5695/6250 episodes, total num timesteps 18227200/20000000, FPS 2915.

average episode rewards is -111.71712875366211

 Scenario simple_spread Algo ua_rep_mappo Exp b2_calibrated_v4 updates 5700/6250 episodes, total num timesteps 18243200/20000000, FPS 2915.

average episode rewards is -112.60616779327393

 Scenario simple_spread Algo ua_rep_mappo Exp b2_calibrated_v4 updates 5705/6250 episodes, total num timesteps 18259200/20000000, FPS 2915.

average episode rewards is -112.26755380630493

 Scenario simple_spread Algo ua_rep_mappo Exp b2_calibrated_v4 updates 5710/6250 episodes, total num timesteps 18275200/20000000, FPS 2915.

average episode rewards is -112.7271056175232

 Scenario simple_spread Algo ua_rep_mappo Exp b2_calibrated_v4 updates 5715/6250 episodes, total num timesteps 18291200/20000000, FPS 2914.

average episode rewards is -111.90452575683594

 Scenario simple_spread Algo ua_rep_mappo Exp b2_calibrated_v4 updates 5720/6250 episodes, total num timesteps 18307200/20000000, FPS 2914.

average episode rewards is -114.11066055297852

 Scenario simple_spread Algo ua_rep_mappo Exp b2_calibrated_v4 updates 5725/6250 episodes, total num timesteps 18323200/20000000, FPS 2914.

average episode rewards is -113.1227970123291

 Scenario simple_spread Algo ua_rep_mappo Exp b2_calibrated_v4 updates 5730/6250 episodes, total num timesteps 18339200/20000000, FPS 2914.

average episode rewards is -112.7630352973938

 Scenario simple_spread Algo ua_rep_mappo Exp b2_calibrated_v4 updates 5735/6250 episodes, total num timesteps 18355200/20000000, FPS 2914.

average episode rewards is -112.7648115158081

 Scenario simple_spread Algo ua_rep_mappo Exp b2_calibrated_v4 updates 5740/6250 episodes, total num timesteps 18371200/20000000, FPS 2914.

average episode rewards is -109.99382734298706

 Scenario simple_spread Algo ua_rep_mappo Exp b2_calibrated_v4 updates 5745/6250 episodes, total num timesteps 18387200/20000000, FPS 2914.

average episode rewards is -110.55084466934204

 Scenario simple_spread Algo ua_rep_mappo Exp b2_calibrated_v4 updates 5750/6250 episodes, total num timesteps 18403200/20000000, FPS 2914.

average episode rewards is -109.77071523666382

 Scenario simple_spread Algo ua_rep_mappo Exp b2_calibrated_v4 updates 5755/6250 episodes, total num timesteps 18419200/20000000, FPS 2914.

average episode rewards is -112.3678207397461

 Scenario simple_spread Algo ua_rep_mappo Exp b2_calibrated_v4 updates 5760/6250 episodes, total num timesteps 18435200/20000000, FPS 2914.

average episode rewards is -114.48578834533691

 Scenario simple_spread Algo ua_rep_mappo Exp b2_calibrated_v4 updates 5765/6250 episodes, total num timesteps 18451200/20000000, FPS 2914.

average episode rewards is -115.21862745285034

 Scenario simple_spread Algo ua_rep_mappo Exp b2_calibrated_v4 updates 5770/6250 episodes, total num timesteps 18467200/20000000, FPS 2914.

average episode rewards is -113.20137977600098

 Scenario simple_spread Algo ua_rep_mappo Exp b2_calibrated_v4 updates 5775/6250 episodes, total num timesteps 18483200/20000000, FPS 2914.

average episode rewards is -113.20736408233643

 Scenario simple_spread Algo ua_rep_mappo Exp b2_calibrated_v4 updates 5780/6250 episodes, total num timesteps 18499200/20000000, FPS 2914.

average episode rewards is -113.38622570037842

 Scenario simple_spread Algo ua_rep_mappo Exp b2_calibrated_v4 updates 5785/6250 episodes, total num timesteps 18515200/20000000, FPS 2914.

average episode rewards is -111.00510358810425

 Scenario simple_spread Algo ua_rep_mappo Exp b2_calibrated_v4 updates 5790/6250 episodes, total num timesteps 18531200/20000000, FPS 2914.

average episode rewards is -112.1949315071106

 Scenario simple_spread Algo ua_rep_mappo Exp b2_calibrated_v4 updates 5795/6250 episodes, total num timesteps 18547200/20000000, FPS 2914.

average episode rewards is -111.90824508666992

 Scenario simple_spread Algo ua_rep_mappo Exp b2_calibrated_v4 updates 5800/6250 episodes, total num timesteps 18563200/20000000, FPS 2914.

average episode rewards is -110.62631607055664

 Scenario simple_spread Algo ua_rep_mappo Exp b2_calibrated_v4 updates 5805/6250 episodes, total num timesteps 18579200/20000000, FPS 2914.

average episode rewards is -112.55115270614624

 Scenario simple_spread Algo ua_rep_mappo Exp b2_calibrated_v4 updates 5810/6250 episodes, total num timesteps 18595200/20000000, FPS 2914.

average episode rewards is -111.63569688796997

 Scenario simple_spread Algo ua_rep_mappo Exp b2_calibrated_v4 updates 5815/6250 episodes, total num timesteps 18611200/20000000, FPS 2914.

average episode rewards is -113.65517377853394

 Scenario simple_spread Algo ua_rep_mappo Exp b2_calibrated_v4 updates 5820/6250 episodes, total num timesteps 18627200/20000000, FPS 2914.

average episode rewards is -112.78934478759766

 Scenario simple_spread Algo ua_rep_mappo Exp b2_calibrated_v4 updates 5825/6250 episodes, total num timesteps 18643200/20000000, FPS 2914.

average episode rewards is -112.78225183486938

 Scenario simple_spread Algo ua_rep_mappo Exp b2_calibrated_v4 updates 5830/6250 episodes, total num timesteps 18659200/20000000, FPS 2914.

average episode rewards is -110.06098985671997

 Scenario simple_spread Algo ua_rep_mappo Exp b2_calibrated_v4 updates 5835/6250 episodes, total num timesteps 18675200/20000000, FPS 2914.

average episode rewards is -111.15107536315918

 Scenario simple_spread Algo ua_rep_mappo Exp b2_calibrated_v4 updates 5840/6250 episodes, total num timesteps 18691200/20000000, FPS 2914.

average episode rewards is -113.01908493041992

 Scenario simple_spread Algo ua_rep_mappo Exp b2_calibrated_v4 updates 5845/6250 episodes, total num timesteps 18707200/20000000, FPS 2914.

average episode rewards is -113.94665241241455

 Scenario simple_spread Algo ua_rep_mappo Exp b2_calibrated_v4 updates 5850/6250 episodes, total num timesteps 18723200/20000000, FPS 2914.

average episode rewards is -114.03124332427979

 Scenario simple_spread Algo ua_rep_mappo Exp b2_calibrated_v4 updates 5855/6250 episodes, total num timesteps 18739200/20000000, FPS 2914.

average episode rewards is -113.29578161239624

 Scenario simple_spread Algo ua_rep_mappo Exp b2_calibrated_v4 updates 5860/6250 episodes, total num timesteps 18755200/20000000, FPS 2914.

average episode rewards is -112.35120296478271

 Scenario simple_spread Algo ua_rep_mappo Exp b2_calibrated_v4 updates 5865/6250 episodes, total num timesteps 18771200/20000000, FPS 2914.

average episode rewards is -110.84426641464233

 Scenario simple_spread Algo ua_rep_mappo Exp b2_calibrated_v4 updates 5870/6250 episodes, total num timesteps 18787200/20000000, FPS 2914.

average episode rewards is -112.00085878372192

 Scenario simple_spread Algo ua_rep_mappo Exp b2_calibrated_v4 updates 5875/6250 episodes, total num timesteps 18803200/20000000, FPS 2914.

average episode rewards is -112.43677139282227

 Scenario simple_spread Algo ua_rep_mappo Exp b2_calibrated_v4 updates 5880/6250 episodes, total num timesteps 18819200/20000000, FPS 2913.

average episode rewards is -113.02580833435059

 Scenario simple_spread Algo ua_rep_mappo Exp b2_calibrated_v4 updates 5885/6250 episodes, total num timesteps 18835200/20000000, FPS 2913.

average episode rewards is -113.37261199951172

 Scenario simple_spread Algo ua_rep_mappo Exp b2_calibrated_v4 updates 5890/6250 episodes, total num timesteps 18851200/20000000, FPS 2913.

average episode rewards is -113.14406394958496

 Scenario simple_spread Algo ua_rep_mappo Exp b2_calibrated_v4 updates 5895/6250 episodes, total num timesteps 18867200/20000000, FPS 2913.

average episode rewards is -113.52806091308594

 Scenario simple_spread Algo ua_rep_mappo Exp b2_calibrated_v4 updates 5900/6250 episodes, total num timesteps 18883200/20000000, FPS 2913.

average episode rewards is -112.51662969589233

 Scenario simple_spread Algo ua_rep_mappo Exp b2_calibrated_v4 updates 5905/6250 episodes, total num timesteps 18899200/20000000, FPS 2913.

average episode rewards is -113.07404041290283

 Scenario simple_spread Algo ua_rep_mappo Exp b2_calibrated_v4 updates 5910/6250 episodes, total num timesteps 18915200/20000000, FPS 2913.

average episode rewards is -111.67720556259155

 Scenario simple_spread Algo ua_rep_mappo Exp b2_calibrated_v4 updates 5915/6250 episodes, total num timesteps 18931200/20000000, FPS 2913.

average episode rewards is -114.19341564178467

 Scenario simple_spread Algo ua_rep_mappo Exp b2_calibrated_v4 updates 5920/6250 episodes, total num timesteps 18947200/20000000, FPS 2913.

average episode rewards is -114.51804637908936

 Scenario simple_spread Algo ua_rep_mappo Exp b2_calibrated_v4 updates 5925/6250 episodes, total num timesteps 18963200/20000000, FPS 2913.

average episode rewards is -111.29748821258545

 Scenario simple_spread Algo ua_rep_mappo Exp b2_calibrated_v4 updates 5930/6250 episodes, total num timesteps 18979200/20000000, FPS 2913.

average episode rewards is -112.69108057022095

 Scenario simple_spread Algo ua_rep_mappo Exp b2_calibrated_v4 updates 5935/6250 episodes, total num timesteps 18995200/20000000, FPS 2913.

average episode rewards is -113.61503601074219

 Scenario simple_spread Algo ua_rep_mappo Exp b2_calibrated_v4 updates 5940/6250 episodes, total num timesteps 19011200/20000000, FPS 2913.

average episode rewards is -113.41625452041626

 Scenario simple_spread Algo ua_rep_mappo Exp b2_calibrated_v4 updates 5945/6250 episodes, total num timesteps 19027200/20000000, FPS 2913.

average episode rewards is -113.48800659179688

 Scenario simple_spread Algo ua_rep_mappo Exp b2_calibrated_v4 updates 5950/6250 episodes, total num timesteps 19043200/20000000, FPS 2913.

average episode rewards is -112.06245422363281

 Scenario simple_spread Algo ua_rep_mappo Exp b2_calibrated_v4 updates 5955/6250 episodes, total num timesteps 19059200/20000000, FPS 2913.

average episode rewards is -111.52393817901611

 Scenario simple_spread Algo ua_rep_mappo Exp b2_calibrated_v4 updates 5960/6250 episodes, total num timesteps 19075200/20000000, FPS 2913.

average episode rewards is -113.96690607070923

 Scenario simple_spread Algo ua_rep_mappo Exp b2_calibrated_v4 updates 5965/6250 episodes, total num timesteps 19091200/20000000, FPS 2913.

average episode rewards is -111.40409708023071

 Scenario simple_spread Algo ua_rep_mappo Exp b2_calibrated_v4 updates 5970/6250 episodes, total num timesteps 19107200/20000000, FPS 2913.

average episode rewards is -112.64501810073853

 Scenario simple_spread Algo ua_rep_mappo Exp b2_calibrated_v4 updates 5975/6250 episodes, total num timesteps 19123200/20000000, FPS 2913.

average episode rewards is -112.85866498947144

 Scenario simple_spread Algo ua_rep_mappo Exp b2_calibrated_v4 updates 5980/6250 episodes, total num timesteps 19139200/20000000, FPS 2913.

average episode rewards is -112.1211290359497

 Scenario simple_spread Algo ua_rep_mappo Exp b2_calibrated_v4 updates 5985/6250 episodes, total num timesteps 19155200/20000000, FPS 2912.

average episode rewards is -111.92096471786499

 Scenario simple_spread Algo ua_rep_mappo Exp b2_calibrated_v4 updates 5990/6250 episodes, total num timesteps 19171200/20000000, FPS 2912.

average episode rewards is -111.68235540390015

 Scenario simple_spread Algo ua_rep_mappo Exp b2_calibrated_v4 updates 5995/6250 episodes, total num timesteps 19187200/20000000, FPS 2912.

average episode rewards is -113.23405504226685

 Scenario simple_spread Algo ua_rep_mappo Exp b2_calibrated_v4 updates 6000/6250 episodes, total num timesteps 19203200/20000000, FPS 2912.

average episode rewards is -111.8678331375122

 Scenario simple_spread Algo ua_rep_mappo Exp b2_calibrated_v4 updates 6005/6250 episodes, total num timesteps 19219200/20000000, FPS 2912.

average episode rewards is -115.1800274848938

 Scenario simple_spread Algo ua_rep_mappo Exp b2_calibrated_v4 updates 6010/6250 episodes, total num timesteps 19235200/20000000, FPS 2912.

average episode rewards is -111.48802042007446

 Scenario simple_spread Algo ua_rep_mappo Exp b2_calibrated_v4 updates 6015/6250 episodes, total num timesteps 19251200/20000000, FPS 2912.

average episode rewards is -110.66776514053345

 Scenario simple_spread Algo ua_rep_mappo Exp b2_calibrated_v4 updates 6020/6250 episodes, total num timesteps 19267200/20000000, FPS 2912.

average episode rewards is -112.50587701797485

 Scenario simple_spread Algo ua_rep_mappo Exp b2_calibrated_v4 updates 6025/6250 episodes, total num timesteps 19283200/20000000, FPS 2912.

average episode rewards is -113.27400207519531

 Scenario simple_spread Algo ua_rep_mappo Exp b2_calibrated_v4 updates 6030/6250 episodes, total num timesteps 19299200/20000000, FPS 2911.

average episode rewards is -114.06621932983398

 Scenario simple_spread Algo ua_rep_mappo Exp b2_calibrated_v4 updates 6035/6250 episodes, total num timesteps 19315200/20000000, FPS 2911.

average episode rewards is -112.5653862953186

 Scenario simple_spread Algo ua_rep_mappo Exp b2_calibrated_v4 updates 6040/6250 episodes, total num timesteps 19331200/20000000, FPS 2911.

average episode rewards is -113.51821422576904

 Scenario simple_spread Algo ua_rep_mappo Exp b2_calibrated_v4 updates 6045/6250 episodes, total num timesteps 19347200/20000000, FPS 2911.

average episode rewards is -111.87478303909302

 Scenario simple_spread Algo ua_rep_mappo Exp b2_calibrated_v4 updates 6050/6250 episodes, total num timesteps 19363200/20000000, FPS 2911.

average episode rewards is -111.38370037078857

 Scenario simple_spread Algo ua_rep_mappo Exp b2_calibrated_v4 updates 6055/6250 episodes, total num timesteps 19379200/20000000, FPS 2911.

average episode rewards is -112.43736743927002

 Scenario simple_spread Algo ua_rep_mappo Exp b2_calibrated_v4 updates 6060/6250 episodes, total num timesteps 19395200/20000000, FPS 2911.

average episode rewards is -113.20157051086426

 Scenario simple_spread Algo ua_rep_mappo Exp b2_calibrated_v4 updates 6065/6250 episodes, total num timesteps 19411200/20000000, FPS 2911.

average episode rewards is -112.39501237869263

 Scenario simple_spread Algo ua_rep_mappo Exp b2_calibrated_v4 updates 6070/6250 episodes, total num timesteps 19427200/20000000, FPS 2911.

average episode rewards is -112.98658847808838

 Scenario simple_spread Algo ua_rep_mappo Exp b2_calibrated_v4 updates 6075/6250 episodes, total num timesteps 19443200/20000000, FPS 2911.

average episode rewards is -112.8297209739685

 Scenario simple_spread Algo ua_rep_mappo Exp b2_calibrated_v4 updates 6080/6250 episodes, total num timesteps 19459200/20000000, FPS 2911.

average episode rewards is -113.23087215423584

 Scenario simple_spread Algo ua_rep_mappo Exp b2_calibrated_v4 updates 6085/6250 episodes, total num timesteps 19475200/20000000, FPS 2911.

average episode rewards is -108.16998481750488

 Scenario simple_spread Algo ua_rep_mappo Exp b2_calibrated_v4 updates 6090/6250 episodes, total num timesteps 19491200/20000000, FPS 2911.

average episode rewards is -111.96544170379639

 Scenario simple_spread Algo ua_rep_mappo Exp b2_calibrated_v4 updates 6095/6250 episodes, total num timesteps 19507200/20000000, FPS 2911.

average episode rewards is -114.0311598777771

 Scenario simple_spread Algo ua_rep_mappo Exp b2_calibrated_v4 updates 6100/6250 episodes, total num timesteps 19523200/20000000, FPS 2911.

average episode rewards is -111.11704111099243

 Scenario simple_spread Algo ua_rep_mappo Exp b2_calibrated_v4 updates 6105/6250 episodes, total num timesteps 19539200/20000000, FPS 2911.

average episode rewards is -112.30019330978394

 Scenario simple_spread Algo ua_rep_mappo Exp b2_calibrated_v4 updates 6110/6250 episodes, total num timesteps 19555200/20000000, FPS 2911.

average episode rewards is -115.02518653869629

 Scenario simple_spread Algo ua_rep_mappo Exp b2_calibrated_v4 updates 6115/6250 episodes, total num timesteps 19571200/20000000, FPS 2911.

average episode rewards is -112.12393045425415

 Scenario simple_spread Algo ua_rep_mappo Exp b2_calibrated_v4 updates 6120/6250 episodes, total num timesteps 19587200/20000000, FPS 2911.

average episode rewards is -112.35758066177368

 Scenario simple_spread Algo ua_rep_mappo Exp b2_calibrated_v4 updates 6125/6250 episodes, total num timesteps 19603200/20000000, FPS 2911.

average episode rewards is -111.0627293586731

 Scenario simple_spread Algo ua_rep_mappo Exp b2_calibrated_v4 updates 6130/6250 episodes, total num timesteps 19619200/20000000, FPS 2911.

average episode rewards is -112.1403455734253

 Scenario simple_spread Algo ua_rep_mappo Exp b2_calibrated_v4 updates 6135/6250 episodes, total num timesteps 19635200/20000000, FPS 2911.

average episode rewards is -111.5691065788269

 Scenario simple_spread Algo ua_rep_mappo Exp b2_calibrated_v4 updates 6140/6250 episodes, total num timesteps 19651200/20000000, FPS 2911.

average episode rewards is -111.32636070251465

 Scenario simple_spread Algo ua_rep_mappo Exp b2_calibrated_v4 updates 6145/6250 episodes, total num timesteps 19667200/20000000, FPS 2911.

average episode rewards is -112.02491521835327

 Scenario simple_spread Algo ua_rep_mappo Exp b2_calibrated_v4 updates 6150/6250 episodes, total num timesteps 19683200/20000000, FPS 2910.

average episode rewards is -111.57310009002686

 Scenario simple_spread Algo ua_rep_mappo Exp b2_calibrated_v4 updates 6155/6250 episodes, total num timesteps 19699200/20000000, FPS 2910.

average episode rewards is -111.8930459022522

 Scenario simple_spread Algo ua_rep_mappo Exp b2_calibrated_v4 updates 6160/6250 episodes, total num timesteps 19715200/20000000, FPS 2910.

average episode rewards is -112.02198266983032

 Scenario simple_spread Algo ua_rep_mappo Exp b2_calibrated_v4 updates 6165/6250 episodes, total num timesteps 19731200/20000000, FPS 2910.

average episode rewards is -113.11603784561157

 Scenario simple_spread Algo ua_rep_mappo Exp b2_calibrated_v4 updates 6170/6250 episodes, total num timesteps 19747200/20000000, FPS 2910.

average episode rewards is -109.40055847167969

 Scenario simple_spread Algo ua_rep_mappo Exp b2_calibrated_v4 updates 6175/6250 episodes, total num timesteps 19763200/20000000, FPS 2910.

average episode rewards is -112.25215196609497

 Scenario simple_spread Algo ua_rep_mappo Exp b2_calibrated_v4 updates 6180/6250 episodes, total num timesteps 19779200/20000000, FPS 2910.

average episode rewards is -112.2449517250061

 Scenario simple_spread Algo ua_rep_mappo Exp b2_calibrated_v4 updates 6185/6250 episodes, total num timesteps 19795200/20000000, FPS 2910.

average episode rewards is -111.43051385879517

 Scenario simple_spread Algo ua_rep_mappo Exp b2_calibrated_v4 updates 6190/6250 episodes, total num timesteps 19811200/20000000, FPS 2910.

average episode rewards is -114.19620513916016

 Scenario simple_spread Algo ua_rep_mappo Exp b2_calibrated_v4 updates 6195/6250 episodes, total num timesteps 19827200/20000000, FPS 2910.

average episode rewards is -111.53038740158081

 Scenario simple_spread Algo ua_rep_mappo Exp b2_calibrated_v4 updates 6200/6250 episodes, total num timesteps 19843200/20000000, FPS 2909.

average episode rewards is -112.34222650527954

 Scenario simple_spread Algo ua_rep_mappo Exp b2_calibrated_v4 updates 6205/6250 episodes, total num timesteps 19859200/20000000, FPS 2909.

average episode rewards is -111.27158403396606

 Scenario simple_spread Algo ua_rep_mappo Exp b2_calibrated_v4 updates 6210/6250 episodes, total num timesteps 19875200/20000000, FPS 2909.

average episode rewards is -110.8713150024414

 Scenario simple_spread Algo ua_rep_mappo Exp b2_calibrated_v4 updates 6215/6250 episodes, total num timesteps 19891200/20000000, FPS 2909.

average episode rewards is -111.55909299850464

 Scenario simple_spread Algo ua_rep_mappo Exp b2_calibrated_v4 updates 6220/6250 episodes, total num timesteps 19907200/20000000, FPS 2909.

average episode rewards is -110.57881116867065

 Scenario simple_spread Algo ua_rep_mappo Exp b2_calibrated_v4 updates 6225/6250 episodes, total num timesteps 19923200/20000000, FPS 2909.

average episode rewards is -110.5066180229187

 Scenario simple_spread Algo ua_rep_mappo Exp b2_calibrated_v4 updates 6230/6250 episodes, total num timesteps 19939200/20000000, FPS 2909.

average episode rewards is -111.30179166793823

 Scenario simple_spread Algo ua_rep_mappo Exp b2_calibrated_v4 updates 6235/6250 episodes, total num timesteps 19955200/20000000, FPS 2909.

average episode rewards is -111.4997386932373

 Scenario simple_spread Algo ua_rep_mappo Exp b2_calibrated_v4 updates 6240/6250 episodes, total num timesteps 19971200/20000000, FPS 2909.

average episode rewards is -111.03407144546509

 Scenario simple_spread Algo ua_rep_mappo Exp b2_calibrated_v4 updates 6245/6250 episodes, total num timesteps 19987200/20000000, FPS 2909.

average episode rewards is -111.74681186676025

 Scenario simple_spread Algo ua_rep_mappo Exp b2_calibrated_v4 updates 6249/6250 episodes, total num timesteps 20000000/20000000, FPS 2909.

average episode rewards is -111.32317781448364
